tree
version=v3
num_class=1
num_tree_per_iteration=1
label_index=0
max_feature_idx=73
objective=binary sigmoid:1
feature_names=Column_0 Column_1 Column_2 Column_3 Column_4 Column_5 Column_6 Column_7 Column_8 Column_9 Column_10 Column_11 Column_12 Column_13 Column_14 Column_15 Column_16 Column_17 Column_18 Column_19 Column_20 Column_21 Column_22 Column_23 Column_24 Column_25 Column_26 Column_27 Column_28 Column_29 Column_30 Column_31 Column_32 Column_33 Column_34 Column_35 Column_36 Column_37 Column_38 Column_39 Column_40 Column_41 Column_42 Column_43 Column_44 Column_45 Column_46 Column_47 Column_48 Column_49 Column_50 Column_51 Column_52 Column_53 Column_54 Column_55 Column_56 Column_57 Column_58 Column_59 Column_60 Column_61 Column_62 Column_63 Column_64 Column_65 Column_66 Column_67 Column_68 Column_69 Column_70 Column_71 Column_72 Column_73
feature_infos=[89:493336] [0:212] [0:0.98339998722076416] [0:62] [-3.1501998901367188:218.52330017089844] [0:1] [0:1] [0:1] [0:1] [0:1] [0:1] [0:1] [0:1] [0:1] [0:1] [0:1] [0:1] [0:1] [0:1] [0:1] [0:1] [0:1] none none [0:1] [0:1] [0:1] [0:1] [0:44] [0:26] [0:3369] [0:143] [0:57] [0:6081] [0:7186] [0:159] [0:159] [0:3517] [0:1] [0:37] [0:15] [0:19] [0:8] [0:75] [0:12] [0:22] [0:5] [0:12] [0:154] [0:159] [0:159] [0:6081] [0:13.157895088195801] [0.5:1] [0:1.364472508430481] [0:1] [0:1] [0:46] [0:28] [0:3268.39990234375] [0:1] [0:1] [0:1] [0:1] [0:1] [1:59] [0:73] [0:24] [0:5] [0:62] [0:16] [0:40] [0:27] [0:24]
tree_sizes=4122 2907 4674 4104 3025 4327 4369 3599 2824 4001 3029 3241 3918 3346 2833 2636 1836 3028 2750 2405 3533 2963 2307 2162 2504 1882 2093 4074 2727 2951 2731 2749 2316 2970 2414 3805 2105 2666 1751 2430 2884 2779 2442 1693 2239 2428 2118 2063 1665 1563 1453 2023 2006 2115 1589 350 355

Tree=0
num_leaves=38
num_cat=0
split_feature=37 58 55 37 63 71 39 37 55 72 29 0 36 62 39 2 55 55 55 37 0 31 0 59 0 0 0 0 0 0 0 0 1 33 0 2 0
split_gain=5.20155e+07 1.8711e+06 270891 244405 424628 206989 116626 104045 260825 95142.4 51416.2 23981.8 88164 21853.7 84054.7 22707.8 8116.66 3919.06 22502.4 3435.66 46026 16103.9 2.27374e-13 2.27374e-13 3.55271e-15 3.55271e-15 3.55271e-15 3.55271e-15 1.77636e-15 8.88178e-16 8.88178e-16 8.88178e-16 8.88178e-16 8.88178e-16 4.44089e-16 1.11022e-16 5.55112e-17
threshold=990.50000000000011 3.5000000000000004 0.93621218204498302 909.50000000000011 1.0000000180025095e-35 11.500000000000002 4.5000000000000009 1229.5000000000002 0.96288263797760021 6.5000000000000009 2.5000000000000004 56220.500000000007 54.500000000000007 1.0000000180025095e-35 1.0000000180025095e-35 0.88314998149871837 0.95722848176956188 0.97228592634201061 0.97008073329925548 807.50000000000011 6398.5000000000009 3.5000000000000004 201508.00000000003 131.25000000000003 19530.500000000004 100323.50000000001 12363.500000000002 169826.50000000003 73705.500000000015 67080.500000000015 57565.000000000007 73705.500000000015 88.500000000000014 1273.5000000000002 169826.50000000003 0.97055000066757213 85156.000000000015
decision_type=2 2 2 2 2 2 2 2 2 2 2 2 2 2 2 2 2 2 2 2 2 2 2 2 2 2 2 2 2 2 2 2 2 2 2 2 2
left_child=3 6 10 13 25 17 24 8 31 -10 29 16 -13 19 15 36 -9 18 -6 22 21 -21 23 -1 33 26 -5 -22 -16 30 -3 -4 -24 -2 -27 -30 -15
right_child=1 2 7 4 5 -7 -8 11 9 -11 -12 12 -14 14 28 -17 -18 -19 -20 20 27 -23 32 -25 -26 34 -28 -29 35 -31 -32 -33 -34 -35 -36 -37 -38
leaf_value=-5.6421923487450654 -5.6421923487450654 -5.6421923487450654 -5.6421923487450654 -5.6421923487450654 -5.6421923487450645 -5.6421923487450654 18.734294112490687 18.195488251588259 18.945723520438218 -5.6421923487450654 18.734294112490669 -5.6421923487450654 18.586398714344028 -5.6421923487450654 -5.6421923487450654 19.626218918954056 19.986969651232084 19.929901793749554 19.921598203854039 -5.6421923487450645 -5.6421923487450654 20.071892735305102 -5.6421923487450654 -5.6421923487450654 -5.6421923487450654 -5.6421923487450654 -5.6421923487450654 -5.6421923487450654 -5.6421923487450654 -5.6421923487450654 -5.6421923487450654 -5.6421923487450654 -5.6421923487450645 -5.6421923487450645 -5.6421923487450654 -5.6421923487450645 -5.6421923487450645
leaf_weight=1449.9718759923708 5.9461575348395881 4.5655912007205179 5.1955961193889371 4.4878128156997326 0.41611435986124279 4.378923076670616 2.0933036012575021 25.687425425741822 36.317810562672094 1.6450128431897599 1.0466518006287513 1.6722352779470409 14.742570351576431 0.35389165184460525 8.3183982779737526 2.0194141354877502 1635.5976966603193 11.972594800638033 1.9960806199815122 0.32278029783629125 16.870131711009893 0.99220693111419678 5.600043721497058 130.07268218952231 25.429642982548103 3.0372459350619461 23.380182537250221 0.54055977589450677 0.85167331597767848 0.14777893153950561 0.28000218607485283 0.18666812404990185 0.077778385020792373 0.081667304271831997 0.29944678233005095 0.12055649678222835 0.077778385020792484
leaf_count=372847 1529 1174 1336 1154 107 1126 30 506 444 423 15 430 233 91 2139 11 3032 29 5 83 4338 1 1440 33447 6539 781 6012 139 219 38 72 48 20 21 77 31 20
internal_value=-5.5418 19.2681 19.7225 -5.38187 1.50616 13.3941 -4.12129 19.7967 14.9594 17.8803 -1.41809 19.9217 16.1181 -5.59483 -1.29637 15.1761 19.9593 19.189 15.5117 -5.62629 -4.27969 13.76 -5.64219 -5.64219 -5.64219 -5.64219 -5.64219 -5.64219 -5.64219 -5.64219 -5.64219 -5.64219 -5.64219 -5.64219 -5.64219 -5.64219 -5.64219
internal_weight=0 1760.64 1727.09 1666.16 49.9684 18.7637 33.5508 1721.05 43.3451 37.9628 6.04002 1677.7 16.4148 1616.19 11.7417 2.45108 1661.29 14.3848 2.41219 1604.45 18.7257 1.31499 1585.72 1580.04 31.4575 31.2047 27.868 17.4107 9.29063 4.99337 4.84559 5.38226 5.67782 6.02782 3.33669 0.97223 0.43167
internal_count=439987 15870 7751 424117 9291 1267 8119 6452 2251 867 1299 4201 663 414826 2511 122 3538 141 112 412315 4561 84 407754 406294 8089 8024 7166 4477 2389 1284 1246 1384 1460 1550 858 250 111
is_linear=0
shrinkage=1


Tree=1
num_leaves=26
num_cat=0
split_feature=50 53 37 37 57 53 37 63 55 0 34 57 55 0 59 35 37 72 39 71 37 39 71 0 0
split_gain=465479 2.76966e+06 6.43725e+06 274291 4.71385e+06 2.45032e+07 123101 994380 1.05359e+07 2.04557e+07 2.99924e+06 49394.6 208651 21654.8 23881.9 12604.4 51230.3 243016 3816.98 59855.9 3319.94 391.691 197.891 77.5141 5.55112e-17
threshold=57.500000000000007 0.60349929332733165 944.50000000000011 1820.0000000000002 6.5000000000000009 0.63658976554870617 1229.5000000000002 1.0000000180025095e-35 0.98542872071266185 105892.00000000001 274.50000000000006 3.5000000000000004 0.93621218204498302 13200.500000000002 1135.799987792969 32.500000000000007 990.50000000000011 6.5000000000000009 9.5000000000000018 8.5000000000000018 1064.5000000000002 2.5000000000000004 11.500000000000002 48334.500000000007 80206.000000000015
decision_type=2 2 2 2 2 2 2 2 2 2 2 2 2 2 2 2 2 2 2 2 2 2 2 2 2
left_child=3 -2 -3 6 13 -6 15 11 10 -10 -9 21 -13 14 -5 18 22 -18 20 -20 -1 -8 -17 -15 -25
right_child=1 2 -4 4 5 -7 7 8 9 -11 -12 12 -14 23 -16 16 17 -19 19 -21 -22 -23 -24 24 -26
leaf_value=-0.10359123987376495 -7.5762450173567517 -0.10035450911892044 -5228.5228078493446 -164.74634508801205 -0.10035450911892899 -9073.8679993800615 -0.10035450911893451 -1154.4821848206873 -9103.7836203941151 -0.10035450911892044 -45.167157612277634 -0.49309736685252353 -82.97699418267571 -4.4701324336237063 -12.272155618627782 -4.2780601525145405 -167.78596476625773 -0.10035450911893445 25.437812851186063 -0.17093428947629441 -1.7883979373473129 -5.0408849818869435 -0.10035450911893465 -0.10035450911893432 -0.10035450911893354
leaf_weight=1482.9768268933715 0.066881663857198403 0.0070401709526777267 0.0035383515121369946 0.017613531895949719 0.017600427381694317 0.0035817522552634698 17.860913706943421 0.024775141536218626 0.0038006533025732869 0.0070401709526777267 1.49999352261839 1.5277171405791587 0.38370278655085233 0.045768574198947753 0.024647027417133316 0.11968291726805835 0.10913278753638822 0.41537008620798588 0.97554741912923582 14.168349192194942 11.788793112106985 0.16192585492033629 2.1542923115193844 0.27104658167809248 0.088002136908471584
leaf_count=421354 24 2 196 38 5 418 5074 492 869 2 1904 440 447 29 12 39 220 118 32 4039 3565 55 612 77 25
internal_value=0 -245.388 -1748.93 -0.243375 -76.7671 -1534.41 -0.220019 -7.73896 -85.2781 -3191.73 -63.1918 -1.76583 -17.0511 -7.70528 -75.821 -0.113302 -6.81829 -34.9905 -0.100875 1.47874 -0.116879 -0.144743 -0.320234 -0.594401 -0.100355
internal_weight=0 0.0774602 0.0105785 1534.65 0.46826 0.0211822 1534.18 21.4699 1.53561 0.0108408 1.52477 19.9343 1.91142 0.447078 0.0422606 1512.71 2.79848 0.524503 1509.91 15.1439 1494.77 18.0228 2.27398 0.404817 0.359049
internal_count=440088 222 198 439866 604 423 439262 9283 3267 871 2396 6016 887 181 50 429979 989 338 428990 4071 424919 5129 651 131 102
is_linear=0
shrinkage=0.1


Tree=2
num_leaves=42
num_cat=0
split_feature=37 58 55 51 51 55 69 59 44 37 55 52 66 58 34 58 59 34 57 57 52 39 36 40 39 37 55 72 53 37 61 69 52 72 72 33 1 30 66 1 54
split_gain=1.02337e+10 7.23088e+11 3.69201e+13 3.74828e+10 7.95509e+11 3.86314e+08 1.37463e+09 1.37987e+08 3.57319e+08 3.19989e+07 1.65371e+09 1.01237e+10 9.19375e+09 3.54139e+07 3.415e+08 2.81194e+07 1.52569e+08 3.6235e+08 4.64433e+06 1.53608e+07 1.75472e+06 3.44656e+07 1.61057e+06 2.17385e+07 39064 18593.9 55194.6 127010 355.901 320.551 5589.44 101.871 70.5143 37.3786 29.0969 120.482 6.11297e-06 1.98714e-09 1.59328e-12 2.77556e-17 1.38778e-17
threshold=1354.5000000000002 7.5000000000000009 0.95890691876411449 183.50000000000003 146.50000000000003 0.95722848176956188 2.5000000000000004 873.75000000000011 1.5000000000000002 1229.5000000000002 0.97676479816436779 1.1529644131660464 32.500000000000007 7.5000000000000009 395.50000000000006 6.5000000000000009 1032.350036621094 715.50000000000011 8.5000000000000018 16.500000000000004 1.0260248780250552 3.5000000000000004 39.500000000000007 1.5000000000000002 6.5000000000000009 1064.5000000000002 0.96288263797760021 6.5000000000000009 0.54847925901412975 990.50000000000011 1.0000000180025095e-35 60.500000000000007 0.70642322301864635 2.5000000000000004 6.5000000000000009 263.50000000000006 28.500000000000004 201.50000000000003 14.500000000000002 19.500000000000004 0.98921427130699169
decision_type=2 2 2 2 2 2 2 2 2 2 2 2 2 2 2 2 2 2 2 2 2 2 2 2 2 2 2 2 2 2 2 2 2 2 2 2 2 2 2 2 2
left_child=9 3 7 4 5 33 -7 8 -3 22 13 -12 -13 32 -15 20 17 -17 39 -20 24 -22 25 -24 -5 29 28 -28 -27 31 -31 -1 -11 -2 35 -25 -34 -10 -36 -9 -16
right_child=1 2 -4 15 -6 6 -8 18 37 10 11 12 -14 14 40 16 -18 -19 19 -21 21 -23 23 34 -26 26 27 -29 -30 30 -32 -33 36 -35 38 -37 -38 -39 -40 -41 -42
leaf_value=-0.10373451682637982 -5.6289732722323063 39975.552918648442 10811835.93703752 -0.12032439737987675 1577350.9085318807 1321.6532512829458 54245.235817446504 -0.1002165162813497 -0.1002165162788281 -3.6928153187717521 -0.10032027797306307 256246.59957272036 16015.399665943462 29587.733165609228 -0.10021651627480831 35505.373901514708 -0.10021651628159285 -0.10021651628248363 -0.10025088898316177 8007.6497309410333 -0.18903123897517568 2388.0425659429202 2287.8282655084713 -7.9130237505693763 16.822136918503681 -6.9458013366210487 -104.13577227112008 -0.10013860072519334 -0.40524607251225275 -0.29065940369319537 -18.523510396466307 -2.1449422253964303 -0.10031030132597281 -0.10024193976325402 -0.10032007651821989 -0.10031993249617328 -0.099253893832776025 -0.10032065937151269 -0.10032065130974049 -0.1002165162814071 -0.10021651627749369
leaf_weight=1346.9706144866848 0.018087508097986052 0.0031861509661044451 0.003221098725081111 13.158580620089882 0.0033481669398882493 0.019302940484980612 0.0065810585537227099 0.053893821325575214 0.0043115057515134281 0.055670682371550817 0.038279358283500847 0.0031861412612718852 0.0031861250986405902 0.004311517661335292 0.032336293735575082 0.0043115086680775095 0.068984091283824406 0.0086230114130947597 0.0096533837626592567 0.00318612507544458 1.1272201835352218 0.063850157211530312 0.044605751056308374 0.025599030002382506 1.5178752105539395 0.087645818945954246 0.18551287890160484 0.31936511781532317 1.6384666818707563 5.2537415333966893 0.17369403497207425 0.244543906836724 2.88342999455711 0.037750738846517959 0.054264270877297349 0.086223849439534206 0.055836580288771365 0.0031861250754445791 0.43332391098215339 0.086230114108164196 0.0086230115668110494
leaf_count=424457 22 104 2578 4105 408 20 75 41 44 29 27 176 12 22 270 37 53 28 102 6 415 81 37 51 105 151 633 405 2581 1671 108 82 1009 38 20 47 57 4 143 100 54
internal_value=0 2528.91 209620 373.751 66575.8 4679.23 14777.6 934.118 11921.6 0.685039 322.389 19427.3 136131 41.7944 2817.8 20.6458 1868.61 11835.1 166.696 1987.02 11.1053 127.838 -0.0470886 158.055 1.63191 -0.12224 -9.24399 -38.3271 -0.737352 -0.107195 -0.874165 -0.104105 -0.167069 -1.89115 -0.433977 -1.88884 -0.10029 -0.100261 -0.100321 -0.100217 -0.100217
internal_weight=0 16.2014 0.166868 16.0345 0.0850704 0.0817222 0.025884 0.163647 0.0106838 1358.6 3.08486 0.0446516 0.00637227 3.04021 0.0452708 15.9494 0.0819186 0.0129345 0.152963 0.0128395 15.8675 1.19107 1355.52 0.644017 14.6765 1354.87 2.23099 0.504878 1.72611 1352.64 5.42744 1347.22 2.99494 0.0558382 0.599411 0.111823 2.93927 0.00749763 0.487588 0.140124 0.0409593
internal_count=440408 8366 2979 5387 563 155 95 401 152 432042 1656 215 188 1441 346 4824 118 65 249 108 4706 496 430386 298 4210 430088 3770 1038 2732 426318 1779 424539 1095 60 261 98 1066 48 163 141 324
is_linear=0
shrinkage=0.1


Tree=3
num_leaves=37
num_cat=0
split_feature=37 37 55 53 0 52 32 39 71 58 40 37 62 58 53 37 53 43 36 40 67 44 55 49 39 65 48 58 39 40 55 0 0 0 55 53
split_gain=982435 4.45057e+07 2.31617e+08 1.06902e+09 2.15522e+09 1.71912e+07 8.50211e+07 8.2072e+06 4.21641e+06 2.9367e+06 3.83336e+07 1.31822e+06 1.05023e+07 4.06453e+06 20269.2 1742.38 480.743 995.401 404.918 1138.68 273.719 1769.71 203.676 102.998 96.9325 232.878 63.1438 160.538 40.4281 20.2568 91.1193 17.4262 0.938672 3.33576e-08 1.94662e-09 3.99375e-13
threshold=1064.5000000000002 1103.5000000000002 0.97228592634201061 0.8097619116306306 21382.500000000004 1.5121223330497744 1.5000000000000002 8.5000000000000018 19.500000000000004 16.500000000000004 4.5000000000000009 1229.5000000000002 1.0000000180025095e-35 7.5000000000000009 0.66753023862838756 990.50000000000011 0.55891487002372753 1.0000000180025095e-35 41.500000000000007 5.5000000000000009 20.500000000000004 1.0000000180025095e-35 0.98431485891342174 31.500000000000004 22.500000000000004 41.500000000000007 26.500000000000004 11.500000000000002 9.5000000000000018 3.5000000000000004 0.94382458925247203 11850.500000000002 20752.500000000004 37584.500000000007 0.89965173602104198 0.7224249839782716
decision_type=2 2 2 2 2 2 2 2 2 2 2 2 2 2 2 2 2 2 2 2 2 2 2 2 2 2 2 2 2 2 2 2 2 2 2 2
left_child=15 2 8 7 -5 9 14 33 16 11 -11 12 -3 -13 -7 18 17 -2 20 -20 24 34 26 -18 28 -26 29 -28 -1 31 -31 -17 -24 -4 -22 -21
right_child=1 5 3 4 -6 6 -8 -9 -10 10 -12 13 -14 -15 -16 22 23 -19 19 35 21 -23 32 -25 25 -27 27 -29 -30 30 -32 -33 -34 -35 -36 -37
leaf_value=-0.10220067007385986 -0.1001873772519595 60.103711038231928 -0.10005363681972651 114288.86924396612 -0.10018926104174418 -0.10019877667537075 13425.506560708638 4015.8469671325606 1755.5277662115834 -11961.48064297263 -22.707877207018424 -1.3881106770787452 2218.7151376859761 -486.83443886507393 -191.41079167837765 -0.85201589311662929 -0.57790681816164835 -76.545697001114249 -17.26299757458645 -0.10028967375008875 -0.10026454413296022 -25.651671029207694 0.17229262819943938 -11.758029567645131 -8.3531164241615716 -0.10028496936572262 -0.10023732527329028 -7.9320416855281639 -0.29832471422054008 -0.35745482545103929 -4.1143172462025515 -0.20799925633599869 0.15871588557974767 -0.10029007139709199 -0.10024333185160444 -0.10029004283488703
leaf_weight=1202.5858595616187 0.0048821066880780908 1.2514341547279251 0.0091081290738657117 0.0026788614923134437 0.0042961052386090159 0.01885784954072655 0.0056713325491760799 0.0063032932812347999 0.014532517762518182 0.0028842824976881279 0.039809614255887027 15.632306912945689 0.022952513420022913 0.17439970444006014 0.007840652978650324 0.44356842462431956 0.20927835357247204 0.0026160047804069109 0.052434196900093322 0.040425340617389338 0.13913635921198686 0.031309433257548314 249.0323699224457 0.008577928994782269 0.048468224980978358 0.11608035047538579 0.082636265782639495 0.038305372775096158 10.603119657445403 0.474086846950175 0.074736880812668272 7.9596881957777628 64.014092511423883 0.017304128967225552 0.062783133471384645 0.10670031906954591
leaf_count=419846 46 3098 51 43 12 32 38 8 29 441 39 6516 53 2960 39 90 474 9 31 21 79 26 14 37 21 41 38 26 3983 67 54 1346 167 51 48 38
internal_value=0 23.8209 1275.37 8351.47 43894.6 3.42567 2305.78 773.651 104.59 -0.926577 -829.259 1.14382 98.9817 -6.74417 -56.2831 -0.0507741 -1.87498 -26.7711 -0.105643 -4.60978 -0.104902 -3.53037 0.155979 -1.01812 -0.104244 -2.53118 -0.3111 -2.58077 -0.103915 -0.280437 -0.869051 -0.241994 0.169516 -0.100209 -0.100258 -0.10029
internal_weight=0 17.4357 0.279577 0.0396905 0.00697497 17.1562 0.0323698 0.0327156 0.239887 17.1238 0.0426939 17.0811 1.27439 15.8067 0.0266985 1535.91 0.225354 0.00749811 1213.79 0.19956 1213.59 0.233229 322.119 0.217856 1213.35 0.164549 9.07302 0.120942 1213.19 8.95208 0.548824 8.40326 313.046 0.0264123 0.201919 0.147126
internal_count=439912 13976 760 165 55 13216 109 110 595 13107 480 12627 3151 9476 71 425936 566 55 424134 90 424044 153 1802 511 423891 62 1621 64 423829 1557 121 1436 181 102 127 59
is_linear=0
shrinkage=0.1


Tree=4
num_leaves=27
num_cat=0
split_feature=50 35 50 58 53 33 30 52 52 35 0 0 58 62 53 42 61 42 58 51 59 32 33 0 41 65
split_gain=568965 3.66173e+06 4.8724e+06 498676 2.25534e+06 4.92929e+06 311295 848484 1.34008e+06 247253 9.26571e+06 5.08267e+07 234878 6.18519e+06 1.58907e+07 179914 104818 2.46935e+06 74513.9 302315 28560 8133.91 357.257 321.411 5.8169e-07 5.90639e-14
threshold=51.500000000000007 60.500000000000007 56.500000000000007 19.500000000000004 0.82156699895858776 157.50000000000003 64.500000000000014 0.99908462166786205 1.0365799069404604 38.500000000000007 45269.500000000007 44239.500000000007 15.500000000000002 1.0000000180025095e-35 0.8263767957687379 1.5000000000000002 1.0000000180025095e-35 1.5000000000000002 13.500000000000002 991.50000000000011 1110.2500000000002 5.5000000000000009 532.50000000000011 91117.000000000015 5.5000000000000009 29.500000000000004
decision_type=2 2 2 2 2 2 2 2 2 2 2 2 2 2 2 2 2 2 2 2 2 2 2 2 2 2
left_child=3 6 -3 9 23 -6 7 -2 -9 12 11 -11 18 15 -15 -14 21 -18 20 -20 -1 -12 24 -5 25 -8
right_child=1 2 -4 4 5 -7 22 8 -10 10 16 -13 13 14 -16 -17 17 -19 19 -21 -22 -23 -24 -25 -26 -27
leaf_value=-0.17001959466519062 -0.1000708886960783 -91.800978759093255 -5879.2330059594406 -12.765889028906635 -108.92990422912168 3102.8600789108541 -0.10007065069394863 -0.10007094469904994 -4468.0080479573326 -17030.539296717408 -64.68125686281644 -99.585024684829079 -239.73078176451318 -3.9424558908247329 4595.408462006023 -0.10023257941496776 -1332.4676892418411 -9.8395329013495179 -7.0135652990769763 -126.03371470153269 6.425872174472282 -0.54618884166016224 -16.437724805089086 -0.10022340310919682 -0.10077656954327466 -0.10007094326206763
leaf_weight=1397.0612905565511 0.0063813190399327124 0.0032715106499381368 0.0026194339657201874 0.031581457652520822 0.011945268139243117 0.0079645535285947453 0.010580096219791071 0.001416943501681089 0.0012757077353940049 0.0020786310611308209 0.02012974370865106 0.012062140507623553 0.032967416754756007 0.026026384206488729 0.010559742106124759 0.63140598283453742 0.014710656445715398 0.3491019712354016 5.0940459302722605 0.22274397577542693 6.5956405847532542 1.120884752417612 0.018362669457815173 0.054804277373889487 0.018958782311529372 0.019837611092325076
leaf_count=429159 10 5 198 23 32 17 17 2 75 912 36 24 118 14 57 299 343 212 2199 341 3562 1361 17 32 6 35
internal_value=0 -262.478 -2665.21 -0.182128 216.406 1175.89 -78.2086 -628.242 -2116.88 -0.198442 -40.5223 -2588.36 -0.154992 57.7168 1323.55 -11.9911 -16.5804 -63.3196 -0.183783 -11.9998 -0.139026 -1.67766 -4.52906 -4.73062 -0.100342 -0.100071
internal_weight=0 0.0827041 0.00589094 1411.3 0.106296 0.0199098 0.0768131 0.00907397 0.00269265 1411.19 1.51897 0.0141408 1409.67 0.70096 0.0365861 0.664373 1.50483 0.363813 1408.97 5.31679 1403.66 1.14101 0.0677392 0.0863857 0.0493765 0.0304177
internal_count=439106 365 203 438741 104 49 162 87 77 438637 2888 936 435749 488 71 417 1952 555 435261 2540 432721 1397 75 55 58 52
is_linear=0
shrinkage=0.1


Tree=5
num_leaves=39
num_cat=0
split_feature=36 0 55 52 52 46 58 58 37 0 0 0 55 52 30 58 59 65 39 43 37 37 33 57 55 58 55 1 66 36 59 0 36 66 59 66 59 2
split_gain=3.08896e+06 4.62697e+08 1.8158e+09 2.17399e+07 5.86598e+06 1.86872e+07 4.03996e+06 2.85751e+07 509856 3.53613e+07 2.08173e+08 3.30143e+08 569796 9.87423e+06 1.57158e+07 362616 3.17114e+06 4.35697e+06 277062 1.14297e+06 259638 2.14635e+07 2.89738e+09 867871 142413 72409.5 102826 28526.8 26258.2 2247.66 2206.8 3683.55 2085.26 1267.64 6252.13 149.499 110.815 37.4599
threshold=39.500000000000007 47131.500000000007 0.98926669359207164 0.91727396845817577 1.2365539073944094 1.0000000180025095e-35 10.500000000000002 19.500000000000004 1686.5000000000002 13977.500000000002 11164.500000000002 8029.5000000000009 0.96635770797729503 1.1146858930587771 131.50000000000003 16.500000000000004 465.75000000000006 35.500000000000007 1.5000000000000002 20.500000000000004 1103.5000000000002 1229.5000000000002 62.500000000000007 7.5000000000000009 0.97676479816436779 13.500000000000002 0.98542872071266185 4.5000000000000009 4.5000000000000009 29.500000000000004 1078.3499755859377 97765.500000000015 21.500000000000004 14.500000000000002 1135.799987792969 18.500000000000004 85.149997711181655 0.96345001459121715
decision_type=2 2 2 2 2 2 2 2 2 2 2 2 2 2 2 2 2 2 2 2 2 2 2 2 2 2 2 2 2 2 2 2 2 2 2 2 2 2
left_child=8 2 3 -2 6 -6 18 -8 15 10 11 -10 33 29 -15 20 17 -17 36 -20 25 22 -22 -23 -7 32 -27 -12 -29 -14 37 -32 -1 34 -11 -35 -3 -18
right_child=1 4 -4 -5 5 24 7 -9 9 12 27 -13 13 14 -16 16 30 -19 19 -21 21 23 -24 -25 -26 26 -28 28 -30 -31 31 -33 -34 35 -36 -37 -38 -39
leaf_value=-0.16709748736138944 -0.10004108691985202 -0.10004258494246715 137239.21516757278 -16804.57104937335 10122.611408658651 -101.39173176793088 -14665.131730766116 -270.22094416657143 -253.13000153915178 -44.881850591115089 -0.10005985959482254 56644.696929209102 -0.10005813962079953 -15317.687423710093 -0.10005588408639654 -96.539317747334209 -0.10021596863832918 3215.0788062420252 -2042.511295859319 -19.940732641848509 252.25989558741213 -0.73485086291753854 -133553.48127338284 -157.81784098135918 -1142.1757506288704 -1.3441730888517227 68.794359819155687 -0.10005833439743461 -382.16544419898963 -55.355060989965516 -74.213217415577546 -0.10018718975558215 0.13279471733923268 -3.2737812724029127 -1.2453991848229862 -0.1294264885481696 -11.375466568282718 -4.8514196767414788
leaf_weight=1543.199842598221 0.0020527919696889932 0.50678485520188832 0.0012044351315125823 0.0012318150324261978 0.0023623801678431793 0.0029617481183766606 0.0015206240695273343 0.014808224190561067 0.0023712616931387777 0.04019489471387816 0.015543670509941876 0.0017893042655359459 0.039485851122208149 0.0011163637973368159 0.0016745456960052252 0.0082953900565194139 0.078435112107348617 0.0076243634684942654 0.0034273207965902107 0.015120524966534415 0.1490891147723189 23.62728476139565 0.0016360499298746492 0.35703476706342385 0.0023641168803513429 0.48232744108713532 0.36887837825884162 0.0029098642407916486 0.0047112353418871404 0.0090489541935312445 0.012143611536507597 0.014977348391955695 272.85806124238593 0.19064930376970424 0.17930586824056149 0.73089853362959201 0.0088688443647697568 0.021047246922473395
leaf_count=422062 10 1224 611 312 29 55 392 51 10 103 26 51 75 243 3 16 55 28 114 15 159 4847 2941 1863 72 2205 13 5 39 31 34 12 1830 37 10 63 41 29
internal_value=0 234.142 32210.7 -6302.22 -23.0056 2720.12 -61.3138 -1610.75 -0.190079 64.4428 3621.26 24216.5 -17.0678 -343.008 -6127.14 -0.232895 159.268 1489.48 -13.9525 -393.677 -0.245242 -10.549 -1200.14 -3.07322 -563.389 -0.108372 29.051 -77.8043 -236.286 -10.4019 -7.99889 -33.2848 -0.122039 -2.40662 -9.23609 -0.779929 -0.293971 -1.10542
internal_weight=0 0.562708 0.00448904 0.00328461 0.558219 0.00768825 0.55053 0.0163288 1842.41 1.2197 0.0273253 0.00416057 1.19237 0.0513257 0.00279091 1841.19 0.142523 0.0159198 0.534202 0.0185478 1841.04 24.135 0.150725 23.9843 0.00532586 1816.91 0.851206 0.0231648 0.0076211 0.0485348 0.126603 0.027121 1816.06 1.14105 0.219501 0.921548 0.515654 0.0994824
internal_count=439716 2926 933 322 1993 156 1837 443 436790 696 131 61 565 352 246 436094 174 44 1394 129 435920 9810 3100 6710 127 426110 2218 70 44 106 130 46 423892 213 113 100 1265 84
is_linear=0
shrinkage=0.1


Tree=6
num_leaves=39
num_cat=0
split_feature=37 71 52 53 55 52 36 59 41 37 53 1 37 34 51 55 57 37 55 53 52 34 34 34 1 55 52 58 42 36 67 55 1 50 52 36 52 55
split_gain=2.70839e+06 1.29046e+08 1.02865e+09 2.73339e+09 3.82727e+06 8.37927e+07 757993 7.52337e+07 1.04738e+08 236678 1.79031e+06 2.94726e+06 143887 2.49042e+06 4.92286e+07 446529 5.23879e+07 265150 1.53657e+07 1.51775e+09 124332 198898 51038.8 29794.8 19011.6 6408.32 16095.5 4955.12 125081 1814.19 758.607 284.786 2.66733e-10 9.95157e-11 6.67204e-11 5.46842e-11 1.0572e-11 1.48839e-14
threshold=1686.5000000000002 11.500000000000002 0.95841738581657421 0.70385184884071361 0.97676479816436779 1.0552614331245425 38.500000000000007 94.250000000000014 4.5000000000000009 1820.0000000000002 0.60049262642860424 52.500000000000007 1354.5000000000002 220.50000000000003 409.50000000000006 0.95890691876411449 1.5000000000000002 1103.5000000000002 0.94524410367012035 0.67612341046333324 0.97314855456352245 272.50000000000006 807.50000000000011 900.50000000000011 20.500000000000004 0.94168561697006237 1.0106704235076907 13.500000000000002 1.5000000000000002 21.500000000000004 2.5000000000000004 0.98788726329803478 51.500000000000007 50.500000000000007 0.9036833941936494 40.500000000000007 1.0260248780250552 0.92988014221191417
decision_type=2 2 2 2 2 2 2 2 2 2 2 2 2 2 2 2 2 2 2 2 2 2 2 2 2 2 2 2 2 2 2 2 2 2 2 2 2 2
left_child=6 2 24 -4 9 20 12 33 -9 25 32 -12 17 14 -14 22 -17 27 23 -20 31 -22 -15 -19 -2 30 -27 29 -29 -1 -3 -6 -11 35 -26 -8 -37 -16
right_child=1 4 3 -5 5 -7 7 8 -10 10 11 -13 13 15 37 16 -18 18 19 -21 21 -23 -24 -25 34 26 -28 28 -30 -31 -32 -33 -34 -35 -36 36 -38 -39
leaf_value=-0.16368106047572828 -213.98598073689661 -8.6456514574489756 -537.37034958441984 192923.29283798323 -0.10004154464861846 -24088.17727711147 -0.10002885063161678 -35709.607203781619 -434.21243093750809 -0.1000371728107117 -5673.7058464496267 -43.193771777146566 -21400.307112681781 -46.208270673721103 -0.10002870962897846 -2.5239566940214826 -13061.753666825683 -0.66762879314702805 -11.526827095006924 93444.133858069777 -0.1000530093215108 -1205.7165327940731 -1.6734084275985783 -51.567668641111766 -0.10003717280921461 -7.091823734699374 -131.64767199502461 -758.59825781027894 -7.456881346662442 0.12028675106994835 -0.32287041358135116 -20.865900930694476 -0.10005807599764115 -0.10004703240881981 -0.10004870229115624 -0.10003717280845448 -0.10003470458564392 -0.10002854196825922
leaf_weight=1420.3232764420959 0.0051429281333749436 0.13962713192956744 0.0024196386407597482 0.0010460605262778699 0.021012800047174096 0.0015152724585147928 0.0083729426259973039 0.0014169895964097055 0.0020731963736269348 0.017832088284194469 0.0015510418452322474 0.0023205240722745657 0.0011308301786260291 0.27322389749533904 0.012622973881661892 0.33004279207671056 0.0031006793718839068 8.3425704547998016 0.16654866421701262 0.0017560832363273928 0.0031740656122565261 0.002405408387346597 4.4253661997600053 0.1166091136401527 0.013745568605372682 0.042907528496710312 0.013683257577213226 0.0022412710241819503 0.20389357138234429 267.32477234842372 0.50784523524234471 0.0096311918700848764 0.0092820957070216537 0.0098420734750758743 0.007906248327344656 0.30983255279560851 0.018383139713062491 0.0091232279082760215
leaf_count=422193 36 124 26 59 61 455 38 1410 65 49 133 5 410 1281 44 1164 1241 1974 270 2080 6 41 879 228 42 120 79 565 1698 1803 50 38 16 27 22 853 58 33
internal_value=0 183.579 6589.68 57855.3 -67.2677 -1049.42 -0.111672 -147.276 -14755.8 -16.8423 -287.329 -2298.91 -0.0814078 -16.9284 -1057.93 -12.1954 -124.071 -0.0312129 17.455 963.585 -85.6799 -519.862 -4.26312 -1.36928 -41.1529 -4.93819 -37.2086 -0.120594 -15.6239 -0.1187 -2.11767 -6.62661 -0.100044 -0.100037 -0.100041 -0.100037 -0.100037 -0.100029
internal_weight=0 0.803048 0.0302604 0.0034657 0.772788 0.0377387 1701.89 0.349921 0.00349019 0.735049 0.0309857 0.00387157 1701.54 5.05461 0.022877 5.03173 0.333143 1696.48 8.62748 0.168305 0.0362235 0.00557947 4.69859 8.45918 0.0267947 0.704063 0.0565908 1687.85 0.206135 1687.65 0.647472 0.030644 0.0271142 0.346431 0.0216518 0.336589 0.328216 0.0217462
internal_count=439676 1362 185 85 1177 601 438314 2451 1475 576 203 138 435863 5052 487 4565 2405 430811 4552 2350 146 47 2160 2202 100 373 199 426259 2263 423996 174 99 65 976 64 949 911 77
is_linear=0
shrinkage=0.1


Tree=7
num_leaves=32
num_cat=0
split_feature=54 37 0 36 61 37 59 47 37 0 66 0 54 35 37 36 59 66 37 55 57 52 39 42 46 0 55 37 59 35 33
split_gain=1.7555e+06 2.1764e+07 1.24166e+08 1.68386e+06 3.75447e+07 1.53401e+08 764392 1.55532e+06 200104 6.03268e+07 1.46705e+08 798512 2.04005e+06 242789 75541.9 1.33902e+07 6.67372e+07 4.94201e+06 648419 2.38015e+07 30321.2 7473.74 7268.73 15131 6649.57 950.327 81.2405 4.54438 0.463888 3.29462e-10 2.00534e-15
threshold=1.000961482524872 1103.5000000000002 8766.5000000000018 37.500000000000007 1.0000000180025095e-35 1021.5000000000001 923.95001220703136 5.5000000000000009 1553.5000000000002 16061.500000000002 18.500000000000004 20026.500000000004 0.9940023422241212 24.500000000000004 1392.5000000000002 22.500000000000004 82.450000762939467 7.5000000000000009 1354.5000000000002 0.9401850998401643 16.500000000000004 1.101890563964844 3.5000000000000004 1.5000000000000002 1.0000000180025095e-35 50090.000000000007 0.96941384673118602 1021.5000000000001 1135.799987792969 15.500000000000002 351.50000000000006
decision_type=2 2 2 2 2 2 2 2 2 2 2 2 2 2 2 2 2 2 2 2 2 2 2 2 2 2 2 2 2 2 2
left_child=3 26 21 8 6 24 22 -8 14 10 -10 12 -11 -13 18 17 -17 -16 20 -20 -1 -3 25 -24 -6 -5 27 28 29 -2 -26
right_child=1 2 -4 4 5 -7 7 -9 9 11 -12 13 -14 -15 15 16 -18 -19 19 -21 -22 -23 23 -25 30 -27 -28 -29 -30 -31 -32
leaf_value=-0.081883445864312024 -0.10015761514467753 -0.10734408445003654 7608.017855519518 -32.592402779270934 -177.41683859456495 -26064.159974255577 -3824.6642547037318 -0.10016000096927331 44046.796645351104 -5114.0537153719197 -454.71431370016899 -5.149561717459509 -66.990682607077801 -420.27145669850535 2250.3254538665637 -0.10000239166213615 -27559.838612709947 -22.605001493738929 -11.607303598560469 7379.9542573947811 14.451529016590833 -48.137052293649901 -283.80677333749549 -0.10028357653889522 -0.10028347328425305 -0.10003619378551615 -4.4367117844329869 -0.64221804603009813 -0.21541624311744331 -0.10016735324072322 -0.10028357653889522
leaf_weight=1634.4756360024201 1.1358994034816501 0.065050476012402103 0.025513468948631157 0.009232935499243089 0.00281981566779813 0.0028353219291794443 0.0015949530061334363 0.0031899060122668743 0.0010676663287135226 0.0010950429605784953 0.0024196329015921947 0.47685853305831921 0.002981232894171626 0.01451788328935899 0.0096932488232810421 0.0052346684260555568 0.0010558880986266872 0.72881251344306752 0.14776876767677904 0.0044887727435707339 1.4367888722674695 0.064543463493464515 0.0028198156505823135 0.0056396313011646271 0.0028208431240800795 0.35895596660699741 0.046119719161651918 0.19711388985899692 0.49743923544883717 0.03583839389130461 0.0056396313011646271
leaf_count=429343 723 16 196 109 12 1565 79 5 165 206 37 548 5 705 210 269 869 1174 552 706 657 46 48 24 212 1295 35 29 2 26 21
internal_value=0 92.1091 1231.36 -0.0949456 -206.396 -5270.86 -18.9762 -1274.95 -0.0451065 63.2744 13169.8 -28.9773 -1422.82 -17.4145 -0.0644079 -31.9047 -4626.08 7.22832 -0.049913 206.307 -0.069119 -24.0282 -3.02054 -94.6691 -44.4254 -0.914835 -0.290589 -0.18813 -0.134507 -0.100158 -0.100284
internal_weight=0 2.06752 0.155107 1637.7 0.395549 0.0141156 0.381433 0.00478486 1637.31 0.49894 0.0034873 0.495453 0.00407628 0.491376 1636.81 0.744796 0.00629056 0.738506 1636.06 0.152258 1635.91 0.129594 0.376648 0.00845945 0.0112803 0.368189 1.91241 1.86629 1.66918 1.17174 0.00846047
internal_count=439889 1073 258 438816 3370 1810 1560 84 435446 1666 202 1464 211 1253 433780 2522 1138 1384 431258 1258 430000 62 1476 72 245 1404 815 780 751 749 233
is_linear=0
shrinkage=0.1


Tree=8
num_leaves=25
num_cat=0
split_feature=37 53 39 59 37 37 65 65 59 32 54 1 53 0 35 37 34 34 37 59 37 37 50 50
split_gain=4.59427e+06 1.71644e+08 1.57393e+07 3.84797e+06 785269 2.16316e+08 1.82869e+07 3.90768e+07 2.23426e+06 3.47849e+06 331626 1.60189e+07 2.45425e+07 112152 54551.7 47426.4 2.07947e+06 379824 28307.6 914985 12856.4 6580.38 9.2334 2.80654e-10
threshold=1583.5000000000002 0.75069060921669017 5.5000000000000009 280.05000305175787 1392.5000000000002 1493.5000000000002 19.500000000000004 16.500000000000004 83.250000000000014 18.500000000000004 1.000961482524872 21.500000000000004 0.63176167011260997 50594.500000000007 37.500000000000007 1354.5000000000002 854.50000000000011 841.50000000000011 1229.5000000000002 1110.2500000000002 949.50000000000011 1064.5000000000002 9.5000000000000018 51.500000000000007
decision_type=2 2 2 2 2 2 2 2 2 2 2 2 2 2 2 2 2 2 2 2 2 2 2 2
left_child=4 2 3 13 10 -6 7 -7 14 -10 15 20 -13 -2 -8 18 17 -17 21 -20 22 -1 -12 -15
right_child=1 -3 -4 -5 5 6 8 -9 9 -11 11 12 -14 23 -16 16 -18 -19 19 -21 -22 -23 -24 -25
leaf_value=-0.10618373086888039 -814.87391409452721 -39204.002469825798 -11195.001171518648 -4210.3650094056684 -39113.410297060182 -1469.6812658879501 -396.07486576844025 22618.943055002583 -7188.5431966026699 -108.5926882920288 -0.13470095203456622 -4.782796965446237 5349.4629496161915 -0.1000302147908935 -0.10003049364730088 -250.28393394059236 359.01361512603285 -8.3570953976493989 -291.97590380895525 -1.1623584407904219 -46.447414550585876 2.3670425833578275 -1.1529989560371892 -0.10004752205191869
leaf_weight=1555.639201301989 0.00171826812895949 0.0011427433827111136 0.001295232526331346 0.0022326386169879689 0.0014186042129030454 0.0017011648847642105 0.0035355779578878357 0.001114710872144542 0.0011128974381571224 0.0018434426747262478 1.4252146304478452 0.021355408656745622 0.014289219213437232 0.090111765170697869 0.21798488694728274 0.12979127672205179 0.13131135172993835 0.12979045897910427 0.11066279867190942 4.840416429524339 0.062579350805529788 10.832710886401399 0.094979684114150476 0.010456721890921838
leaf_count=424144 319 1096 285 147 2485 42 439 21 350 11 676 17 28 767 815 1185 332 24 1458 200 91 3935 69 53
internal_value=0 -655.501 -239.197 -103.43 -0.0846257 -185.367 57.5952 8066.2 -42.8661 -2773.8 -0.0576934 45.1857 2141.63 -13.787 -6.41999 -0.104278 34.7236 -129.321 -0.112942 -7.6624 -2.02691 -0.0890805 -0.198323 -0.100032
internal_weight=0 0.106957 0.105815 0.104519 1573.66 0.228711 0.227293 0.00281588 0.224477 0.00295634 1573.43 1.61842 0.0356446 0.102287 0.22152 1571.81 0.390893 0.259582 1571.42 4.95108 1.58277 1566.47 1.52019 0.100568
internal_count=438989 2667 1571 1286 436322 4163 1678 63 1615 361 432159 881 45 1139 1254 431278 1541 1209 429737 1658 836 428079 745 820
is_linear=0
shrinkage=0.1


Tree=9
num_leaves=36
num_cat=0
split_feature=54 1 53 34 34 52 0 50 52 52 1 35 34 35 0 52 64 50 34 0 55 31 50 48 55 55 52 52 54 52 2 30 55 50 53
split_gain=1.80061e+06 2.46462e+07 1.11919e+08 1.33831e+07 8.59394e+07 3.5863e+08 1.29008e+06 621170 1.53195e+07 3.4191e+07 109402 3.81578e+07 1.1162e+08 71497.6 6.50541e+06 1.69156e+08 60760.2 36223.4 1.82042e+06 20739.2 9174.37 7402 11290.5 32753.5 4301.16 1679.39 23408 1428.84 119.298 560.189 28.1424 28.0801 1.84482e-08 1.70257e-10 1.22799e-10
threshold=1.000961482524872 15.500000000000002 0.8306388556957246 978.50000000000011 1135.5000000000002 1.1637741327285769 20209.500000000004 48.500000000000007 1.0007535815238955 1.0087547302246096 3.5000000000000004 10.500000000000002 113.50000000000001 38.500000000000007 55030.500000000007 1.0481652021408083 1.0000000180025095e-35 32.500000000000007 462.50000000000006 66356.000000000015 0.96440017223358165 1.0000000180025095e-35 5.5000000000000009 1.5000000000000002 0.94382458925247203 0.94923526048660289 1.4781138300895693 0.96564748883247387 0.77233296632766735 1.0106704235076907 0.96735000610351574 123.50000000000001 0.95801782608032238 51.500000000000007 0.52957075834274303
decision_type=2 2 2 2 2 2 2 2 2 2 2 2 2 2 2 2 2 2 2 2 2 2 2 2 2 2 2 2 2 2 2 2 2 2 2
left_child=7 3 19 21 -5 -6 -7 10 27 -10 11 28 -13 17 15 -15 -16 20 -19 -3 -12 22 24 -24 -2 31 -27 32 30 -30 -1 -23 34 -34 -9
right_child=1 2 -4 4 5 6 -8 8 9 -11 13 12 -14 14 16 -17 -18 18 -20 -21 -22 25 23 -25 -26 26 -28 -29 29 -31 -32 -33 33 -35 -36
leaf_value=-0.16742954914324282 -2.1622151602955881 -235.19113009538674 18166.733511957194 -16.434110611513628 60670.770364494798 -0.10012384826169447 -3940.7550905124672 -0.10013062631667576 -0.10008927884906174 -21701.836372009842 -0.21971036499653254 9791.331845702789 -0.10013062631830141 -46.26853613036829 -88.17444565160703 -41346.689599235397 -1.1277287182591651 368.82801633723869 -0.97508423077429629 -0.10006126990758651 0.29317357431851482 -0.12895822246353414 -0.1001246496393889 -321.786244312105 -61.590668187470797 -116.7133024794058 -0.1001245986078996 -51.262654736707489 -11.575304372766839 -0.41214009228829246 -3.0522201889574405 -3.0999250477629019 -0.1000275146493088 -0.10004300993372997 -0.10014048990542596
leaf_weight=19.907977434220822 0.048494476592189778 0.0055297728395088388 0.0041802045016083858 0.03061099984915916 0.001243448117747902 0.00250320248233038 0.0012434481177479029 0.02605716265952214 0.0022831871174275806 0.0010644309576143046 1113.5274725984223 0.015634297393261387 0.04560003406368196 0.028157721167755105 0.081748241951970502 0.0010278961442365458 4.2040255990036313 0.13641514463867022 5.5040558986050074 0.011675299260403449 507.82616281509308 0.69652732822606056 0.0087041368243197803 0.0049737924709916123 0.016262663011730183 0.01886579213942241 0.19654633383834152 0.0058636578557605531 0.052286788355558111 0.32050309656187892 0.033874311018734171 0.033335491578327492 0.015151331142533307 0.013329118048900962 0.024479716663033897
leaf_count=9361 49 23 37 38 34 4 62 23 5 336 348861 34 36 204 507 1159 907 125 1311 39 75613 403 12 42 34 97 163 33 48 249 27 31 110 57 19
internal_value=0 129.133 3490.2 61.2803 1967.29 14136.1 -1307.93 0.0114518 -265.32 -6900.53 0.0256251 7.30777 2499.84 -0.0653325 -12.9206 -1500.84 -2.78809 -0.0312389 7.96863 -75.6592 -0.0590694 -5.00394 -34.5235 -117.077 -17.0867 -2.55452 -10.3131 -3.63446 -0.205463 -1.97786 -0.17233 -0.264653 -0.100099 -0.100035 -0.100135
internal_weight=0 1.0807 0.0213853 1.05931 0.0356011 0.0049901 0.00374665 1651.77 0.0882286 0.00334762 1651.68 20.3759 0.0612343 1631.31 4.31496 0.0291856 4.28577 1626.99 5.64047 0.0172051 1621.35 1.02371 0.0784351 0.0136779 0.0647571 0.945275 0.215412 0.084881 20.3146 0.37279 19.9419 0.729863 0.0790173 0.0284804 0.0505369
internal_count=440093 1068 99 969 138 100 66 439025 583 341 438442 9755 70 428687 2777 1363 1414 425910 1436 62 424474 831 137 54 83 694 260 242 9685 297 9388 434 209 167 42
is_linear=0
shrinkage=0.1


Tree=10
num_leaves=27
num_cat=0
split_feature=36 53 52 61 37 51 33 48 59 59 68 32 28 29 32 48 37 33 30 37 55 58 37 35 53 31
split_gain=3.99959e+06 1.73945e+08 2.83873e+07 2.51378e+07 333138 4.10979e+07 2.08153e+07 7.35995e+08 4.5589e+06 292805 236263 22470.1 94120.2 196634 475506 21383.3 37622.2 12156 6650.4 3462.08 2978.66 465116 745.423 580.227 1602.57 395.451
threshold=37.500000000000007 0.72013986110687267 1.2434149980545046 1.0000000180025095e-35 1103.5000000000002 1334.5000000000002 183.50000000000003 7.5000000000000009 1117.0000000000002 82.450000762939467 1.5000000000000002 32.500000000000007 2.5000000000000004 1.5000000000000002 35.500000000000007 28.500000000000004 263.50000000000006 1273.5000000000002 203.50000000000003 474.50000000000006 0.98303899168968212 12.500000000000002 990.50000000000011 17.500000000000004 0.90061727166175853 48.500000000000007
decision_type=2 2 2 2 2 2 2 2 2 2 2 2 2 2 2 2 2 2 2 2 2 2 2 2 2 2
left_child=4 2 3 9 11 6 8 -8 -6 17 -10 20 13 19 -15 16 -14 -2 -17 -13 23 22 -22 25 -25 -1
right_child=1 -3 -4 -5 5 -7 7 -9 10 -11 -12 12 15 14 -16 18 -18 -19 -20 -21 21 -23 -24 24 -26 -27
leaf_value=-0.15599715193894981 -4.2848878534461781 -32002.54136113403 12615.302825265033 -12204.659664858966 -943.17069748119127 4992.7484006185223 85067.432299044158 -1704.33368721647 -138.97958405896458 -1281.9377713853032 -1.9248894512671495 -83.76039630881337 -406.45030632006046 -1625.5010774744533 -20.417562121146155 -50.268804596428993 -52.161445466759119 -141.86715942092857 -3.090679989779717 -0.1000549620308586 -0.12770987580175158 188.52045603668185 0.16276620209288775 -0.37515367158250862 -5.0594848037632412 -8.1376085171974264
leaf_weight=981.49911930961446 0.071686797309469391 0.0017373674565535754 0.0017370585299325411 0.0017370557179674498 0.05523090809587472 0.016614713242017021 0.0010386427165940395 0.016605720638165233 0.14041128731940489 0.0018723118805405161 1.2069623991847036 0.008367165864889281 0.0034453035914339116 0.0029531173640862107 0.0049218622734770179 0.031892360580872636 0.023049708310281858 0.0070538202608076963 0.47330353033646888 0.012099459825549275 126.46476429126614 0.13101677789074884 293.0901196789959 98.933793495151448 0.73576807548876288 0.062078247196040048
leaf_count=355478 1214 998 167 760 2450 2257 1821 3061 366 164 160 24 21 55 11 81 59 107 431 23 62095 60 236 7509 297 59
internal_value=0 -682.73 -35.6145 -302.468 -0.0534932 48.0744 -9.77066 3403.52 -52.7089 -45.9984 -16.2075 -0.09955 -20.1265 -197.689 -622.324 -10.6616 -98.2317 -16.6099 -6.06897 -34.3021 -0.0920774 0.134038 0.0752092 -0.179845 -0.409734 -0.156502
internal_weight=0 0.0858244 0.084087 0.08235 1502.91 1.43686 1.42025 0.0176444 1.4026 0.0806129 1.34737 1501.48 0.560033 0.0283416 0.00787498 0.531691 0.026495 0.0787406 0.505196 0.0204666 1500.92 419.686 419.555 1081.23 99.6696 981.561
internal_count=439964 3410 2412 2245 436554 10115 7858 4882 2976 1485 526 426439 705 113 66 592 80 1321 512 47 425734 62391 62331 363343 7806 355537
is_linear=0
shrinkage=0.1


Tree=11
num_leaves=29
num_cat=0
split_feature=37 33 66 59 67 48 70 34 50 50 33 50 0 61 2 2 34 50 59 34 33 37 46 0 37 50 59 29
split_gain=6.09485e+07 1.96599e+09 1.15206e+07 2.16582e+07 5.47672e+07 565000 244349 549237 12022.9 221575 1.39011e+06 14212.4 2433.27 2333.59 7223 963840 4.92967e+06 4997.08 63031.7 268525 1431.34 1407.04 1093.13 2336.05 950.237 673.078 35.4154 2.82121e-10
threshold=1103.5000000000002 83.500000000000014 6.5000000000000009 1135.799987792969 3.5000000000000004 1.0000000180025095e-35 1.5000000000000002 816.50000000000011 36.500000000000007 37.500000000000007 732.50000000000011 41.500000000000007 17116.000000000004 1.0000000180025095e-35 0.96735000610351574 0.96794998645782482 443.50000000000006 33.500000000000007 148.75000000000003 632.50000000000011 246.50000000000003 990.50000000000011 2.5000000000000004 140135.50000000003 663.50000000000011 32.500000000000007 601.80001831054699 1.5000000000000002
decision_type=2 2 2 2 2 2 2 2 2 2 2 2 2 2 2 2 2 2 2 2 2 2 2 2 2 2 2 2
left_child=8 2 -2 4 -4 -6 12 -8 13 -10 -11 -12 -5 17 21 16 -16 22 19 -19 -17 24 25 -24 -15 -1 -23 -13
right_child=1 -3 3 6 5 -7 7 -9 9 10 11 27 -14 14 15 20 -18 18 -20 -21 -22 26 23 -25 -26 -27 -28 -29
leaf_value=-0.15570543148280688 6462.8071580611477 -76460.126160850719 -17727.911008414412 -1.2444533207752544 -0.10025057758069644 -1843.1377439351581 -20.154335366615328 -1069.6514393260222 -2.4549356038690191 -3858.6742198307957 -344.06317613527324 -0.10004457397316016 -34.724474233276084 -0.41219660779194306 2312.9719651240061 -0.42678210874466072 -0.1000877319103442 -1771.4945990640679 -1.4503578744479451 -0.10003471581568812 -13.930019228894512 0.12669714621175876 -7.4846504002696008 -0.28211776707315012 -2.4969440371524532 -4.6749457009466004 0.21143598052689738 -0.10000417152179142
leaf_weight=1076.6720485801047 0.0024932576344447724 0.003465146966053905 0.0024932576618599267 0.087397129507735372 0.0049865152686834335 0.0024958797730505466 0.014959545806050301 0.0074797729030251494 0.21636323159904366 0.0010884849593556347 0.001453643988497789 0.003562926314771175 0.028881683945655823 27.060748154876091 0.011030219786324867 6.0381444015919579 0.055951650408556687 0.0010726012274507001 0.074377612055351122 0.0042330878187650271 0.079533671280049734 220.31372286606052 0.63862766646229774 1.5271144834550794 2.3785530635411112 0.32966114249666034 63.546306610112993 0.0033564463059864605
leaf_count=414710 152 11458 1247 53 3 88 21 140 63 329 85 13 20 7616 13 1619 90 125 54 104 156 288 63 26 1383 148 7 121
internal_value=0 -1985.4 -278.473 -391.509 -4892.01 -614.877 -67.8636 -369.987 -0.0968996 -23.1689 -496.85 -59.8157 -9.56032 -0.0931746 0.144226 3.52843 380.804 -0.163451 -25.2048 -358.206 -0.602333 0.07742 -0.161602 -2.40598 -0.580634 -0.157089 0.145667 -0.100025
internal_weight=0 0.154652 0.151187 0.148694 0.00997565 0.0074824 0.138718 0.0224393 1398.96 0.225825 0.0094615 0.00837302 0.116279 1398.73 319.484 6.18466 0.0669819 1079.25 0.0796833 0.00530569 6.11768 313.299 1079.17 2.16574 29.4393 1077 283.86 0.00691937
internal_count=440195 13182 1724 1572 1338 91 234 161 427013 611 548 219 73 426402 11172 1878 103 415230 283 229 1775 9294 414947 89 8999 414858 295 134
is_linear=0
shrinkage=0.1


Tree=12
num_leaves=35
num_cat=0
split_feature=54 35 51 31 50 33 52 44 51 65 36 2 41 50 51 1 36 34 51 36 33 34 0 69 51 66 71 34 32 47 73 0 52 55
split_gain=1.17064e+06 4.34403e+07 3.73631e+08 2.66066e+06 569917 3.88209e+07 1.35937e+09 6.63965e+06 8.71103e+07 718734 557783 3.16828e+07 4.03469e+07 103933 53112.1 31484.6 1.19692e+07 5.10784e+07 17295.4 1.33903e+07 21739.1 17192.7 54855.9 71800.9 3971.87 9680.51 263.663 480.972 146.391 32.586 18.5997 2.55741e-10 1.67422e-10 1.41716e-10
threshold=1.000961482524872 12.500000000000002 170.50000000000003 2.5000000000000004 32.500000000000007 205.50000000000003 1.2864022850990298 1.0000000180025095e-35 913.50000000000011 23.500000000000004 32.500000000000007 0.97175002098083507 2.5000000000000004 34.500000000000007 790.50000000000011 3.5000000000000004 8.5000000000000018 136.50000000000003 1334.5000000000002 13.500000000000002 1342.5000000000002 944.50000000000011 53455.500000000007 7.5000000000000009 112.50000000000001 19.500000000000004 10.500000000000002 282.50000000000006 4.5000000000000009 1.0000000180025095e-35 15.500000000000002 56220.500000000007 0.94324043393135082 0.88828617334365856
decision_type=2 2 2 2 2 2 2 2 2 2 2 2 2 2 2 2 2 2 2 2 2 2 2 2 2 2 2 2 2 2 2 2 2 2
left_child=4 21 -3 -4 10 6 -6 8 13 -9 15 12 -12 -7 -11 16 30 -18 20 -20 -17 24 23 -23 25 -2 27 -26 -5 -28 -1 -30 -24 -34
right_child=1 2 3 28 5 7 -8 9 -10 14 11 -13 -14 -15 -16 18 17 -19 19 -21 -22 22 32 -25 26 -27 29 -29 31 -31 -32 -33 33 -35
leaf_value=-0.16266476739704602 -140.08001629958798 41348.389521788587 -3776.4984898047842 -21.524669830657857 113557.95492416064 -1023.5221013842435 -139.24201410616399 292.4863967395961 -26405.160478546139 -0.12216840389170153 -18874.280394495836 -4.7376419266569005 -604.49061651756313 -11.22025929387101 -90.963586977262707 -0.059383454073206166 8462.4828505919158 -0.10006593794977713 -0.1861953893724998 1117.6133839403672 -9.428495753971216 -764.91059044545239 -0.10008023280521164 -0.10008102812051412 -26.398250171973327 -0.10007936417453984 -0.47981881234707036 -0.10007530408956472 -0.10008023224444185 -4.2233082552650085 -2.0890840693200441 -0.10004832634214939 -0.10007471996009938 -0.10004295202613323
leaf_weight=16.024284728484425 0.0071438808208019724 0.0024439773719677543 0.0021449008009994932 0.0046675336281286279 0.0010846299450127583 0.0010748253643557094 0.034498031710884093 0.086172145149986945 0.001344439263160825 1.5575180028990891 0.0020345254106918223 0.3062307430676654 0.0029782073545945309 0.017986650626818569 0.067135743342081056 1221.3876291407355 0.0088083130540316246 0.037484639302419964 69.161530716616028 0.10733382980418937 2.4815724028408104 0.0024842754757808732 0.0088110824581235647 0.0024264170852797695 0.011407632785449096 0.016017744024793501 0.56400794457300574 0.017815719594182156 0.0048060785668440076 0.024252798651104968 0.050276423862668618 0.0052635866413620058 0.0026926510611041217 0.002934698256195729
leaf_count=9580 42 46 114 16 746 165 113 33 1874 122 1152 44 164 361 406 406152 48 72 14781 1145 1966 37 11 11 44 25 551 33 13 57 64 30 16 26
internal_value=0 131.414 4804.54 -485.822 0.108131 56.8649 3326.47 -10.3366 -1803.5 11.0514 0.0315569 -133.822 -8019.68 -68.3012 -3.87602 0.0633773 4.4554 1610.1 0.00862433 1.54586 -0.0783807 -5.42463 -98.2957 -387.011 -2.61969 -43.2749 -1.09472 -10.3658 -6.88562 -0.634155 -0.16869 -0.100064 -0.100072 -0.100058
internal_weight=0 0.679321 0.0193261 0.0168821 1311.34 1.76681 0.0355827 1.73123 0.0204059 1.71083 1309.57 0.311243 0.00501273 0.0190615 1.62465 1309.26 16.1209 0.046293 1293.14 69.2689 1223.87 0.659995 0.0193491 0.00491069 0.640646 0.0231616 0.617484 0.0292234 0.0147372 0.588261 16.0746 0.0100697 0.0144384 0.00562735
internal_count=440060 1072 219 173 438988 3820 859 2961 2400 561 435168 1360 1316 526 528 433808 9764 120 424044 15926 408118 853 101 48 752 67 685 77 59 608 9644 43 53 42
is_linear=0
shrinkage=0.1


Tree=13
num_leaves=30
num_cat=0
split_feature=50 45 54 51 72 34 57 57 69 33 47 53 34 0 54 34 59 54 51 40 58 52 0 0 71 51 71 69 33
split_gain=550619 1.35458e+07 304066 1.89309e+07 8.86886e+07 356612 3.00003e+06 32527.5 128146 28534.6 260503 1.32021e+06 2.94968e+06 53361.1 5.27762e+06 19400.2 5.64019e+06 3.68274e+07 21393.9 7.06736e+06 15775.5 8208.28 5957.25 3308.6 2419.58 1617.92 363.18 134.347 3.49975e-08
threshold=35.500000000000007 3.5000000000000004 1.000961482524872 112.50000000000001 3.5000000000000004 944.50000000000011 3.5000000000000004 8.5000000000000018 8.5000000000000018 1232.5000000000002 6.5000000000000009 0.53250595927238475 816.50000000000011 26481.500000000004 0.97022148966789257 113.50000000000001 189.94999694824222 0.90379005670547496 1334.5000000000002 1.0000000180025095e-35 19.500000000000004 1.7289429903030398 169826.50000000003 126224.00000000001 10.500000000000002 1334.5000000000002 14.500000000000002 9.5000000000000018 1504.5000000000002
decision_type=2 2 2 2 2 2 2 2 2 2 2 2 2 2 2 2 2 2 2 2 2 2 2 2 2 2 2 2 2
left_child=2 -2 9 4 -4 7 27 24 -9 15 13 12 -12 14 -11 16 25 -18 20 -20 -17 -6 -15 -13 -5 -1 -3 -7 -28
right_child=1 26 3 5 21 6 -8 8 -10 10 11 23 -14 22 -16 18 17 -19 19 -21 -22 -23 -24 -25 -26 -27 28 -29 -30
leaf_value=-0.10430996437827499 -2562.9383758308913 -5.5814668029321775 21695.009559744969 -43.981116932416192 -180.21050678729432 -0.10006281049518151 -4232.2930738027771 -706.85377178977797 -26.868977838422616 -4.0700032137483921 -0.10008487337935973 -0.10006373657644692 -5969.8948611446758 -1.6515630033137836 -2607.5929798690304 -0.087322319155883732 -10.777540080464739 5646.8262185746407 0.24614067850713181 742.64188230516163 7.021041788101555 -0.10007306859294596 -38.445005246809153 -77.021974974212171 -1.1678041122612606 -7.2388600986637677 -0.13175838235420254 -20.150213319789501 -0.13182017731053586
leaf_weight=23.637127511719889 0.021458913507565569 0.18349595108200467 0.0022921011841665071 0.013673328596670198 0.0049969341780524701 0.010128706793843763 0.0018902729489810163 0.0032543160559789742 0.018678366597506272 0.80605900539840991 0.0023656593402846529 0.012094218051061034 0.0012730755843222141 5.9283999378814736 0.0078619581036427633 1177.7675554238356 0.084289777121738463 0.013324253901373595 57.261360029891875 0.12851673515979101 3.1303762768477545 0.0051259608080727048 0.044334405922343723 0.010400158128724968 0.38155150137674476 0.32218318514060129 0.18347799429126177 0.0049874932074893208 0.18312127888202667
leaf_count=31112 2844 301 63 82 30 33 127 76 78 2125 4 19 79 7192 227 384823 114 47 8553 440 86 11 131 28 551 608 77 28 7
internal_value=0 -98.1016 0.0719898 82.5729 3932.84 -27.5261 -476.389 -9.22707 -127.763 0.0429602 -6.41142 -321.531 -2088.74 -5.198 -29.2184 0.077794 2.89037 761.482 0.0231524 1.90863 -0.0684792 -89.0074 -1.92467 -35.6645 -2.64899 -0.200249 -1.94964 -6.71548 -0.131789
internal_weight=0 0.571554 1269.6 0.446579 0.012415 0.434164 0.0170065 0.417158 0.0219327 1269.16 6.81279 0.0261331 0.00363873 6.78666 0.813921 1262.34 24.0569 0.097614 1238.29 57.3899 1180.9 0.0101229 5.97273 0.0224944 0.395225 23.9593 0.550095 0.0151162 0.366599
internal_count=439896 3229 436667 1079 104 975 188 787 154 435588 9805 130 83 9675 2352 425783 31881 161 393902 8993 384909 41 7323 47 633 31720 385 61 84
is_linear=0
shrinkage=0.1


Tree=14
num_leaves=25
num_cat=0
split_feature=54 37 50 71 1 37 71 63 70 0 50 57 35 33 71 53 33 54 52 32 50 48 37 70
split_gain=2.62594e+07 1.08338e+09 426612 2.11216e+08 214346 155898 2.41718e+07 7.18849e+08 9.46794e+08 2.10415e+06 1.70768e+06 1.53463e+06 45513.8 68715.7 9219.04 31057.5 4346.45 182513 390393 105006 2882.39 25690.3 2157.7 1790.95
threshold=1.000961482524872 1155.5000000000002 35.500000000000007 16.500000000000004 14.500000000000002 1064.5000000000002 11.500000000000002 1.0000000180025095e-35 1.0000000180025095e-35 9884.5000000000018 3.5000000000000004 1.5000000000000002 11.500000000000002 368.50000000000006 11.500000000000002 0.78966438770294201 1342.5000000000002 0.98038354516029369 0.92739868164062511 24.500000000000004 32.500000000000007 76.500000000000014 990.50000000000011 1.5000000000000002
decision_type=2 2 2 2 2 2 2 2 2 2 2 2 2 2 2 2 2 2 2 2 2 2 2 2
left_child=2 4 5 -4 12 16 7 10 -9 -8 -7 -11 14 -14 15 -2 20 19 -19 -18 22 -22 -1 -16
right_child=1 -3 3 -5 -6 6 9 8 -10 11 -12 -13 13 -15 23 -17 17 18 -20 -21 21 -23 -24 -25
leaf_value=-0.18270922525436237 -0.10002571167372908 77550.48285891769 -42013.350117454218 135.50855615299517 -1171.8268655164381 -3808.38729627663 306.92628884074946 -1155.9233353171498 114997.2432733201 -492.5093710923876 -199.50592855040537 1.0925880438145894 -1096.5504282888251 -0.10001870661053712 -79.623495592561184 -608.82075488603505 -2.5250377023256196 -0.1000118486695202 -2397.3466893793279 -559.22715483196146 -129.89171103117386 -1.0071279094187611 0.095435373286094694 -8.5575435916266951
leaf_weight=847.68509133333646 0.0030913756598659322 0.0018450219649821511 0.0011972413465434753 0.17114655581323873 0.0017068824605339086 0.0013391847024707406 0.22516065082709502 0.0015573315220507302 0.0012773847492137946 0.063158854426890509 0.062686226070354678 23.118847901852241 0.0010032373484115528 0.0013284450109267709 0.0037724707048773917 0.0011499526044644881 1.1557331086521512 0.0021132735957109282 0.0010011485367382392 0.0033981537620314519 0.016950380898832829 0.17655650235246867 415.65776131995381 0.059119002778033045
leaf_count=414841 52 237 3055 126 70 115 294 34 1157 3376 1803 4395 70 20 52 76 7499 42 189 171 403 7 1740 510
internal_value=0 1896.5 0.0301408 -157.292 -64.7328 0.0511888 8.126 1906.8 51185.2 2.70262 -274.991 -0.252219 -37.5292 -471.862 -22.4438 -165.143 -0.0986875 -6.21118 -770.708 -4.15709 -0.093065 -12.2969 -0.0911957 -12.8204
internal_weight=0 0.0730164 1288.34 0.172344 0.0711714 1288.17 23.474 0.0668601 0.00283472 23.4072 0.0640254 23.182 0.0694645 0.00233168 0.0671328 0.00424133 1264.7 1.16225 0.00311442 1.15913 1263.54 0.193507 1263.34 0.0628915
internal_count=440334 1087 439247 3181 850 436066 11174 3109 1191 8065 1918 7771 780 90 690 128 424892 7901 231 7670 416991 410 416581 562
is_linear=0
shrinkage=0.1


Tree=15
num_leaves=23
num_cat=0
split_feature=37 53 71 66 50 34 36 48 35 48 33 33 36 37 55 53 59 37 29 48 55 71
split_gain=1.55633e+07 6.50071e+08 9.22041e+07 1.94638e+07 8.87188e+06 7.48961e+06 2.93461e+06 1.09638e+08 5.76816e+08 128696 864294 31236 2.42273e+06 11537 1.58795e+06 1.84071e+07 7551.97 2059 1951.25 819.443 608.076 467.821
threshold=1229.5000000000002 0.92031747102737438 14.500000000000002 12.500000000000002 4.5000000000000009 807.50000000000011 32.500000000000007 19.500000000000004 33.500000000000007 45.500000000000007 1514.5000000000002 1342.5000000000002 11.500000000000002 1064.5000000000002 0.97008073329925548 0.91734972596168529 588.64999389648449 990.50000000000011 18.500000000000004 28.500000000000004 0.98303899168968212 5.5000000000000009
decision_type=2 2 2 2 2 2 2 2 2 2 2 2 2 2 2 2 2 2 2 2 2 2
left_child=6 -2 3 -3 -5 -6 11 8 -8 10 -9 13 19 17 16 -16 -15 18 -1 21 -19 -13
right_child=1 2 -4 4 5 -7 7 9 -10 -11 -12 12 -14 14 15 -17 -18 20 -20 -21 -22 -23
leaf_value=-0.18555974017349974 -59910.504795002009 -10474.8044733971 22313.928283004876 -6803.2586406654391 4566.0321612742118 -129.49778698138107 -26.892103858865585 -2559.8063939994304 68626.223585996879 -0.54134833487108291 -0.10014079445913965 -50.219086193425767 -4907.7363801734336 -17.735923010192462 74.80414445030236 4086.5530616438259 -0.62939668100462876 -0.15459297184658261 -4.5171020290730235 -87.553844283163485 0.14851329482017131 -1.2377366399466263
leaf_weight=754.08973550507881 0.001852080970108568 0.0018520809244364422 0.0018520809244364491 0.0018520809244364561 0.0037041618488728991 0.040959046000836566 0.0074650039793503235 0.0015236123200320405 0.0014637935926326813 0.29505363263888285 0.0098278904112680497 0.0019952479494502314 0.0010188203880310822 0.26083875392509881 0.31045253574848075 0.011874602176249027 24.305887571307728 83.036132350119772 1.0414239660603914 0.0011434603446800464 326.16578121840547 0.085843191927915771
leaf_count=414871 8774 503 156 201 293 147 40 482 158 92 13 257 560 1571 496 170 1372 1555 1548 138 182 6825
internal_value=0 -1728.83 416.891 -421.589 -21.3042 259.928 0.0283128 305.051 11228.1 -13.2532 -343.667 -0.0525609 -58.9625 -0.0481026 2.08224 222.598 -0.811026 -0.0936414 -0.191533 -3.44525 0.0870063 -2.35035
internal_weight=0 0.0520715 0.0502195 0.0483674 0.0465153 0.0446632 1189.63 0.315334 0.0089288 0.306405 0.0113515 1189.31 0.0900007 1189.22 24.8891 0.322327 24.5667 1164.33 755.131 0.0889819 409.202 0.0878384
internal_count=440404 10074 1300 1144 641 440 430330 785 198 587 495 429545 7780 421765 3609 666 2943 418156 416419 7220 1737 7082
is_linear=0
shrinkage=0.1


Tree=16
num_leaves=16
num_cat=0
split_feature=50 72 33 58 66 35 40 55 52 36 0 36 57 29 54
split_gain=1.94059e+06 3.85557e+08 247130 95007.3 267176 199920 9.06799e+06 5.79861e+07 139293 17697.6 167460 13939.2 1.98663e+06 10137.7 846.408
threshold=32.500000000000007 6.5000000000000009 810.50000000000011 19.500000000000004 32.500000000000007 38.500000000000007 7.5000000000000009 0.97120502591133129 1.2108997702598574 31.500000000000004 49611.500000000007 18.500000000000004 4.5000000000000009 17.500000000000004 0.9872746765613557
decision_type=2 2 2 2 2 2 2 2 2 2 2 2 2 2 2
left_child=3 -2 -3 5 -5 9 7 8 -7 11 -11 13 -13 -1 -12
right_child=1 2 -4 4 -6 6 -8 -9 -10 10 14 12 -14 -15 -16
leaf_value=-0.11822148510235873 48820.406786209685 -423.07466193344027 -3.7536264410055802 -15.741877637486372 143.20404168553765 -1168.2086147531779 -0.58442440705237575 -24712.086324339838 -30.275852404024349 -111.12048071496753 -6.4371564021093777 133.09722649022174 0.13191679764118444 -22.670326274205408 -0.23462452864168168
leaf_weight=787.28058684129599 0.0016257198891172489 0.014887415803968851 0.25137925497634372 0.27101738647001994 0.17342856689356267 0.0012841271818605504 0.41647595472477406 0.0011006804415956148 0.0066279000020585954 0.14955127902143872 0.25539030434272358 1.128788695701785 248.08557064518428 0.1993773671715634 1.5881125970589234
leaf_count=424096 3140 511 134 83 10 157 28 776 17 500 402 2320 6099 1842 36
internal_value=0 269.236 -27.1986 0.0559489 46.2809 0.0361777 -68.4961 -3206.68 -214.963 0.0642513 -9.34988 0.0823501 0.734168 -0.123931 -1.09389
internal_weight=0 0.267892 0.266267 1039.56 0.444446 1039.11 0.425489 0.00901271 0.00791203 1038.69 1.99305 1036.69 249.214 787.48 1.8435
internal_count=440151 3785 645 436366 93 436273 978 950 174 435295 938 434357 8419 425938 438
is_linear=0
shrinkage=0.1


Tree=17
num_leaves=27
num_cat=0
split_feature=32 28 1 52 1 52 1 66 35 71 1 35 56 35 39 37 53 40 35 53 1 31 37 39 49 1
split_gain=1.02782e+06 7.1423e+06 2.79165e+07 1.12345e+06 1.84395e+06 2.73797e+06 345100 313585 304994 7.62829e+06 5.23061e+06 449101 1.75438e+06 579068 4.77515e+06 159252 304587 145300 160748 74696 70990.3 63903.4 51715.3 2.52588e+06 22427.8 8322.57
threshold=31.500000000000004 5.5000000000000009 42.500000000000007 0.97022289037704479 41.500000000000007 0.94801533222198497 37.500000000000007 17.500000000000004 43.500000000000007 16.500000000000004 161.50000000000003 41.500000000000007 1.0000000180025095e-35 38.500000000000007 27.500000000000004 563.50000000000011 0.51991188526153576 1.0000000180025095e-35 13.500000000000002 0.51859536767005932 41.500000000000007 15.500000000000002 1064.5000000000002 4.5000000000000009 18.500000000000004 35.500000000000007
decision_type=2 2 2 2 2 2 2 2 2 2 2 2 2 2 2 2 2 2 2 2 2 2 2 2 2 2
left_child=8 3 15 4 6 -6 25 -8 11 10 -10 13 -13 22 -15 16 -3 18 20 -20 -5 -14 24 -24 -1 -2
right_child=1 2 -4 17 5 -7 7 -9 9 -11 -12 12 21 14 -16 -17 -18 -19 19 -21 -22 -23 23 -25 -26 -27
leaf_value=-0.12591285727683066 -15.636707705941328 -365.96406699745194 -14435.434154094337 -42.595790879606199 -5415.2175667752608 -475.29683175529846 -1427.8557033439702 -73.207245705017684 -2955.24550843101 1139.652748864974 -0.1012275012143771 957.65771506905367 -241.1835611838255 -1773.0936055182924 -0.10245635568825114 -150.73289230422918 -1942.5416585314754 -1.3608071562483419 -442.05584200209654 -1350.5205445547763 -368.39654179525212 -0.10245645432859006 188.2329756559017 -1.0359812693054311 -2.2946398479885444 -156.24257408566555
leaf_weight=848.95120334955891 0.0064363867567854829 0.0032799070504552184 0.001704151756797505 0.021178588387556374 0.001902082451408659 0.0027357087528798729 0.0045525996974902219 0.0027357087528798729 0.011979110539015347 0.020805958453763651 0.011979110538959503 0.023402198073425917 0.020739883184432983 0.017033355310558274 0.14041021784760233 0.0046470606175716966 0.0019563007519023401 0.25618790209409781 0.0020364027295727274 0.0016291221836581826 0.0097747331019490957 0.023400763049721718 0.72555313871869387 25.020947499608315 50.522237653468892 0.012168369605205953
leaf_count=399447 17 22 297 62 134 24 83 11 1813 67 2 533 95 770 8 28 44 22 14 35 94 3 6327 4684 25379 47
internal_value=0 -175.884 -2615 -87.9298 -665.001 -2501.29 -336.097 -919.381 -0.147676 -261.165 -1477.67 -0.13505 257.715 -0.153871 -191.917 -576.832 -954.99 -27.3449 -219.634 -845.818 -145.48 -113.377 -0.121239 4.29774 -0.247727 -107.599
internal_weight=0 0.332925 0.0115874 0.321338 0.0305309 0.00463779 0.0258931 0.00728831 925.49 0.0447642 0.0239582 925.445 0.0675428 925.377 0.157444 0.00988327 0.00523621 0.290807 0.0346188 0.00366552 0.0309533 0.0441406 925.22 25.7465 899.473 0.0186048
internal_count=440062 934 391 543 316 158 158 94 439128 1882 1815 437246 631 436615 778 94 66 227 205 49 156 98 435837 11011 424826 64
is_linear=0
shrinkage=0.1


Tree=18
num_leaves=24
num_cat=0
split_feature=0 32 69 49 48 36 55 43 71 37 39 59 36 50 58 73 48 31 33 36 59 55 52
split_gain=1.09643e+06 2.66634e+07 1.83985e+07 1.03546e+06 2.59944e+08 1.70034e+06 1.1869e+08 1.49564e+06 369494 177061 4.62507e+06 1.2013e+09 564577 109125 2.22865e+06 94084.7 16513.8 7107.85 2002.33 6620.55 1.15048e-05 1.62599e-12 3.02232e-15
threshold=201508.00000000003 31.500000000000004 5.5000000000000009 41.500000000000007 21.500000000000004 31.500000000000004 0.97120502591133129 9.5000000000000018 13.500000000000002 1064.5000000000002 5.5000000000000009 314.75000000000006 25.500000000000004 18.500000000000004 4.5000000000000009 7.5000000000000009 52.500000000000007 23.500000000000004 524.50000000000011 10.500000000000002 1117.0000000000002 0.96521258354187023 0.91839560866355907
decision_type=2 2 2 2 2 2 2 2 2 2 2 2 2 2 2 2 2 2 2 2 2 2 2
left_child=3 16 -3 5 -5 9 8 -6 -7 13 11 -11 -12 17 -15 -10 18 -1 19 22 21 -20 -2
right_child=1 2 -4 4 7 6 -8 -9 15 10 12 -13 -14 14 -16 -17 -18 -19 20 -21 -22 -23 -24
leaf_value=-0.1250695270344431 -0.10000408521389006 -21215.460049489524 -2847.9796206540309 41561.378739630796 -883.87234287027411 -496.48372718378153 -32507.796538449937 -2.0544027073934674 -211.24267710574748 67329.203175069139 -0.18461844418890416 -58.403478300726128 178.07759330298288 -244.02849615947628 -0.6739272562261428 -2.6661532482364154 -349.55531798606125 -39.640409999632112 -0.10000407644893868 -292.91939882736693 -0.10300786082048799 -0.10000692525761708 -0.10000429513994316
leaf_weight=809.2157386369704 0.0021208692009110071 0.0010039895604149396 0.0011938559114505407 0.0015095969056386207 0.021951407748094842 0.02034724722912018 0.0011377707691046504 0.15536964389642627 0.026522699459087321 0.002660201978882947 18.167951762989308 0.47530080378055573 0.17942077457157068 0.39314800563193131 8.7944935788359491 0.11715352392281995 0.0014307981359706892 0.045523060921708658 0.020967925027397104 0.0010245223004572424 0.028347637504339218 0.0022151708690216756 0.0010135188604247151
leaf_count=408109 62 595 168 1273 752 548 2010 44 414 5016 3207 845 662 11946 2010 69 55 1508 635 34 1 35 25
internal_value=0 -429.985 -11238.4 -0.0416852 240.56 -0.0930644 -320.92 -111.219 -97.6516 -0.0297778 9.55875 316.658 1.55863 -0.250326 -11.0873 -41.1695 -14.107 -0.127292 -5.48853 -72.2343 -0.101657 -0.100004 -0.100004
internal_weight=0 0.0593183 0.00219785 837.618 0.178831 837.439 0.165161 0.177321 0.164023 837.274 18.8253 0.477961 18.3474 818.449 9.18764 0.143676 0.0571204 809.261 0.0556896 0.00415891 0.0515307 0.0231831 0.00313439
internal_count=440023 1610 763 438413 2069 436344 3041 796 1031 433303 9730 5861 3869 423573 13956 483 847 409617 792 121 671 670 87
is_linear=0
shrinkage=0.1


Tree=19
num_leaves=21
num_cat=0
split_feature=50 59 58 48 35 31 1 49 48 48 50 48 55 37 58 31 1 69 52 52
split_gain=2.99932e+06 2.48251e+08 568502 5.05792e+06 79513.3 406446 967925 64076.3 1.22912e+06 7.23256e+06 38488.9 1.69079e+07 2.10842e+06 64932.7 1.36089e+06 7624.51 908.353 329.038 9.82931e-09 1.50826e-14
threshold=31.500000000000004 1113.7500000000002 18.500000000000004 20.500000000000004 30.500000000000004 44.500000000000007 32.500000000000007 39.500000000000007 34.500000000000007 26.500000000000004 18.500000000000004 6.5000000000000009 0.92403963208198558 1064.5000000000002 6.5000000000000009 21.500000000000004 40.500000000000007 21.500000000000004 1.0145655274391177 0.98629853129386913
decision_type=2 2 2 2 2 2 2 2 2 2 2 2 2 2 2 2 2 2 2 2
left_child=2 -2 7 -4 -3 6 -6 10 9 -9 13 -12 -13 15 -15 -1 18 -18 -10 -11
right_child=1 4 3 -5 5 -7 -8 8 16 19 11 12 -14 14 -16 -17 17 -19 -20 -21
leaf_value=-0.10308633469860631 -44084.65586416336 -0.11204753365623994 2584.8767618374786 -48.99772383312667 -0.10050682705545662 -0.10302946327309542 -2355.528813294045 -8974.5689466631829 -0.10393829961805906 -0.10000413794738293 4099.8699830380519 922.19661451448974 -2.9833552851831922 -224.26495417819137 -2.6585635077369023 -40.237453700766395 -32.982967149535931 -9.1473136354959461 -0.10399478671062495 -0.10000371260508761
leaf_weight=831.18730473632195 0.0012926592048633214 0.095960736274719238 0.0083999540656668065 0.055221652952253827 0.0050172600895166388 0.028539242222905159 0.002674672519788146 0.0010585584573819242 0.071205331863893662 0.0010039076729508878 0.010080392718627595 0.024735718001064444 5.8906668319616626 0.28189986945235901 16.319778567547221 0.047337339691010949 0.012164732314253163 0.011054384995986766 0.054294341826334858 0.0049164115530402341
leaf_count=407331 4092 2 69 80 8 2 110 226 46 64 1491 7267 6945 5516 4172 2710 112 5 9 138
internal_value=0 -474.219 -0.162345 298.752 -47.7674 -173.986 -819.14 -0.184616 -64.3304 -1361.35 -0.172918 7.85852 0.885357 -0.229049 -6.42149 -0.105372 -3.46556 -21.6351 -0.103963 -0.100004
internal_weight=0 0.133485 853.981 0.0636216 0.132192 0.0362312 0.00769193 853.918 0.155698 0.00697888 853.762 5.92548 5.9154 847.836 16.6017 831.235 0.148719 0.0232191 0.1255 0.00592032
internal_count=440395 4214 436181 149 122 120 118 436032 600 428 435432 15703 14212 419729 9688 410041 172 117 55 202
is_linear=0
shrinkage=0.1


Tree=20
num_leaves=31
num_cat=0
split_feature=32 58 55 53 65 28 50 55 28 54 35 33 36 21 54 33 0 33 35 50 70 51 65 65 6 51 49 35 69 49
split_gain=1.00687e+08 2.94783e+10 2.23971e+08 2.14628e+08 1.43007e+08 2.18682e+07 1.129e+08 2.19996e+08 3.28024e+08 9.40242e+06 1.70179e+06 7.65671e+07 1.77182e+07 1.51267e+06 321081 111559 3.25025e+07 274805 72326.8 125236 71530.3 55192.2 8700.96 246647 932.85 2068.43 665.621 121.141 122.87 7.34843e-10
threshold=18.500000000000004 1.5000000000000002 0.92520457506179821 0.52008062601089489 38.500000000000007 18.500000000000004 16.500000000000004 0.80774259567260753 19.500000000000004 0.91754171252250682 39.500000000000007 312.50000000000006 24.500000000000004 1.0000000180025095e-35 0.92092287540435802 1232.5000000000002 27386.500000000004 1342.5000000000002 36.500000000000007 29.500000000000004 13.500000000000002 1697.5000000000002 34.500000000000007 30.500000000000004 1.0000000180025095e-35 380.50000000000006 23.500000000000004 30.500000000000004 5.5000000000000009 18.500000000000004
decision_type=2 2 2 2 2 2 2 2 2 2 2 2 2 2 2 2 2 2 2 2 2 2 2 2 2 2 2 2 2 2
left_child=5 -2 3 9 -5 10 24 8 -8 -3 15 -12 -13 21 -11 18 -17 -18 19 -1 -20 -9 23 -4 25 -7 29 28 -24 -26
right_child=1 2 22 4 -6 6 7 13 -10 14 11 12 -14 -15 -16 16 17 -19 20 -21 -22 -23 27 -25 26 -27 -28 -29 -30 -31
leaf_value=-0.18928351490328829 -512053.02765121759 -12619.543037436108 -1030.1186313538174 -72766.832760925376 -19522.726482141359 -0.10003697684631259 -6149.3013842402697 -0.10002598519164019 -70494.358820128415 -939.13273413252273 9284.3288708476157 -2.0576771364097319 -4607.8925854801164 -3555.8015333477911 -3228.2786662403432 -14056.042194394031 -2.4686963461828189 -649.50433562132184 -96.783864073167479 79.731200255686431 -0.12270551445484379 -736.86489373770451 -6.97871198530801 -7.3606523080988655 -0.100030069102776 -157.88266858544281 -68.761018666660405 -7.8256477001002454 -0.20093169623349147 -0.10000469707183962
leaf_weight=798.31749253866235 0.0011280083929208753 0.0012758090794112156 0.002427141055835468 0.0010087027027070317 0.0010090855357702821 0.0024115421983633986 0.0019026861012228472 0.0031874952006618654 0.0013575573615049077 0.0012779107273672707 0.0086763296276320401 0.051127038896083832 0.0099830904521241437 0.0019405453314743568 0.0011771343524742406 0.0016505473730096245 0.75657966785239417 0.00662145256177915 0.15414623445786801 0.19611919914393539 0.15209645118574144 0.0014930136022037904 0.029084402836794254 0.082683426828978668 0.020627674034235863 0.0012675664187691959 0.0014564305666873159 0.025896956888972089 0.33278302544818988 0.025559876197015163
leaf_count=412095 9139 256 537 977 268 7 211 116 1045 69 1467 14 1441 177 133 2465 845 5321 568 680 8 46 105 208 325 39 38 44 205 588
internal_value=0 -1449.46 -246.085 -19865.7 -46139.7 -0.326411 -1890.49 -11678.7 -32942.4 -5655.64 -0.181741 493.616 -754.477 -1208.37 -2036.72 -0.224839 -38.3978 -8.08231 -0.188289 -0.169655 -48.7768 -235.117 -7.57356 -36.5272 -5.94534 -54.461 -2.19892 -1.21852 -0.745683 -0.100016
internal_weight=0 0.479752 0.478624 0.00574864 0.00201779 799.716 0.0612044 0.0098813 0.00326024 0.00373085 799.654 0.0697865 0.0611101 0.00662105 0.00245505 799.585 0.764852 0.763201 798.82 798.514 0.306243 0.00468051 0.472875 0.0851106 0.0513231 0.00367911 0.047644 0.387764 0.361867 0.0461876
internal_count=439437 11941 2802 1703 1245 427496 2592 1595 1256 458 424904 2922 1455 339 202 421982 8631 6166 413351 412775 576 162 1099 745 997 46 951 354 310 913
is_linear=0
shrinkage=0.1


Tree=21
num_leaves=26
num_cat=0
split_feature=50 28 50 33 37 71 68 72 1 1 35 49 51 1 57 53 37 36 1 53 34 0 30 1 52
split_gain=2.85059e+06 80148 1.00529e+06 1.75111e+06 73505.9 2.68606e+07 3.98224e+07 9.89857e+06 4.393e+07 2.21347e+06 274648 30379.5 2.84508e+06 1.39993e+07 159330 3592.08 2640.14 7426.4 1099.97 2715.28 452.023 421.414 551.549 6.40402e-10 5.84819e-14
threshold=31.500000000000004 18.500000000000004 16.500000000000004 318.50000000000006 1064.5000000000002 12.500000000000002 1.5000000000000002 1.5000000000000002 18.500000000000004 7.5000000000000009 7.5000000000000009 18.500000000000004 1049.5000000000002 21.500000000000004 16.500000000000004 0.65235814452171337 990.50000000000011 18.500000000000004 21.500000000000004 0.76202034950256359 531.50000000000011 31389.500000000004 2137.0000000000005 18.500000000000004 0.89315789937973034
decision_type=2 2 2 2 2 2 2 2 2 2 2 2 2 2 2 2 2 2 2 2 2 2 2 2 2
left_child=1 4 18 -4 11 6 -6 8 -7 -9 -8 16 14 -14 -13 -5 17 -1 21 -20 -18 22 -3 -23 -21
right_child=-2 2 3 15 5 7 10 9 -10 -11 -12 12 13 -15 -16 -17 20 -19 19 24 -22 23 -24 -25 -26
leaf_value=-0.17979638179220006 618.72650441179076 -0.10000395184692504 -4969.0859593860041 -0.1000395914367444 -7548.4530222562016 -1800.2249442261054 -34.553311521202957 797.49959878731636 7589.7550821057812 -7.6268119779396519 -722.0051149947567 -71.969367849312192 -105.36754414174311 -9158.6155358507513 -0.71145809189846376 -258.10070115069823 0.17116157260198583 -2.7261657258305227 -199.45455290910118 -0.10000476027549841 -0.15314861634538152 -0.10002965571180558 -99.722696198280119 -0.10000416370915975 -0.10000580653988636
leaf_weight=389.99562495191293 0.074421695041563818 0.0012450311551784267 0.0011471153376747547 0.0010069640848108089 0.011618430333876995 0.011610312823904567 0.011610312823904678 0.03488886572017591 0.0087275806090474362 1.6046317191633275 0.011635897225460212 0.32837543624474808 0.011399525291494572 0.0020090592556130113 7.0617938780619118 0.0011627876959976182 291.78778317784713 11.799968178128266 0.0010032377067545886 0.0010196450239163823 50.400901837779202 0.024030538133609301 0.0010037873726132644 0.016705552904005064 0.0011222427929169498
leaf_count=395524 4200 57 1473 148 3951 1097 105 1448 385 3870 431 19797 715 1986 248 141 325 1997 56 34 1066 316 30 448 30
internal_value=0 -0.199443 -127.509 -1809.04 -0.191084 -20.9939 -2767.95 36.7047 2229.29 9.50621 -378.658 -0.144164 -6.51827 -1461.85 -3.87774 -138.365 -0.0807335 -0.254578 -6.60337 -63.6905 0.123394 -2.42642 -44.5678 -0.100019 -0.100005
internal_weight=0 753.132 0.0494469 0.00331687 753.083 1.69472 0.0348646 1.65986 0.0203379 1.63952 0.0232462 751.388 7.40358 0.0134086 7.39017 0.00216975 743.984 401.796 0.04613 0.00314513 342.189 0.0429849 0.00224882 0.0407361 0.00214189
internal_count=439878 435678 2733 1762 432945 11287 4487 6800 1482 5318 536 421658 22746 2701 20045 289 398912 397521 971 120 1391 851 87 764 64
is_linear=0
shrinkage=0.1


Tree=22
num_leaves=20
num_cat=0
split_feature=37 66 52 49 66 49 59 51 48 55 58 59 35 59 39 55 59 37 29
split_gain=6.35825e+06 4.53978e+08 1.29704e+07 58677.3 4.80345e+06 5647.58 711170 6.50742e+06 52912.6 687225 18742.2 2529.48 5.50553e+06 6.61286e+06 13775.7 1314.05 1172.31 245.302 193.41
threshold=1064.5000000000002 6.5000000000000009 1.2237017154693606 33.500000000000007 19.500000000000004 18.500000000000004 106.25000000000001 1280.5000000000002 9.5000000000000018 0.92988014221191417 13.500000000000002 293.65000915527349 18.500000000000004 110.25000000000001 2.5000000000000004 0.98303899168968212 1094.549987792969 990.50000000000011 19.500000000000004
decision_type=2 2 2 2 2 2 2 2 2 2 2 2 2 2 2 2 2 2 2
left_child=3 2 -2 5 -5 11 7 -7 9 -8 -10 12 14 -14 -1 16 -13 -17 -9
right_child=1 -3 -4 4 -6 6 8 18 10 -11 -12 15 13 -15 -16 17 -18 -19 -20
leaf_value=-0.15679028326263489 -1333.4496608274919 -65905.971709512145 2261.8076027532488 -4813.0310745427514 -7.0651204508602481 -8397.5727028974507 -16.413812427937685 -0.10000445607994686 -0.62540365957100641 -1574.6450509709591 -61.966394260026703 -1.128381752057507 -6445.238026663169 -735.81049420480383 -10.888836084232564 -0.2139064289887701 -0.120344034446833 0.16073858193492652 -30.094360382567608
leaf_weight=81.033830670963169 0.020096719861589285 0.0010578387204073772 0.020041239442434744 0.0020985133758121268 0.23146127961808816 0.0010241153832496472 0.054621708221021303 0.0031828479194686565 8.3785787340439182 0.0029849892280893178 0.050108193235884779 12.053130551714785 0.002823834023742644 0.0072039207886120948 1.2139701024865264 18.636425676489523 269.36745548979911 280.86682544648647 0.0066236802376806736
leaf_count=370478 1376 12471 143 2802 358 16148 1314 1286 2980 437 717 16757 204 132 6141 676 4764 21 511
internal_value=0 -1242.52 461.694 -0.1321 -50.2463 -0.114674 -2.67639 -812.485 -1.64287 -97.1562 -0.990073 -0.0818519 -0.600855 -2343.6 -0.315194 -0.00836188 -0.163518 0.137427 -20.3593
internal_weight=0 0.0411958 0.040138 671.912 0.23356 671.679 8.49712 0.0108306 8.48629 0.0576067 8.42869 663.182 82.2578 0.0100278 82.2478 580.924 281.421 299.503 0.00980653
internal_count=439716 13990 1519 425726 3160 422566 23393 17945 5448 1751 3697 399173 376955 336 376619 22218 21521 697 1797
is_linear=0
shrinkage=0.1


Tree=23
num_leaves=19
num_cat=0
split_feature=35 69 35 53 45 58 42 46 0 54 49 3 31 51 36 55 43 43
split_gain=1.66847e+07 9.10645e+08 331522 5.00987e+06 134103 54550.7 290101 340357 38293.6 5.28729e+07 4.60528e+08 6.32807e+06 28294.6 2.30364e+06 11976.4 479.498 442.68 349.73
threshold=36.500000000000007 21.500000000000004 32.500000000000007 0.8306388556957246 3.5000000000000004 16.500000000000004 2.5000000000000004 3.5000000000000004 12182.500000000002 0.97914224863052379 6.5000000000000009 5.5000000000000009 18.500000000000004 644.50000000000011 17.500000000000004 0.96440017223358165 1.5000000000000002 2.5000000000000004
decision_type=2 2 2 2 2 2 2 2 2 2 2 2 2 2 2 2 2 2
left_child=2 -2 5 4 -4 8 7 -7 9 11 -11 -1 14 -14 -10 16 -8 -6
right_child=1 -3 3 -5 17 6 15 -9 12 10 -12 -13 13 -15 -16 -17 -18 -19
leaf_value=0.23210512574212394 46240.330885306139 -0.58003725117031946 -188.70657716394149 1113.516828396886 -7.1094166672845773 -1035.9320050188251 -6.8912950188491493 -0.10063983725320913 -0.15208158358518331 -654.07366922065967 69771.544693960241 2583.1105224472726 -11.235712877846815 -4567.3062756139761 0.72099055856295968 -0.10243353375055345 -25.208929869645129 -0.1395987161317028
leaf_weight=22.174158871937472 0.0043371270543265386 0.23608805681942613 0.042947612702845528 0.042947612702846527 0.098082947544753551 0.0063716934891989707 0.029454967007040977 0.0063172103837132454 381.93914235710037 0.0077984792268768833 0.0010540253138629418 0.0094896226403723416 0.18004738818672092 0.0011166563781444252 266.92256784551893 0.035536227747797966 0.023896978416814818 0.27065060577115219
leaf_count=51699 3756 32 717 66 39 114 17 2 351401 833 87 113 13025 7899 10132 7 29 45
internal_value=0 833.578 0.382429 85.7475 -21.4719 0.324619 -72.9527 -520.24 0.335708 4.4204 7731.17 1.337 0.196042 -39.3184 0.207075 -9.10178 -15.096 -1.99357
internal_weight=0 0.240425 671.792 0.454629 0.411681 671.337 0.101577 0.0126889 671.235 22.1925 0.0088525 22.1836 649.043 0.181164 648.862 0.0888882 0.0533519 0.368734
internal_count=440013 3788 436225 867 801 435358 169 116 435189 52732 920 51812 382457 20924 361533 53 46 84
is_linear=0
shrinkage=0.1


Tree=24
num_leaves=22
num_cat=0
split_feature=35 66 55 36 36 52 37 37 59 58 51 59 71 49 65 35 49 58 35 0 52
split_gain=1.36556e+06 9.26996e+07 6.87891e+07 2.60757e+06 701538 1.67512e+07 7.29562e+07 118107 1.92743e+07 2.52784e+09 5.30975e+07 5.29576e+06 2.88484e+07 113478 113522 82891.1 21331.4 5635.26 7273.67 2973.93 1752.6
threshold=33.500000000000007 16.500000000000004 0.9780130684375764 22.500000000000004 30.500000000000004 1.2764227390289309 949.50000000000011 1021.5000000000001 218.44999694824222 1.5000000000000002 170.50000000000003 594.54998779296886 13.500000000000002 32.500000000000007 46.500000000000007 18.500000000000004 31.500000000000004 16.500000000000004 29.500000000000004 11850.500000000002 1.3191679716110232
decision_type=2 2 2 2 2 2 2 2 2 2 2 2 2 2 2 2 2 2 2 2 2
left_child=4 -2 3 -3 7 6 16 13 9 10 -9 12 -10 17 -15 -13 -6 19 -19 -1 -7
right_child=1 2 -4 -5 5 20 -8 8 11 -11 -12 15 -14 14 -16 -17 -18 18 -20 -21 -22
leaf_value=-1.3013939488668298 -16268.927672523481 -2.9292186705744814 17264.280660060322 -3051.1223776300872 -5.7556249454979023 -1.5087542287654212 12816.510129894974 21780.796740930789 113.6813828819446 152257.83755726114 -157.68442333862916 -0.024399311498201376 2876.0797616327582 -420.60558030902041 -0.10131744434887852 -34.051269832166113 -252.92021256195255 -71.934348290299752 -0.10219789676037537 -0.098731414955017888 -14.325909783321743
leaf_weight=21.626051518266479 0.0034606059106313527 0.035385262010777296 0.0023830034770071498 0.003048158873852457 0.017683288946022113 0.46047718450509484 0.0055038794525898984 0.0011116940440832881 0.59074231214483042 0.0010987660498358301 0.14468441817734856 80.829184896302223 0.040389787770445551 0.012841724740382143 0.01283858565960827 0.72231657786005499 0.0043509239912964395 0.025058285759540215 0.03222487214952769 417.48198226417793 0.13885406113876658
leaf_count=47849 2848 11 883 623 45 27 527 424 1546 374 4633 1710 642 2867 85 1184 168 66 9 373538 71
internal_value=0 -554.768 777.552 -244.682 0.604295 106.329 2517.91 0.477213 3.95299 1148.41 9.5963 1.90737 290.463 -0.174346 -210.379 -0.325782 -54.5613 -0.162054 -31.5249 -0.157962 -4.47825
internal_weight=0 0.044277 0.0408164 0.0384334 522.147 0.626869 0.0275381 521.521 82.3295 0.146895 0.145796 82.1826 0.631132 439.191 0.0256803 81.5515 0.0220342 439.165 0.0572832 439.108 0.599331
internal_count=440130 4365 1517 634 435765 838 740 434927 10513 5431 5057 5082 2188 424414 2952 2894 213 421462 75 421387 98
is_linear=0
shrinkage=0.1


Tree=25
num_leaves=16
num_cat=0
split_feature=49 68 57 50 35 67 58 72 52 36 65 72 62 34 54
split_gain=7.14208e+06 2.0029e+08 7.76058e+06 1.99806e+07 345903 8.31417e+07 135135 566027 70720.5 9.14767e+06 1.23289e+07 22180.4 2.28249e+06 11874.8 4621.5
threshold=31.500000000000004 1.0000000180025095e-35 5.5000000000000009 18.500000000000004 32.500000000000007 3.5000000000000004 16.500000000000004 16.500000000000004 1.5121223330497744 22.500000000000004 36.500000000000007 1.0000000180025095e-35 1.0000000180025095e-35 269.50000000000006 0.98565539717674266
decision_type=2 2 2 2 2 2 2 2 2 2 2 2 2 2 2
left_child=4 -2 -3 -4 6 -6 8 -8 11 14 -11 12 -1 -13 -10
right_child=1 2 3 -5 5 -7 7 -9 9 10 -12 13 -14 -15 -16
leaf_value=-1.4850546334037991 22112.794975705496 2981.1649338581101 -8.2742333710210385 -6811.8550176286044 -20326.297024393687 244.69303417023491 -1029.9801530986788 -12.658092540585598 -0.76072316143707441 2833.111089228903 -32.164270734923491 -3.0977801243077838 333.00726342508074 -0.0097463365896647142 -23.712152955219079
leaf_weight=11.919515357372605 0.0042404427371128808 0.0075517231598496428 0.083795909769833088 0.0045509566930377323 0.0020072618746088669 0.092782959342002869 0.0066027143038799299 0.031856645133302663 6.2997156838534671 0.026841097492251609 0.034090413906746164 12.77644220908604 0.20755572573838321 491.3774439132855 0.088972191098480091
leaf_count=71834 3612 1902 41 1227 1312 107 143 27 13058 39 45 101935 386 243497 346
internal_value=0 844.697 -95.7352 -358.743 0.0952316 -190.915 0.129866 -187.312 0.143657 10.5503 1230.03 0.0136528 4.23981 -0.0880044 -1.08036
internal_weight=0 0.100139 0.0958986 0.0883469 522.864 0.0947902 522.769 0.0384594 522.731 6.44962 0.0609315 516.281 12.1271 504.154 6.38869
internal_count=439511 6782 3170 1268 432729 1419 431310 170 431140 13488 84 417652 72220 345432 13404
is_linear=0
shrinkage=0.1


Tree=26
num_leaves=18
num_cat=0
split_feature=0 0 35 48 34 34 50 31 0 54 36 0 55 72 34 57 48
split_gain=5.66156e+06 9.00281e+07 2.32337e+06 1.75279e+08 2.80866e+07 4.17243e+06 1.16405e+06 263622 75740 709689 519548 329791 1.73776e+07 105562 10082.3 45585.2 1.2407e-12
threshold=140135.50000000003 151171.00000000003 31.500000000000004 16.500000000000004 881.50000000000011 944.50000000000011 16.500000000000004 18.500000000000004 11412.500000000002 0.97597265243530285 9.5000000000000018 11668.500000000002 0.96288263797760021 1.0000000180025095e-35 1076.5000000000002 1.0000000180025095e-35 19.500000000000004
decision_type=2 2 2 2 2 2 2 2 2 2 2 2 2 2 2 2 2
left_child=2 6 7 -4 -5 -6 14 8 9 10 -1 12 -10 -13 15 16 -2
right_child=1 -3 3 4 5 -7 -8 -9 11 -11 -12 13 -14 -15 -16 -17 -18
leaf_value=-5.0482952591042309 -0.10001643339457189 -24704.153947917082 13440.264003460907 -9624.6379894686233 -38.365598384339641 -1499.7476848003589 -2894.7118331471775 -112.873946044739 -1.8563556851782117 -746.42279142942232 -210.96808501714187 18.528849635129042 3582.8694302460171 0.0017705143300141956 -3.9561575307559544 -728.12743644918328 -0.10001288394424163
leaf_weight=4.8942098204924003 0.0018436294194385935 0.0015665445073074621 0.0094851646572341464 0.0034806141661647408 0.065326091600582004 0.027873268350958824 0.0014855187045469112 0.20668354570000147 0.68608061210504834 0.013127684937812911 0.12567259252394691 3.0935237134600575 0.013795090166647928 522.99082109101789 0.025941986110410653 0.0010988597096002195 0.0021140125354577322
leaf_count=43998 18 4963 2063 1224 137 1476 1627 14526 1336 895 866 62854 324 303323 36 47 27
internal_value=0 -1289.36 0.134786 467.897 -804.808 -475.423 -160.18 0.0414445 0.0853276 -12.1238 -10.2035 0.201976 68.8014 0.110715 -29.1349 -158.312 -0.100015
internal_weight=0 0.0340506 532.13 0.106165 0.09668 0.0931994 0.032484 532.024 531.817 5.03301 5.01988 526.784 0.699876 526.084 0.0309985 0.0050565 0.00395764
internal_count=439740 6718 433022 4900 2837 1613 1755 428122 413596 45759 44864 367837 1660 366177 128 92 45
is_linear=0
shrinkage=0.1


Tree=27
num_leaves=37
num_cat=0
split_feature=72 39 51 48 59 13 65 50 37 1 33 52 50 49 59 39 66 71 35 51 33 52 53 37 59 1 59 35 29 35 48 32 59 35 35 57
split_gain=9.03337e+07 4.35021e+07 6.21879e+07 3.32058e+06 2.80156e+06 2.08512e+06 1.35072e+06 1.08567e+06 917991 5.48346e+06 758447 276596 250903 288694 1.61497e+07 156165 573337 138591 115309 113705 279090 103211 2.03725e+07 2.23145e+08 47004.2 31782.5 28319.9 6.69845e+06 106657 26512.3 24388.2 13688.8 8603.11 9856.03 3429.03 519.302
threshold=1.0000000180025095e-35 1.5000000000000002 1157.5000000000002 20.500000000000004 194.75000000000003 1.0000000180025095e-35 36.500000000000007 9.5000000000000018 842.50000000000011 15.500000000000002 885.50000000000011 0.78558373451232921 30.500000000000004 30.500000000000004 1063.2500000000002 2.5000000000000004 8.5000000000000018 7.5000000000000009 1.5000000000000002 1242.5000000000002 1232.5000000000002 1.5545349121093752 0.91734972596168529 357.50000000000006 119.75000000000001 18.500000000000004 293.65000915527349 18.500000000000004 2.5000000000000004 2.5000000000000004 5.5000000000000009 12.500000000000002 465.75000000000006 17.500000000000004 5.5000000000000009 5.5000000000000009
decision_type=2 2 2 2 2 2 2 2 2 2 2 2 2 2 2 2 2 2 2 2 2 2 2 2 2 2 2 2 2 2 2 2 2 2 2 2
left_child=1 2 3 4 6 19 -1 -5 15 11 18 -10 13 21 -15 16 25 -6 -7 20 -4 26 30 -24 -21 -3 27 -2 -28 -9 -23 -18 35 -34 -12 -17
right_child=12 8 5 7 17 10 -8 29 9 -11 34 -13 -14 14 -16 32 31 -19 -20 24 -22 22 23 -25 -26 -27 28 -29 -30 -31 -32 -33 33 -35 -36 -37
leaf_value=-359.17542798975546 -2.4357305792438169 -354.46223698068434 -370.91535920715995 -6.7217401533580645 -11.596764220235267 -386.2144003216236 -65.298627756466743 -492.07241916614061 -1.1258183407768694 992.11741180769479 -49.567366784309399 -267.70213447152003 100.57914185494478 -6876.8054375023366 -9.3333566141157949 -0.18486003040175292 -44.227883835854684 -178.26767734045319 -598.4500813429396 -2.1534822777020572 -8.7494079275661498 -119.41194327229822 -135.39500535082661 49086.182363882588 -71.355187400305184 -620.14964492846752 0.16712674558598103 -3855.0802924387776 42.793515892889474 -339.48008118956432 -1.136688204923294 -1.6551465555838982 -26.757768938808422 -2.4558590421500988 -2.5289516811298629 -1.8999536676702808
leaf_weight=16.20650604522783 27.827984165716256 0.045408104181058229 0.029109305213059211 0.38049559914361353 0.23478045287020077 0.12942890236069438 0.15792351393527937 0.012800391385098919 0.098678939316499473 0.063031169041454227 0.026179505686741322 0.064275426377323239 0.24852159856140943 0.0034755016677071584 0.23236427293159068 7.9187578787173685 0.12230823901403642 0.063352158954361526 0.031910660976791405 8.072035371185919 0.079090365208685398 0.017600921307847517 0.010347758675205033 0.0010110235299559235 0.099361164204311403 0.0049979873075278727 495.02875680300758 0.0045136422850252647 0.58768793944221798 0.1030684796605783 1.8364180932246656 0.19746451670653187 0.27550460921829223 0.42329925731538875 0.037982304260367528 2.2719003034110514
leaf_count=68612 316867 192 162 36 43 761 122 128 7 520 52 331 3889 2088 51 249 69 175 259 1815 15 1690 5946 423 294 79 28014 3088 449 1640 1939 11 84 28 14 107
internal_value=0 -161.226 -233.619 -343.212 -350.805 -12.5148 -356.339 -88.3343 0.530534 200.086 -312.539 -106.274 0.124884 0.0773814 -110.537 -3.47463 -67.3491 -47.0138 -428.192 -4.34345 -106.184 0.127042 23.6076 4245.72 -2.99495 -380.806 0.0433659 -3.06052 0.217672 -356.337 -2.25952 -17.9386 -1.30326 -12.0369 -21.7217 -0.567222
internal_weight=0 37.1497 25.664 17.1589 16.6626 8.5051 16.3644 0.496364 11.4856 0.225986 0.225501 0.162954 525.799 525.55 0.23584 11.2596 0.370179 0.298133 0.16134 8.2796 0.1082 525.314 1.86538 0.0113588 8.1714 0.0504061 523.449 27.8325 495.616 0.115869 1.85402 0.319773 10.8895 0.698804 0.0641618 10.1907
internal_count=440249 75805 74128 70756 68952 3372 68734 1804 1677 858 1086 338 364444 360555 2139 819 351 218 1020 2286 177 358416 9998 6369 2109 271 348418 319955 28463 1768 3629 80 468 112 66 356
is_linear=0
shrinkage=0.1


Tree=28
num_leaves=24
num_cat=0
split_feature=0 55 52 59 70 0 35 59 58 3 2 52 54 1 37 71 33 50 54 70 39 53 37
split_gain=1.6068e+07 1.14296e+08 3.56761e+07 2.2027e+06 3.06832e+06 320429 2.41594e+07 2.96677e+06 206247 1.15061e+07 3.62191e+07 202850 138301 771337 102706 316404 75479.8 72601.4 58217.3 377711 263.906 76.4431 9.50475e-12
threshold=11412.500000000002 0.94768300652503978 1.3076668381690981 1113.7500000000002 3.5000000000000004 11668.500000000002 10.500000000000002 1193.799987792969 14.500000000000002 23.500000000000004 0.97334998846054088 0.79099637269973766 1.000961482524872 13.500000000000002 1021.5000000000001 15.500000000000002 1342.5000000000002 29.500000000000004 0.91925641894340526 7.5000000000000009 16.500000000000004 0.84231248497962963 965.50000000000011
decision_type=2 2 2 2 2 2 2 2 2 2 2 2 2 2 2 2 2 2 2 2 2 2 2
left_child=1 2 3 4 -1 6 7 -2 12 10 -10 -6 16 -14 22 -16 17 -7 20 -20 -11 -12 -5
right_child=5 -3 -4 14 11 8 -8 -9 9 18 21 -13 13 -15 15 -17 -18 -19 19 -21 -22 -23 -24
leaf_value=-7281.7787522315457 -1930.4349382722307 -34356.65967390118 -19288.998561707132 -0.10003267088766077 -0.10003240266982179 0.21986497856016562 6226.6324520881899 -1.4994910761463025 -10673.405144391592 -4.7489405621072924 -0.10066244617615627 -1813.5352807560787 -10.960018780224791 384.45591565836742 -1845.7879768116375 -0.10006510450469602 -57.763380878907952 80.102842400390145 -647.71482790042137 -7.973118966740957 -0.27978589627085387 -15.381564583055761 -0.10002799357335866
leaf_weight=0.0010574484658117875 0.0084441337444322029 0.0010736320907338412 0.0010420501703320107 0.013091774584609084 0.0013199006219041698 532.06991171582354 0.0062677147179783779 0.14305864321067929 0.0042067545321251036 0.1493492599064693 0.0065507237581649671 0.0011580231481968573 0.25094771324398063 0.061403973567230319 0.001300328178331255 0.0032508204458281398 0.22446710789347335 0.11379657476913863 0.01050007753160298 0.076232092030405152 1.1459318662102758 0.0065441165368895623 0.0065024501473089904
leaf_count=19007 1400 6790 11836 45 625 377742 251 21 1461 128 96 7229 353 102 81 16 7979 4400 157 38 64 65 29
internal_value=0 -2322.07 -1124.64 -440.84 -2772.09 0.192897 142.684 -109.01 0.150807 -38.1904 -2601.02 -847.584 0.25152 66.7732 -99.498 -527.439 0.212493 0.236946 -6.10611 -85.4223 -0.795091 -7.73726 -0.100031
internal_weight=0 0.0297964 0.0287228 0.0276807 0.00353537 534.278 0.15777 0.151503 534.12 1.39931 0.0173016 0.00247792 532.721 0.312352 0.0241454 0.00455115 532.408 532.184 1.38201 0.0867322 1.29528 0.0130948 0.0195942
internal_count=439915 45658 38868 27032 26861 394257 1672 1421 392585 2009 1622 7854 390576 455 171 97 390121 382142 387 195 192 161 74
is_linear=0
shrinkage=0.1


Tree=29
num_leaves=26
num_cat=0
split_feature=0 54 59 32 59 0 58 41 69 58 50 31 50 35 31 48 65 71 37 1 73 54 73 72 50
split_gain=477173 3.59967e+08 1.05737e+08 349728 3.80552e+06 264609 257750 9.65742e+06 1.91432e+07 950454 4.95844e+07 6.29954e+07 790072 82395.7 46908.4 18703.9 39399.1 14679.5 48618.3 61940.4 10871.5 3805.95 133.105 59.9944 3.37111e-08
threshold=11668.500000000002 0.91280856728553783 1117.0000000000002 16.500000000000004 102.75000000000001 116414.00000000001 14.500000000000002 2.5000000000000004 13.500000000000002 13.500000000000002 32.500000000000007 4.5000000000000009 26.500000000000004 29.500000000000004 17.500000000000004 19.500000000000004 31.500000000000004 14.500000000000002 965.50000000000011 5.5000000000000009 16.500000000000004 0.89900255203247081 10.500000000000002 4.5000000000000009 7.5000000000000009
decision_type=2 2 2 2 2 2 2 2 2 2 2 2 2 2 2 2 2 2 2 2 2 2 2 2 2
left_child=1 2 -1 6 5 15 9 8 -8 12 20 -12 14 22 -2 21 -17 18 -4 -20 -11 -5 -9 -19 -25
right_child=3 -3 17 4 -6 -7 7 13 -10 10 11 -13 -14 -15 -16 16 -18 23 19 -21 -22 -23 -24 24 -26
leaf_value=-22983.750767308469 0.19011807379497084 54486.711142505257 -0.10007087033324631 -0.10087666203976847 -6142.477207556838 -1305.7051337430719 -6835.0801858927416 -3.8728634454848114 -47.986662552450952 -47.524556060937861 22266.971530147635 -1226.7578493623935 -180.32150279210555 -138.35880860130459 -31.744209356054085 -0.10000151538795617 -772.7207906424776 -8.617649143112839 -71.993916278330545 -1071.0453380839283 -0.11210655515614631 -199.12896256604509 -0.10808489617787115 -0.10013412684418102 -0.10035368413794082
leaf_weight=0.0020927919828311247 490.06991725567559 0.0011978764178340378 0.0065387420763727278 0.021904762995406422 0.0010907828966511225 0.0017616352322420417 0.006218014156359271 0.10640772810148025 0.012529905757946306 0.097021012056619213 0.0022826255299150935 0.0022826255299150944 0.24266973027078975 0.045568369030372313 0.46040754471994105 0.001820354183280414 0.0010354368031357808 0.011740772279154044 0.0013909387635067105 0.0011205053888261318 0.096428238346471143 0.0010048788821563895 0.79961057147590509 0.013925771694630384 0.014047618024051189
leaf_count=40306 360257 7109 22 3963 2133 9996 1201 95 268 1556 45 122 2993 274 7094 827 739 18 29 44 34 464 143 39 14
internal_value=0 302.819 -973.415 0.0371861 -349.533 -119.983 0.0575218 -51.4309 -2299.02 0.159281 219.202 10520.1 0.0709031 -7.14944 0.160145 -38.9124 -280.233 -28.8097 -143.744 -517.73 -23.891 -8.83079 -0.550241 -2.61826 -0.100244
internal_weight=0 0.052055 0.0508571 491.97 0.0286179 0.0275271 491.941 0.970335 0.0187479 490.971 0.198015 0.00456525 490.773 0.951587 490.53 0.0257654 0.00285579 0.0487643 0.00905019 0.00251144 0.193449 0.0229096 0.906018 0.0397142 0.0279734
internal_count=439785 47581 40472 392204 18122 15989 374082 1981 1469 372101 1757 167 370344 512 367351 5993 1566 166 95 73 1590 4427 238 71 53
is_linear=0
shrinkage=0.1


Tree=30
num_leaves=24
num_cat=0
split_feature=0 54 52 58 35 31 1 57 71 71 13 36 28 33 36 49 59 47 65 66 72 71 66
split_gain=1.3329e+09 3.10931e+10 1.22645e+06 291359 1.99283e+07 234236 1.19903e+07 124429 30906.9 55364.5 30196.7 3.08472e+06 323111 19607.5 705128 215773 14017.8 14705.3 6663.18 4991.92 757.34 525.906 12.75
threshold=11668.500000000002 0.84726130962371837 1.2365539073944094 14.500000000000002 28.500000000000004 17.500000000000004 18.500000000000004 4.5000000000000009 13.500000000000002 10.500000000000002 1.0000000180025095e-35 10.500000000000002 18.500000000000004 323.50000000000006 25.500000000000004 28.500000000000004 647.85000610351574 2.5000000000000004 21.500000000000004 5.5000000000000009 13.500000000000002 12.500000000000002 14.500000000000002
decision_type=2 2 2 2 2 2 2 2 2 2 2 2 2 2 2 2 2 2 2 2 2 2 2
left_child=1 2 7 5 16 10 18 -1 9 -9 13 12 -12 15 -15 -2 17 -5 -7 -10 -18 -20 -22
right_child=3 -3 -4 4 -6 6 -8 8 19 -11 11 -13 -14 14 -16 -17 20 -19 21 -21 22 -23 -24
leaf_value=-1165.2519945681249 0.16083450496830229 -492730.97954766825 -3592.956625723657 -163.49266307036117 -4283.6609010526199 -224.29234385502488 -5072.4277167047776 -0.10002710237511321 -184.93062861848702 -922.84144634664381 -6.6787168590495076 -5180.9555746465639 -1423.7958054625922 -1.2554199756216617 -205.61384631553875 69.562157148196704 -13.710704803307829 -0.10112660311005586 -53.19613966987248 -4.039317110594296 -1.51768091892555 -0.15410208765240496 -0.1077739352900061
leaf_weight=0.001029908571388626 476.31742544181674 0.0013355897390283636 0.0010298212291672817 0.01101648248731335 0.011018872732652785 0.0013381366945535702 0.0047510825112614943 0.0016255908412858835 0.0016231090393787886 0.0010837272275239229 0.395474389516138 0.0011581098760625177 0.0016155136471908685 28.729701191101245 0.16984109643453749 0.44840399938288911 0.044096661100109569 0.011016541832875815 0.0018833761460000922 0.025386580887200694 0.070591698866337538 0.2492319206157847 0.70179000826975724
leaf_count=19519 170041 15122 12026 331 1202 972 21261 170 32 228 9683 116 2476 178819 2187 1786 264 44 961 401 22 1745 169
internal_value=0 -20063.5 -198.346 -0.0955493 -58.6097 0.0026286 -95.4037 -84.656 -47.2081 -369.197 0.0511184 -27.4742 -12.4441 0.0727966 -2.45642 0.226107 -3.08832 -81.7967 -1.73786 -14.9097 -0.964345 -0.55192 -0.236632
internal_weight=0 0.0331143 0.0317787 507.17 0.84953 506.321 0.257205 0.0307489 0.029719 0.00270932 506.064 0.398248 0.39709 505.665 28.8995 476.766 0.838511 0.022033 0.252453 0.0270097 0.816478 0.251115 0.772382
internal_count=439577 47498 32376 392079 2032 390047 24939 20350 831 398 365108 12275 12159 352833 181006 171827 830 375 3678 433 455 2706 191
is_linear=0
shrinkage=0.1


Tree=31
num_leaves=24
num_cat=0
split_feature=0 0 50 53 71 52 72 59 0 59 17 57 49 34 51 35 59 55 35 49 34 54 70
split_gain=4.40656e+07 2.86646e+10 307946 6.05383e+07 2.08851e+08 4.59491e+06 37405.1 2.30501e+07 936970 937615 489458 1.82811e+07 301099 240763 1.34664e+06 176682 47384.7 3378.55 53328.8 106686 189.82 19.9741 0.000190585
threshold=11850.500000000002 11668.500000000002 22.500000000000004 0.8306388556957246 16.500000000000004 1.0198929309844973 1.0000000180025095e-35 572.14999389648449 12052.500000000002 102.75000000000001 1.0000000180025095e-35 3.5000000000000004 15.500000000000002 269.50000000000006 919.50000000000011 23.500000000000004 293.65000915527349 0.9345686435699464 6.5000000000000009 10.500000000000002 269.50000000000006 0.87758269906044017 4.5000000000000009
decision_type=2 2 2 2 2 2 2 2 2 2 2 2 2 2 2 2 2 2 2 2 2 2 2
left_child=1 -1 6 4 -4 -5 7 8 9 -2 13 12 -12 14 -8 -10 -15 20 -19 -20 -3 22 -22
right_child=2 17 3 5 -6 -7 10 -9 15 -11 11 -13 -14 16 -16 -17 -18 18 19 -21 21 -23 -24
leaf_value=469447.75057283213 -0.10361056340203234 -7.0637796762362219 -38166.31021145764 1879.2837632254643 11435.574782973783 -28.821766770083226 -126.29080691425901 2413.4065877631069 -0.97700699218109666 746.59236124261963 -7.5938800738222785 -13212.054517657863 -1634.3010501921653 -14.661507982358357 -3662.5735317909998 89.346028009057434 -0.0094608491893700304 -0.10452906974207604 -1259.4740060479648 -0.1000015239731603 -0.10506970373797489 -2.2407901920527338 -0.10881519618399647
leaf_weight=0.0013026842708115929 0.033633090555645562 0.043109040069996052 0.0016978369067840468 0.013469135883497074 0.0016976429762258743 0.20027708100121799 0.076857998102581648 0.039636455525978387 31.965766350748147 0.033633090555667877 0.053376904286754512 0.0010747842032643928 0.0011626476447750339 2.2174192874616656 0.0010921580634996033 0.21804627776145835 478.96464839804156 0.042677064439613721 0.0010322588823399306 0.0019309496774440049 0.18368191388401744 0.046818181646921309 0.52173178377506135
leaf_count=47506 279 1102 9209 27 1076 323 77720 197 64650 25 6948 421 4873 196591 4259 546 23812 92 89 130 212 123 31
internal_value=0 723.927 0.0309746 -119.031 -13366.8 91.4168 0.0813116 3.37609 0.414173 373.244 -0.13973 -296.786 -42.2712 -0.10545 -175.838 -0.365066 -0.0769815 -2.12877 -28.5879 -438.814 -0.610423 -0.240593 -0.10784
internal_weight=0 0.842284 513.823 0.217142 0.00339548 0.213746 513.606 32.2907 32.2511 0.0672662 481.316 0.0556143 0.0545396 481.26 0.0779502 32.1838 481.182 0.840981 0.0456403 0.00296321 0.795341 0.752232 0.705414
internal_count=440241 49285 390956 10635 10285 350 380321 65697 65500 304 314624 12242 11821 302382 81979 65196 220403 1779 311 219 1468 366 243
is_linear=0
shrinkage=0.1


Tree=32
num_leaves=20
num_cat=0
split_feature=0 34 39 72 52 54 34 50 50 0 37 49 0 34 35 34 69 39 30
split_gain=2.48361e+09 9.47571e+11 1.08322e+10 1.6346e+09 4.24122e+07 5.51237e+07 3.69939e+06 1.82743e+06 67649.1 2.75902e+07 4.63107e+08 212722 74397.1 35572.3 2.14423e+07 18633.1 6586.42 637430 206.159
threshold=11850.500000000002 432.50000000000006 1.5000000000000002 5.5000000000000009 0.8440355956554414 0.75769758224487316 640.50000000000011 21.500000000000004 17.500000000000004 35583.500000000007 529.50000000000011 28.500000000000004 32095.000000000004 234.50000000000003 14.500000000000002 364.50000000000006 8.5000000000000018 4.5000000000000009 92.500000000000014
decision_type=2 2 2 2 2 2 2 2 2 2 2 2 2 2 2 2 2 2 2
left_child=1 -1 3 -3 -4 6 -6 8 11 10 12 13 -10 14 -2 -15 17 -11 -18
right_child=7 2 4 -5 5 -7 -8 -9 9 16 -12 -13 -14 15 -16 -17 18 -19 -20
leaf_value=-3054791.089905194 1.1664560453031996 -303361.83782849851 -9019.1699660467384 -132432.38118410236 -67.412477212818388 -8752.8895553929196 -760.85347434039375 270.55341785476497 -816.06573033465963 -2221.3175427450205 69080.980422162989 -210.51000406964778 -6.5812584481504395 -6.0427778581780727 4407.4419786890139 -0.047585627595544772 -0.25143014819432985 -3.921768641624491 -3.2617922139440014
leaf_weight=0.0010179984895208874 10.702836712564132 0.0011567048715928055 0.0056214224977705332 0.0010835726661069245 0.47990340812684296 0.0075975784816739713 0.091620301769161694 0.24997329270342916 0.001225541688064209 0.0013055902749735107 0.0010283724468560232 0.048002734780310585 0.015431782313969498 5.237111964165023 0.011055454611779036 512.81809644413124 5.5822988758275072 0.18457926067276947 0.23715538528080138
leaf_count=39404 86763 5165 587 1951 339 1116 718 12317 368 8249 763 589 193 86022 275 192600 753 414 1359
internal_value=0 -6502.43 -1215.81 -220687 -374.972 -291.065 -178.577 0.237017 0.110677 10.6488 3954.57 -0.00934892 -66.1381 0.00976076 5.71321 -0.108192 -0.965993 -19.496 -0.374109
internal_weight=0 0.588001 0.586983 0.00224028 0.584743 0.579121 0.571524 535.09 534.84 6.02302 0.0176857 528.817 0.0166573 528.769 10.7139 518.055 6.00534 0.185885 5.81945
internal_count=439945 49280 9876 7116 2760 2173 1057 390665 378348 12099 1324 366249 561 365660 87038 278622 10775 8663 2112
is_linear=0
shrinkage=0.1


Tree=33
num_leaves=26
num_cat=0
split_feature=0 36 34 34 69 36 58 65 52 52 50 35 39 58 69 1 31 52 50 1 13 57 54 36 36
split_gain=6.29601e+07 9.20937e+10 1.0571e+11 6.46298e+08 1.68001e+08 3.69864e+08 9.43822e+07 8.71536e+09 2.98444e+07 738420 562759 6.40689e+06 1.04482e+06 158791 9.36093e+06 3.24029e+07 26935.8 1.27715e+06 19778.9 77843 18210.2 13957.8 1662.66 10928.5 291.501
threshold=12052.500000000002 11.500000000000002 539.50000000000011 269.50000000000006 14.500000000000002 5.5000000000000009 4.5000000000000009 37.500000000000007 1.0087547302246096 1.0106704235076907 20.500000000000004 29.500000000000004 18.500000000000004 13.500000000000002 14.500000000000002 130.50000000000003 17.500000000000004 0.92611464858055126 19.500000000000004 23.500000000000004 1.0000000180025095e-35 1.5000000000000002 0.91596192121505748 18.500000000000004 18.500000000000004
decision_type=2 2 2 2 2 2 2 2 2 2 2 2 2 2 2 2 2 2 2 2 2 2 2 2 2
left_child=1 3 -3 -1 6 -6 7 -5 -7 -8 13 12 -12 16 15 -15 18 -18 21 -20 -19 -2 24 -24 -16
right_child=10 2 -4 4 5 8 9 -9 -10 -11 11 -13 -14 14 22 -17 17 20 19 -21 -22 -23 23 -25 -26
leaf_value=8626.1031691230764 -2.5597903059861413 1390876.7895656063 -6699.0065145545013 -278889.84027292317 -65667.721962562355 -906.29770297508992 -10.818532792363506 -584.60867063766659 -19668.820520881236 -237.53845115669469 -288.78297554502126 555.42602010358223 -0.52482723846130408 -13437.029954176915 -0.10215149287694188 -0.10021674754757592 -1831.4564405045912 -50.933923544310808 -76.49908343978673 -0.27988404870338679 -0.26888313175004297 -0.049411023262337699 -0.10228127936664731 -183.41898195450457 -5.0002538618826797
leaf_weight=0.085668769220827445 23.235033790992986 0.0010227841385125466 0.0011494413299430878 0.0011327057055114656 0.0012273933129678264 0.0041933455504477024 3.4238264763824597 0.170578487247428 0.0010626008941702191 0.1499475401567304 0.1676736723240414 0.21436649560928345 0.50280189514160156 0.0023219590076039029 0.46960053652433931 0.0079028770703146733 0.003876908589603322 0.086199373372779053 0.16760063171386619 0.66828933096985565 0.40076564252828339 473.50630590612604 0.021923203843519423 0.0038184887315897411 0.16391237489644661
leaf_count=32899 311217 573 378 10506 1694 75 549 3176 552 864 10663 3723 11 1737 60 24 7832 8824 574 63 294 42834 112 233 141
internal_value=0 406.341 651344 37.8895 -158.205 -16241.7 -130.365 -2420.47 -4699.54 -20.3312 -0.139849 79.5391 -72.6129 -0.281213 -48.9503 -3051.49 -0.215794 -23.6301 -0.192697 -15.5623 -9.23728 -0.166834 -2.38178 -27.2952 -1.36947
internal_weight=0 3.83981 0.00217223 3.83764 3.75197 0.00648334 3.74549 0.171711 0.00525595 3.57377 499.622 0.884842 0.670476 498.738 0.669479 0.0102248 498.068 0.490842 497.577 0.83589 0.486965 496.741 0.659255 0.0257417 0.633513
internal_count=439608 51266 951 50315 17416 2321 15095 13682 627 1413 388342 14397 10674 373945 2307 1761 371638 16950 354688 637 9118 354051 546 345 201
is_linear=0
shrinkage=0.1


Tree=34
num_leaves=21
num_cat=0
split_feature=0 68 34 33 54 59 49 67 59 58 67 54 39 50 69 50 55 39 50 2
split_gain=1.65773e+08 3.52009e+09 1.64349e+09 6.54117e+08 8.7082e+08 2.76799e+07 3.78893e+06 1.18302e+06 1.15224e+06 186452 1.10614e+07 2.01184e+06 2.10682e+06 147838 1.01279e+06 88945.4 7.35981e+06 56624.5 24131.9 11102.6
threshold=12182.500000000002 1.5000000000000002 364.50000000000006 68.500000000000014 0.92285734415054332 388.55000305175787 29.500000000000004 1.5000000000000002 1110.2500000000002 15.500000000000002 3.5000000000000004 0.91447648406028759 19.500000000000004 19.500000000000004 15.500000000000002 18.500000000000004 0.93947863578796398 16.500000000000004 17.500000000000004 0.96224999427795421
decision_type=2 2 2 2 2 2 2 2 2 2 2 2 2 2 2 2 2 2 2 2
left_child=1 2 -1 5 -5 -4 9 -6 -7 13 11 19 -13 15 -15 18 -17 -16 -2 -11
right_child=6 -3 3 4 7 8 -8 -9 -10 10 -12 12 -14 14 17 16 -18 -19 -20 -21
leaf_value=9235.6666821573017 -0.074853300737585005 175364.04925242779 -2889.8027554049704 -120124.38984248282 -6547.5744800188259 -273.12390326393108 446.49343630630977 -11233.579830866627 -10.014896332135363 -48.858712893930559 2283.7753824325182 -2240.806839144539 -11.888585751215256 -312.9414383575272 -73.023690954224691 1559.6600359954721 -12.921315619219971 -0.37305091509845201 -12.859688280847273 -1.1962910035337153
leaf_weight=0.20740813520354229 541.41265101024328 0.0011560911008460231 0.034741614384867003 0.0010472486471091876 0.0010080222606554596 0.18680387156696943 0.19005133223254134 0.0011572549388552589 1.527259130542916 0.05947906896472277 0.021291593089699745 0.0084794703987449704 0.0084834022422910493 0.11795709282159705 0.11795709282159794 0.030539052561038171 1.1673793450863739 1.1853917390108106 1.4804256501491853 0.27409779631904541
leaf_count=34881 361335 5378 2755 7421 704 906 8104 600 222 51 89 397 17 8841 699 2348 923 18 3923 89
internal_value=0 921.245 818.321 -178.145 -45260.4 -95.3293 0.0698784 -9052.06 -38.6893 -0.0855454 70.7028 -63.718 -1126.09 -0.133796 -32.3432 -0.0496569 27.1692 -6.94816 -0.109717 -9.69483
internal_weight=0 1.96058 1.95943 1.75202 0.00321253 1.7488 546.074 0.00216528 1.71406 545.884 0.371831 0.35054 0.0169629 545.512 1.42131 544.091 1.19792 1.30335 542.893 0.333577
internal_count=439701 52867 47489 12608 8725 3883 386834 1304 1128 378730 643 554 414 378087 9558 368529 3271 717 365258 140
is_linear=0
shrinkage=0.1


Tree=35
num_leaves=34
num_cat=0
split_feature=37 1 71 51 49 39 53 72 58 59 50 73 1 54 57 65 37 72 54 72 55 19 52 53 39 55 1 39 47 44 59 1 52
split_gain=2.6842e+06 2.59179e+08 1.64036e+09 3.3732e+07 2.34321e+06 2.54553e+08 1.57372e+06 5.39611e+07 7.79626e+07 7.2387e+06 1.14703e+06 4.72303e+06 887224 2.03067e+07 850615 1.35294e+08 1.29461e+08 1.85211e+07 263172 1.1962e+06 227903 164830 154707 4.96773e+06 142984 139026 95522 22712.3 7081.7 55100 2112.23 716.011 574.027
threshold=1021.5000000000001 7.5000000000000009 12.500000000000002 282.50000000000006 16.500000000000004 7.5000000000000009 0.50750017166137706 4.5000000000000009 2.5000000000000004 34.250000000000007 17.500000000000004 14.500000000000002 8.5000000000000018 0.91754171252250682 1.5000000000000002 34.500000000000007 842.50000000000011 1.5000000000000002 0.98776885867118847 7.5000000000000009 0.92004689574241649 1.0000000180025095e-35 1.6224524378776553 0.96329966187477123 6.5000000000000009 0.93621218204498302 3.5000000000000004 17.500000000000004 1.0000000180025095e-35 1.0000000180025095e-35 1341.3999633789065 27.500000000000004 1.1581313610076907
decision_type=2 2 2 2 2 2 2 2 2 2 2 2 2 2 2 2 2 2 2 2 2 2 2 2 2 2 2 2 2 2 2 2 2
left_child=6 2 -2 -4 12 -6 7 9 -9 -1 14 -12 13 25 15 17 -17 -8 24 -20 30 -7 26 -24 -14 -3 -16 -13 32 -30 -5 -29 -11
right_child=1 4 3 20 5 21 10 8 -10 28 11 27 18 -15 22 16 -18 -19 19 -21 -22 -23 23 -25 -26 -27 -28 31 29 -31 -32 -33 -34
leaf_value=-2763.7059286803119 11781.238436324082 -0.85297836268684779 1415.4688532275136 -11.125195740369396 25101.96184863861 -155.39207617718077 -4.7040962904245553 -36394.154050392062 -205.72268651640584 -0.54093586838542906 -810.53749104535973 -56.483932917028007 -30.511189101708528 1714.3986279562826 -34.601693458330708 -13971.342333634922 -190.33003443259332 -2456.031237127997 352.99746534243019 -2.1152316066941159 -142.99099653800428 -0.11944497015063829 -20.167931191939459 2333.3381854812792 0.098663228956231822 -107.97580251829397 -0.32787454965564561 -0.1126977113301134 -783.50076444084993 -10.436673399574708 -0.46427349617868519 -9.2050894050047187 -21.271045859046271
leaf_weight=0.0098776964299662762 0.13668003221243807 1.0906045356823582 0.19504292309284188 0.27258476614952087 0.0040746516569346572 0.137177960423287 11.547370303723092 0.0010056587809186264 0.0014589830319637349 0.2326697805730433 0.089459071972072035 0.10821387578051228 1.543160809685246 0.072072297334671132 0.81482894834931485 0.013599364524386738 0.013667763859593195 0.030904789413390144 0.11703724414110084 0.50052846968173981 0.13648620749881957 0.13629238307476044 0.19935264676536135 0.0093911569565534592 137.53524283008508 0.13629238307476055 398.05398115195868 0.19765593606157356 0.0010211887097315601 0.0094901002518551474 0.58402994275093079 0.15415838360786438 0.014171203231706148
leaf_count=10683 1651 274 563 660 4499 570 109088 6884 137 665 18290 335 3554 443 1229 101078 3647 126104 194 21 688 7 801 498 1532 257 44122 23 1284 178 9 26 94
internal_value=0 14.4401 1406.62 213.154 1.38459 291.661 -1.4805 -242.963 -14971.8 -107.119 -1.32213 -145.706 0.813187 83.0767 -1.12895 -27.8165 -7063.55 -11.2472 0.0482556 65.1835 -22.9785 -78.0072 -0.352849 85.7138 -0.240972 -12.7529 -0.397891 -16.42 -5.15419 -85.5411 -3.8567 -4.09681 -1.73106
internal_weight=0 142.597 1.32482 1.18814 141.272 0.277545 411.502 0.269695 0.00246464 0.26723 411.233 0.549487 140.995 1.29897 410.683 11.6055 0.0272671 11.5783 139.696 0.617566 0.993101 0.27347 399.078 0.208744 139.078 1.2269 398.869 0.460028 0.257352 0.0105113 0.856615 0.351814 0.246841
internal_count=440088 14922 3571 1920 11351 5076 425166 19925 7021 12904 405241 18674 6275 974 386567 339917 104725 235192 5301 215 1357 577 46650 1299 5086 531 45351 384 2221 1462 669 49 759
is_linear=0
shrinkage=0.1


Tree=36
num_leaves=18
num_cat=0
split_feature=0 0 55 59 50 58 59 41 59 31 71 50 40 49 33 40 35
split_gain=3.02645e+08 1.13148e+11 8.64637e+08 1.21597e+09 7.01818e+06 3.20647e+06 2.14998e+08 1.43374e+07 1.17543e+06 1.63517e+07 2.09128e+06 243334 2.13331e+06 65776.5 35297.3 12871.7 281.131
threshold=12363.500000000002 11850.500000000002 0.91863805055618297 1054.7500000000002 20.500000000000004 13.500000000000002 685.00000000000011 3.5000000000000004 1110.2500000000002 2.5000000000000004 13.500000000000002 17.500000000000004 3.5000000000000004 27.500000000000004 323.50000000000006 7.5000000000000009 6.5000000000000009
decision_type=2 2 2 2 2 2 2 2 2 2 2 2 2 2 2 2 2
left_child=1 -1 3 -3 5 11 -7 -8 9 10 -4 13 -13 14 -2 -9 -10
right_child=4 2 8 -5 -6 6 7 15 16 -11 -12 12 -14 -15 -16 -17 -18
leaf_value=659800.9863638801 0.099502723384859201 -143156.01289917785 -3748.1349152923576 -483.65208599446879 -927.29857717010111 33987.4814291312 -8855.9306228348996 -14.39339996104011 -0.11259736097222779 -13101.013089918839 -138.11444637832494 -473.56877215541454 80.778777576830933 -84.466563989045 -7.6621510109885156 -183.1521091847419 -4.065966523784331
leaf_weight=0.0026059515657494972 437.60145672652544 0.0010170729036396422 0.001654200175608563 0.0014476207132172181 0.081629882171909141 0.0018842493835294618 0.0018970552924110476 0.055971436465282909 0.39738692184188862 0.0010075633587481028 0.053619186421224194 0.099270008504382612 0.23087557331019326 0.092222541570662453 5.9386460404328423 0.004916643848261514 0.32863089442253113
leaf_count=49309 170786 4074 329 55 14353 1450 609 193 23 491 354 9314 521 702 186862 50 28
internal_value=0 1962.13 -222.343 -59358.4 -0.153728 0.0167181 704.114 -294.756 -36.0307 -476.286 -246.154 -0.0858436 -85.9055 -0.0219776 -0.00441959 -28.0205 -1.90208
internal_weight=0 0.787369 0.784763 0.00246469 444.109 444.027 0.0646694 0.0627851 0.782299 0.0562809 0.0552734 443.962 0.330146 443.632 443.54 0.0608881 0.726018
internal_count=439503 54663 5354 4129 384840 370487 2302 852 1225 1174 683 368185 9835 358350 357648 243 51
is_linear=0
shrinkage=0.1


Tree=37
num_leaves=23
num_cat=0
split_feature=33 72 59 0 37 59 53 33 51 33 36 51 49 52 47 1 49 57 49 35 51 34
split_gain=6.64457e+06 6.83451e+07 2.06757e+09 6.8038e+06 5.17493e+10 3.30282e+10 1.49156e+06 567409 483518 369835 9.05823e+07 2.02068e+06 1.6681e+06 4.57562e+07 2.78999e+06 592544 437899 2.27604e+06 936932 113253 14506.6 4434.53
threshold=462.50000000000006 1.0000000180025095e-35 701.10000610351574 12363.500000000002 965.50000000000011 1117.0000000000002 0.74560862779617321 901.50000000000011 790.50000000000011 323.50000000000006 18.500000000000004 445.50000000000006 24.500000000000004 1.2506183981895449 4.5000000000000009 17.500000000000004 19.500000000000004 18.500000000000004 18.500000000000004 23.500000000000004 1080.5000000000002 207.50000000000003
decision_type=2 2 2 2 2 2 2 2 2 2 2 2 2 2 2 2 2 2 2 2 2 2
left_child=3 6 -3 4 5 -1 7 8 -2 12 11 15 16 -14 -15 -11 18 -18 -5 -4 -7 -10
right_child=1 2 19 9 -6 20 -8 -9 21 10 -12 -13 13 14 -16 -17 17 -19 -20 -21 -22 -23
leaf_value=-451319.62213196961 -628.93157446622092 -144363.49647389946 -4.8280021138611211 -0.11279850018551876 600528.15780293883 -57.309500658948757 -1541.6404920424566 -903.74620011185038 -0.14671637911434687 -936.3813965264535 -20434.570679176199 -3985.5547450022045 8687.7096490642871 -2192.6689262953469 -3.4133393775162122 -1.7273862229217809 -727.65185284194911 -1.7278235935511235 331.65434224967157 -431.58139179462643 -1.2205429602024775 -37.372713562121014
leaf_weight=0.0016360914253829842 0.012722032932686533 0.0010279614062745938 0.021159923428939961 420.22934852498247 0.0014268986433312028 0.094407468986444421 0.0066816308055810394 0.0074144111539501392 0.3874141126871109 0.0068355564518993708 0.0021776925774187319 0.0012796532455626721 0.0062548650639645533 0.006248380057513713 0.085137523710727692 0.88143730261176001 0.051268227398394539 0.27415771130472422 0.085139192974110212 0.0088068870827555656 0.090137776125629898 0.034881575361671135
leaf_count=47110 16266 113394 291 172101 1790 81 3382 3371 255 55636 1661 11503 2463 616 9 3988 3561 23 1137 329 3 1182
internal_value=0 -372.137 -4913.83 0.0921116 602.171 -3995.68 -58.7004 -36.305 -21.5204 -0.175789 -64.5079 -14.6404 -0.0394411 413.242 -153.101 -8.91986 -0.135374 -116.091 -0.0455955 -130.246 -29.9139 -3.22158
internal_weight=0 0.480109 0.0309948 421.817 0.187608 0.186181 0.449114 0.442432 0.435018 421.629 0.89173 0.889553 420.738 0.0976408 0.0913859 0.888273 420.64 0.325426 420.314 0.0299668 0.184545 0.422296
internal_count=440152 138470 114014 301682 48984 47194 24456 21074 17703 252698 72788 71127 179910 3088 625 59624 176822 3584 173238 620 84 1437
is_linear=0
shrinkage=0.1


Tree=38
num_leaves=15
num_cat=0
split_feature=0 33 58 37 49 50 72 57 66 37 0 1 43 52
split_gain=1.55534e+08 473292 3.51033e+07 3.16722e+06 613203 584680 1.05963e+07 54225.2 208720 13839.1 5243.58 25402.4 2315.87 2058.07
threshold=12363.500000000002 323.50000000000006 12.500000000000002 518.50000000000011 23.500000000000004 17.500000000000004 17.500000000000004 13.500000000000002 32.500000000000007 1.0000000180025095e-35 97765.500000000015 132.50000000000003 5.5000000000000009 1.3447476029396059
decision_type=2 2 2 2 2 2 2 2 2 2 2 2 2 2
left_child=-1 4 3 10 5 7 -7 9 -9 -2 12 -12 -3 -8
right_child=1 2 -4 -5 -6 6 13 8 -10 -11 11 -13 -14 -15
leaf_value=7107.0362861002841 5.5861309142977404 -0.96153964767412414 -14918.288720794299 -685.03923044609792 205.08380584350016 -2637.8475301029707 -19.227878923359143 -9.7505083636298373 74.529653346296215 -0.096774031479638825 -440.75686629771485 -0.10019749969921098 -79.275346369709837 -2.174226307112225
leaf_weight=0.030791316454155004 4.3245565270408965 1.0986172404727583 0.0015886647297943526 0.072270082441914796 0.14542064070701499 0.016069139655768505 0.1035965271294117 10.177338543016482 0.30257814414485018 470.4926385776576 0.0015885381726546965 0.007412985316477716 0.0037890765032163589 0.22330353469442343
leaf_count=54517 28840 154627 1255 33265 3667 3404 56 2523 99 141280 15524 7 993 20
internal_value=0 -0.386809 -63.501 -43.5638 -0.232817 -0.294297 -130.815 -0.202056 -7.31716 -0.0450151 -1.85139 -77.8648 -1.23071 -7.57863
internal_weight=0 486.971 1.18527 1.18368 485.786 485.64 0.342969 485.297 10.4799 474.817 1.11141 0.00900152 1.10241 0.3269
internal_count=440077 385560 205671 204416 179889 176222 3480 172742 2622 170120 171151 15531 155620 76
is_linear=0
shrinkage=0.1


Tree=39
num_leaves=21
num_cat=0
split_feature=33 34 34 72 36 35 57 65 37 69 54 51 33 70 39 34 49 53 36 35
split_gain=1.06266e+07 6.86907e+07 8.86762e+06 6.14117e+08 3.45563e+07 6.95488e+08 1.05508e+07 2.08798e+09 3.63951e+07 1.09928e+07 5.79576e+06 4.48531e+08 388705 6.85278e+07 361128 1.50494e+07 210198 158261 151958 9632.91
threshold=462.50000000000006 179.50000000000003 364.50000000000006 1.0000000180025095e-35 10.500000000000002 12.500000000000002 1.5000000000000002 30.500000000000004 546.50000000000011 2.5000000000000004 0.94747906923294078 167.50000000000003 323.50000000000006 10.500000000000002 11.500000000000002 923.50000000000011 17.500000000000004 0.99315068125724804 8.5000000000000018 21.500000000000004
decision_type=2 2 2 2 2 2 2 2 2 2 2 2 2 2 2 2 2 2 2 2
left_child=2 -2 3 4 10 -6 7 8 9 -4 18 -12 14 -14 16 -16 -8 -7 -1 -15
right_child=1 -3 6 -5 5 17 12 -9 -10 -11 11 -13 13 19 15 -17 -18 -19 -20 -21
leaf_value=-0.71466771143901719 -4.7326675111621643 -5851.8037195888382 -36.795115230858805 9122.6444646459495 41097.811973077332 -372.22289275791007 -0.59094660633894402 -104321.73132696014 -12246.135020502128 -8680.2165327443381 35629.0422827644 -1.6273093548023454 -18089.377601460026 -0.11695644058763031 3281.9813121252773 -9.2899129346758453 -58.40979249505456 -9.406229852187252 60.642799561557723 -77.537559458175409
leaf_weight=10.433038632276871 0.1518533974885779 0.02315565906060707 0.67589571817894312 0.074746855037763349 0.0043261740377688032 0.014777556445551468 422.70870191630962 0.0019276922502124974 0.0024579384720529998 0.0014746346053953188 0.0035804528743024746 0.26660808362870841 0.0021062201091684987 0.37642659689299762 0.014298055208929572 0.49029012082156453 0.62970305382066172 0.064489534124732004 0.41987896823047854 0.016787785338237882
leaf_count=28139 16967 121585 28301 128978 120 232 29279 49219 7876 16581 595 3520 3261 383 183 474 3774 44 106 212
internal_value=0 -778.366 1.02291 88.5276 28.2715 2053.86 -1.3003 -394.379 -99.687 -55.6118 13.0486 470.539 -0.668619 -99.7821 -0.576175 83.9718 -0.67695 -77.0452 1.65914 -3.42233
internal_weight=0 0.175009 436.202 11.2814 11.2067 0.0835933 424.92 0.681756 0.679828 0.67737 11.1231 0.270189 424.238 0.395321 423.843 0.504588 423.338 0.0792671 10.8529 0.393214
internal_count=439829 138552 301277 161734 32756 396 139543 101977 52758 44882 32360 4115 37566 3856 33710 657 33053 276 28245 595
is_linear=0
shrinkage=0.1


Tree=40
num_leaves=25
num_cat=0
split_feature=33 1 59 52 27 70 52 55 0 0 55 29 69 57 51 59 59 59 33 73 30 70 37 31
split_gain=1.65505e+09 1.82168e+11 3.95966e+08 7.55355e+09 1.61652e+09 4.32844e+10 4.14469e+08 1.33029e+08 3.9715e+07 6.33683e+09 1.16708e+10 2.49602e+07 5.19465e+08 1.91879e+07 1.89165e+09 7.6812e+06 2.59025e+06 773564 1.65034e+07 339738 1.93615e+06 9669 1369.27 4.37818
threshold=323.50000000000006 17.500000000000004 35.549999237060554 1.0481652021408083 1.0000000180025095e-35 2.5000000000000004 0.82178696990013134 0.95722848176956188 12553.500000000002 12052.500000000002 0.91737875342369091 13.500000000000002 1.0000000180025095e-35 1.5000000000000002 1280.5000000000002 1054.7500000000002 293.65000915527349 1000.8500061035157 68.500000000000014 1.0000000180025095e-35 2563.5000000000005 3.5000000000000004 91.500000000000014 6.5000000000000009
decision_type=2 2 2 2 2 2 2 2 2 2 2 2 2 2 2 2 2 2 2 2 2 2 2 2
left_child=2 -2 3 4 5 -1 -7 15 9 10 -4 13 -13 14 -10 -3 -15 18 -11 22 -21 -19 -6 -17
right_child=1 7 8 -5 19 6 -8 -9 11 17 -12 12 -14 16 -16 23 -18 21 -20 20 -22 -23 -24 -25
leaf_value=-196929.74702113503 -955651.13337101159 -4841.2581710132044 -27788.633962218257 -81881.153514584803 -5.4510868721507997 -268.79328406458484 -9349.8656959289892 -32217.923433944561 -32540.950704585146 -116.02430417964621 185262.63630292765 -118.23022307888829 -29993.185462378449 -89.62157540007361 -6.9094697718712768 -0.98862569888243346 -0.40842329458517457 -33.714233279082251 -12686.560361305927 -730.55862076264395 -0.14960785709785882 -0.80451887150364532 -0.52572242721425999 -0.11512073821841218
leaf_weight=0.011614288240135884 0.0020128686447608837 0.0033255128655582935 0.0051423716360040617 0.011520006846136854 0.74665420463134324 0.39567797663039822 0.057572396481806176 0.0012943146284669629 0.018048084240428142 0.040545035845258509 0.0051423716358840466 0.15240397962207389 0.0060513542779332121 3.294796061138185 1.8277820658404422 0.11449065804481506 266.09945433083197 0.09521333440352453 0.0010720090250775074 0.043397676203708158 0.22163669764995575 1.4315991856994461 2.3127581179142003 0.11503210648597684
leaf_count=69089 188102 21416 4400 50191 256 6084 27849 5493 19372 532 4470 749 5033 11285 556 143 22332 64 634 1357 2 371 71 258
internal_value=0 -8390.77 -15.6386 -1029.29 -783.486 -6306.89 -1422.28 -247.397 -1.525 498.585 78737 -4.43412 -1259.14 -3.70114 -325.02 -69.6853 -1.49953 -14.4515 -439.827 -11.1368 -119.749 -2.8568 -1.72777 -0.550843
internal_weight=0 0.236155 276.778 3.80083 3.78931 0.464865 0.45325 0.234143 272.977 1.57871 0.0102847 271.399 0.158455 271.24 1.84583 0.232848 269.394 1.56843 0.041617 3.32445 0.265034 1.52681 3.05941 0.229523
internal_count=440109 215412 224697 154899 104708 103022 33933 27310 69798 10471 8870 59327 5782 53545 19928 21817 33617 1601 1166 1686 1359 435 327 401
is_linear=0
shrinkage=0.1


Tree=41
num_leaves=24
num_cat=0
split_feature=0 55 59 34 70 57 54 47 57 59 53 4 51 39 49 48 57 54 32 70 32 73 39
split_gain=2.16435e+07 7.17317e+09 4.09264e+09 1.19441e+07 1.4641e+08 6.24672e+08 1.22465e+08 2.15712e+07 2.83447e+06 4.43932e+08 6.22662e+06 1.47279e+07 2.58611e+06 1.65796e+06 838323 3.19692e+06 300056 516233 198515 1.21211e+07 179400 21061.8 1071.1
threshold=12553.500000000002 0.95106393098831188 1070.350036621094 374.50000000000006 1.0000000180025095e-35 1.0000000180025095e-35 0.69382500648498546 1.0000000180025095e-35 13.500000000000002 572.14999389648449 0.82385262846946727 69.557949066162124 1242.5000000000002 6.5000000000000009 17.500000000000004 40.500000000000007 7.5000000000000009 0.87758269906044017 7.5000000000000009 3.5000000000000004 4.5000000000000009 5.5000000000000009 10.500000000000002
decision_type=2 2 2 2 2 2 2 2 2 2 2 2 2 2 2 2 2 2 2 2 2 2 2
left_child=1 2 -1 4 5 -2 7 12 14 10 11 -10 -6 -4 18 -16 17 -15 20 -20 -5 -18 -17
right_child=3 -3 13 8 6 -7 -8 -9 9 -11 -12 -13 -14 16 15 22 21 -19 19 -21 -22 -23 -24
leaf_value=-159030.0701878446 8989.6551868980805 103211.89188670204 -764.59808562778846 0.061185427821892596 -267.42478959357032 -83226.514615998196 -5522.2343241318977 -1797.0273429489216 -12759.120283605735 -62320.071221242659 66.094584939175803 -660.30315818732561 -5.4155933732356409 -657.70304549242212 -892.40086449981027 -14.394935697163035 -53.651726536029663 -63.704381491243502 -9330.0939434534284 -16.722566084663153 26.316038185046253 -5.6831596112506571 -0.11353998259077294
leaf_weight=0.0016235933370685176 0.0022485254349101083 0.0067408657305350053 0.033093761652708054 428.12718553996092 0.45828726842273848 0.0010909997797890481 0.042320627630903274 0.072846912902927552 0.0012696899700868451 0.0011502942861650314 0.20487107310434893 0.0048469942417218746 2.1164820537891842 0.020377100368023093 0.05064053484517117 0.10503175109624863 0.1139137182453851 0.051885452121496201 0.0014147919159742664 0.11386477298310793 2.6184890521334401 0.46591476259151243 0.10503175109624863
leaf_count=47287 28152 8413 292 56003 54086 8535 43102 43311 431 3914 240 76 1017 157 24759 1215 95 45 43004 17390 57909 153 21
internal_value=0 557.663 -449.864 -1.41346 -211.348 -21136.7 -185.369 -100.063 -0.102618 -365.546 -27.7729 -3171.75 -52.051 -74.0973 0.0772024 -179.19 -39.0543 -231.204 0.185673 -131.023 0.220788 -15.1071 -7.25424
internal_weight=0 0.693549 0.686808 434.027 2.69328 0.00333953 2.68994 2.64762 431.334 0.212138 0.210988 0.00611668 2.57477 0.685185 431.122 0.260704 0.652091 0.0722626 430.861 0.11528 430.746 0.579828 0.210064
internal_count=439607 56442 48029 383165 178203 36687 141516 98414 204962 4661 747 507 55103 742 200301 25995 450 202 174306 60394 113912 248 1236
is_linear=0
shrinkage=0.1


Tree=42
num_leaves=21
num_cat=0
split_feature=37 59 27 58 73 45 0 37 59 72 33 59 31 37 43 58 33 50 39 37
split_gain=1.32754e+09 9.99338e+08 9.49739e+09 1.56911e+08 1.80653e+07 1.79735e+06 855222 2.63904e+07 7.91722e+08 6.71804e+06 2.68512e+06 1.05312e+08 531591 4.50847e+07 4.75313e+07 445150 308738 174607 917039 91504.5
threshold=1064.5000000000002 189.94999694824222 0.11538461968302728 1.0000000180025095e-35 1.0000000180025095e-35 1.0000000180025095e-35 12747.500000000002 416.50000000000006 873.75000000000011 15.500000000000002 83.500000000000014 1117.0000000000002 5.5000000000000009 429.50000000000006 4.5000000000000009 6.5000000000000009 286.50000000000006 16.500000000000004 6.5000000000000009 413.50000000000006
decision_type=2 2 2 2 2 2 2 2 2 2 2 2 2 2 2 2 2 2 2 2
left_child=1 2 -1 4 5 -4 7 8 -3 -10 15 -12 17 16 -15 -9 -14 19 -19 -8
right_child=-2 6 3 -5 -6 -7 12 10 9 -11 11 -13 13 14 -16 -17 -18 18 -20 -21
leaf_value=-282342.54200474004 26351.090169201867 -86233.796011876402 -3445.9751808830597 -41206.555238100787 -10834.074908398985 -81.510790295336065 -9.8529524222461475 -238.9024315537377 -6791.1283471279958 -109.73174885612885 -26111.966700256016 -19.036429480386502 -146.08287299826392 -24451.408670937966 -846.21246880854346 -0.63677626697606537 -4.8584844262350906 -513.50673841685136 -19.329548224939231 -0.24299285394704784
leaf_weight=0.0013132503363738396 0.019114922757579644 0.0011004978841347981 0.0017992526834405007 0.0010629402549740081 0.0018921956652775398 0.013511740586181997 10.319704121585742 0.080402657749801043 0.001560882897427395 0.041960245438994681 0.0015854860130984907 0.063381202868185937 0.1952282839718914 0.0015540976944935063 0.0018909613899927168 3.1672839047700632 0.74752851320562874 0.040903582811807504 0.45815438169850542 248.54399955589025
leaf_count=384219 14040 2669 207 8154 1201 69 8140 589 383 294 1112 19 1137 2662 314 812 2118 854 753 10075
internal_value=0 -3.33734 -22594.6 -3919.92 -1616.08 -476.882 -1.65976 -51.8089 -2467.52 -349.36 -19.2691 -655.824 -1.01297 -75.831 -11494.7 -6.5355 -34.1036 -0.740022 -59.8331 -0.626098
internal_weight=0 263.686 0.0195794 0.0182661 0.0172032 0.015311 263.666 3.35727 0.0446216 0.0435211 3.31265 0.0649667 260.309 0.946202 0.00344506 3.24769 0.942757 259.363 0.499058 258.864
internal_count=439821 425781 393850 9631 1477 276 31931 5878 3346 677 2532 1131 26053 6231 2976 1401 3255 19822 1607 18215
is_linear=0
shrinkage=0.1


Tree=43
num_leaves=14
num_cat=0
split_feature=0 37 34 53 31 47 39 36 37 31 55 43 32
split_gain=1.80194e+08 1.45615e+07 1.00875e+08 3.00666e+06 1.90096e+06 1.38677e+08 2.76472e+06 3.86994e+06 1.28333e+06 5.85743e+07 415317 3767.9 82.2544
threshold=11668.500000000002 219.50000000000003 543.50000000000011 0.92740449309349071 5.5000000000000009 1.0000000180025095e-35 11.500000000000002 14.500000000000002 348.50000000000006 2.5000000000000004 0.98542872071266185 1.0000000180025095e-35 4.5000000000000009
decision_type=2 2 2 2 2 2 2 2 2 2 2 2 2
left_child=-1 2 -2 11 6 -6 8 -8 9 -3 -10 -4 -13
right_child=1 4 3 -5 5 -7 7 -9 10 -11 -12 12 -14
leaf_value=5512.380207852204 -28146.967269929053 -22210.429172923567 -142.15475841905845 -5535.1149898071553 12608.964316688556 -440.04794121478449 -116.11090562421451 1382.4741426129947 -0.6324290182065192 -101.06943337743157 72.085658853547997 -0.1000417977976043 -25.122020327725284
leaf_weight=0.059304438524633407 0.0014530867146979468 0.0012111481963091994 0.0035149252032731721 0.0010840079251004395 0.0086817308956631534 0.13154155814788293 0.034480617163548874 0.034448249379951626 291.48870294318516 0.11268864824888579 0.78752949078119527 0.0015746477745421034 0.0079294508323073387
leaf_count=47405 146108 8656 41626 1961 38880 72546 233 208 51459 20870 3617 1817 3752
internal_value=0 -0.404155 -3059.83 -475.014 -0.241499 367.864 -0.417992 632.83 -0.567276 -336.168 -0.436492 -53.6926 -20.9764
internal_weight=0 292.615 0.0155561 0.014103 292.599 0.140223 292.459 0.0689289 292.39 0.1139 292.276 0.013019 0.0095041
internal_count=439138 391733 195264 49156 196469 111426 85043 441 84602 29526 55076 47195 5569
is_linear=0
shrinkage=0.1


Tree=44
num_leaves=19
num_cat=0
split_feature=36 53 70 55 58 55 33 55 0 1 51 58 52 52 72 65 64 37
split_gain=1.6015e+07 3.82304e+08 4.75915e+06 2.08029e+08 4.62892e+06 3.71282e+07 2.15398e+06 2.30259e+08 1.88199e+06 1.38825e+09 1.17959e+06 489047 303165 29348.1 4341.71 9875.89 55.0837 9.06383e-09
threshold=3.5000000000000004 0.76020833849906932 1.0000000180025095e-35 0.93864089250564586 3.5000000000000004 0.92791885137557995 320.50000000000006 0.94524410367012035 12747.500000000002 5.5000000000000009 412.50000000000006 12.500000000000002 0.86176466941833507 1.1581313610076907 3.5000000000000004 31.500000000000004 1.0000000180025095e-35 990.50000000000011
decision_type=2 2 2 2 2 2 2 2 2 2 2 2 2 2 2 2 2 2
left_child=1 -1 3 13 5 10 8 16 9 -6 -4 -10 -12 -2 17 -16 -8 -15
right_child=2 -3 4 -5 6 -7 7 -9 11 -11 12 -13 -14 14 15 -17 -18 -19
leaf_value=416.04090207279597 -232.75227839064547 -62974.292527124649 -1535.0833253557346 29536.744986402849 65281.521186505823 -10147.52137293749 -0.10238881961825873 -44866.1566305905 -0.4420116332273436 -79.575362051877391 -26.688939171779612 53.083727295552016 -503.16635314158043 -0.10181802452100225 -154.86754092209677 -6.7358411904317395 -6.4157668826866683 -0.10189971818206159
leaf_weight=0.018295873398184115 0.0064418482229765947 0.0010035857151846064 0.0067093304795896166 0.0024390241816210764 0.0032605084580623602 0.0040009400847829382 0.10847144742495621 0.0011545476454557493 195.9227737960008 0.96978232964547473 0.052657077088952065 1.7219707879360431 0.017890347463890524 0.052705427207667355 0.0064529723752497761 0.01487647343401477 0.015837492421273053 0.01829545758664608
leaf_count=213673 9179 53249 52090 2363 2115 27623 774 2741 18849 3461 10005 4495 36670 1032 254 24 1466 8
internal_value=0 -2880.3 0.486133 686.038 0.137154 -754.466 0.44568 -413.768 0.707332 139.439 -268.023 0.0243289 -147.52 -26.3854 -11.9873 -51.5513 -0.90674 -0.101839
internal_weight=0 0.0192995 198.926 0.101211 198.825 0.0812577 198.743 0.125463 198.618 0.973043 0.0772568 197.645 0.0705474 0.0987722 0.0923303 0.0213294 0.124309 0.0710009
internal_count=440071 266922 173149 12860 160289 126388 33901 4981 28920 5576 98765 23344 46675 10497 1318 278 2240 1040
is_linear=0
shrinkage=0.1


Tree=45
num_leaves=21
num_cat=0
split_feature=59 51 33 58 59 33 33 35 50 53 55 73 39 37 33 0 71 0 54 0
split_gain=7.79973e+07 4.01607e+08 2.57781e+07 4.58461e+06 7.41693e+08 2.40825e+06 2.20842e+06 1.82762e+07 2.56383e+06 1.10816e+08 1.3071e+07 1.06308e+06 1.05716e+07 655986 303003 131576 427084 4598.18 138.817 3.00265e-07
threshold=214.34999847412112 217.50000000000003 265.50000000000006 5.5000000000000009 873.75000000000011 300.50000000000006 320.50000000000006 14.500000000000002 16.500000000000004 0.8263767957687379 0.95008546113967907 1.0000000180025095e-35 9.5000000000000018 792.50000000000011 94.500000000000014 12969.000000000002 10.500000000000002 22174.500000000004 0.72008416056633007 49611.500000000007
decision_type=2 2 2 2 2 2 2 2 2 2 2 2 2 2 2 2 2 2 2 2
left_child=1 -1 -3 4 -2 -4 8 18 11 10 -10 12 -5 -13 15 16 -6 -17 -8 -20
right_child=3 2 5 6 14 -7 7 -9 9 -11 -12 13 -14 -15 -16 17 -18 -19 19 -21
leaf_value=16815.673070310375 -86063.108006745329 -4259.7622914316562 -304.36320317998815 56.363265338403892 -20.520473891752296 1390.7724879917369 -8.714423010986696 -3779.4592030479998 74.248344688758635 14035.914519017644 -4785.8116596829832 -25.891028515893506 2550.2755922319234 0.85404146976510276 -571.34049762512484 -0.10120442667058005 -726.44499397291884 -48.207121639620198 -0.10243569132029184 -0.1028297434249085
leaf_weight=0.016761898997427638 0.0010074013628581227 0.016761898994445468 0.016761898994445801 0.45606944055206233 0.034281285479664775 0.016761898994447577 0.023223446682090032 0.01434106108115879 0.14967581250013987 0.0057462728824842204 0.0057462725078352697 9.7390151524731703 0.017655191943099391 157.18271673511512 0.011553825488911595 0.15161918469311889 0.011427095159888268 0.022866193041495425 0.069705284398878575 0.026761462911963463
leaf_count=65321 7328 82183 30329 897 14 225658 491 2832 955 852 1745 14935 96 5485 264 59 123 101 471 186
internal_value=0 3410.58 -1057.78 -0.838191 -444.345 543.205 -0.222602 -405.978 0.101968 398.756 -105.438 -0.281856 149.309 -0.706394 -72.1624 -45.9699 -197.002 -6.40545 -1.7735 -0.102545
internal_weight=0 0.0670476 0.0502857 167.923 0.232755 0.0335238 167.691 0.134031 167.557 0.161168 0.155422 167.395 0.473725 166.922 0.231748 0.220194 0.0457084 0.174485 0.11969 0.0964667
internal_count=440325 403491 338170 36834 7889 255987 28945 3980 24965 3552 2700 21413 993 20420 561 297 137 160 1148 657
is_linear=0
shrinkage=0.1


Tree=46
num_leaves=18
num_cat=0
split_feature=36 54 37 0 55 1 39 52 1 51 50 31 69 52 37 0 39
split_gain=2.48324e+08 3.62264e+09 2.79564e+07 1.72339e+09 3.64498e+07 2.2071e+07 1.60673e+08 7.97076e+06 3.06637e+06 2.18561e+08 2.05381e+06 1.52355e+06 4.11833e+07 891968 642574 53822.6 733.208
threshold=22.500000000000004 0.92456939816474926 529.50000000000011 29428.500000000004 0.94524410367012035 4.5000000000000009 2.5000000000000004 1.3941869139671328 5.5000000000000009 214.50000000000003 15.500000000000002 4.5000000000000009 12.500000000000002 0.58219081163406383 792.50000000000011 13977.500000000002 1.5000000000000002
decision_type=2 2 2 2 2 2 2 2 2 2 2 2 2 2 2 2 2
left_child=2 -2 3 -1 7 6 15 10 9 -7 -5 14 -13 -11 -10 -4 -17
right_child=1 -3 5 4 -6 8 -8 -9 11 13 -12 12 -14 -15 -16 16 -18
leaf_value=-95041.015743514115 -4527.4033341925287 187992.54381081194 -251.30299715138017 -187.33105577026419 -10580.144454042695 13198.938613524455 13274.427225613035 -5154.1571064902309 -86.686355058596746 -0.81267417959562938 -2547.429398285627 -26.956979226826601 5749.6118791754743 -584.18164134474773 0.09317995076611528 0.10002004638434236 -29.085896267990336
leaf_weight=0.0019337559099087956 0.0094754222426780867 0.0010898204608561198 0.010350238531849049 0.3282940556676559 0.0034592799097647444 0.012720307975084166 0.010371905992832969 0.0032982442889259991 0.8569699751072325 0.70458793433968592 0.0037291042186837755 0.27944596131668714 0.01291213642319039 0.027222354317928743 197.81797615429818 0.051122803241014481 0.010350238531827927
leaf_count=177963 2041 7456 2455 126178 47185 765 678 2664 6276 82 15801 25752 3946 6344 7738 6193 69
internal_value=0 15331.3 -0.0566102 -905.112 -367.786 1.48681 1639.81 -262.432 0.812526 203.375 -213.838 0.0545407 228.168 -22.5132 -0.281137 -40.3348 -4.81402
internal_weight=0 0.0105652 200.135 0.340714 0.338781 199.794 0.0821952 0.335321 199.712 0.744531 0.332023 198.967 0.292358 0.73181 198.675 0.0718233 0.061473
internal_count=439586 9497 430089 369791 191828 60298 9395 144643 50903 7191 141979 43712 29698 6426 14014 8717 6262
is_linear=0
shrinkage=0.1


Tree=47
num_leaves=18
num_cat=0
split_feature=58 58 35 1 51 0 59 49 39 30 32 72 58 59 48 34 72
split_gain=3.01886e+07 1.03598e+07 1.14997e+08 4.40232e+06 4.63527e+08 2.56256e+06 3.56818e+06 806181 1.52602e+07 4.03912e+06 457824 2.86549e+07 248688 198549 8224.5 143.224 243.052
threshold=4.5000000000000009 11.500000000000002 16.500000000000004 5.5000000000000009 536.50000000000011 15204.500000000002 1801.6500244140627 15.500000000000002 6.5000000000000009 105.50000000000001 3.5000000000000004 2.5000000000000004 6.5000000000000009 1135.799987792969 1.5000000000000002 1496.5000000000002 7.5000000000000009
decision_type=2 2 2 2 2 2 2 2 2 2 2 2 2 2 2 2 2
left_child=-1 3 13 4 -2 6 -6 10 -9 -10 12 -12 -5 -3 -7 16 -15
right_child=1 2 -4 7 5 14 -8 8 9 -11 11 -13 -14 15 -16 -17 -18
leaf_value=4665.2220232674617 31728.144925899294 -277.75427481895144 -6583.605079315872 -43.101054054969666 -2615.2511938305461 -40.135466703138327 -0.10121899118952159 -2373.0021456788604 -41.419396869025555 1729.0351607645625 4454.7111925282434 -7.0839873460913854 -0.017145032335537432 -7.7774822263113101 -0.52620111598682107 -0.10281861002484448 -0.10437138435249974
leaf_weight=0.013867388479382181 0.0046460037125863321 0.028452945641900984 0.028918682511465954 1.3489146256795255 0.0092920074430045685 0.067442561499951897 0.011898094788193703 0.02853050043768135 0.46713803615421057 0.013251523487269878 0.014667563407344875 0.77162217959495383 197.19985187459295 0.091220843615070435 0.2353806239835626 0.1580259414986358 0.075406241787277395
leaf_count=406398 2291 2755 6244 3212 449 65 1 2886 729 147 500 2228 11278 33 83 13 11
internal_value=0 -0.72068 -520.976 0.272215 365.96 -83.7399 -1146.86 -0.329188 -126.03 7.41851 -0.00826269 76.147 -0.309852 -24.4587 -9.34769 -2.2596 -4.30505
internal_weight=0 200.555 0.382025 200.173 0.328659 0.324013 0.0211901 199.844 0.50892 0.48039 199.335 0.78629 198.549 0.353106 0.302823 0.324653 0.166627
internal_count=439323 32925 9056 23869 2889 598 450 20980 3762 876 17218 2728 14490 2812 148 57 44
is_linear=0
shrinkage=0.1


Tree=48
num_leaves=14
num_cat=0
split_feature=35 37 58 52 37 62 46 55 55 37 55 55 55
split_gain=2.20325e+08 3.74264e+08 2.5033e+07 3.64092e+08 2.16383e+06 1.92355e+07 3.74862e+07 2.22132e+06 94420 61681 1.12522e+06 10173.1 2230.95
threshold=22.500000000000004 1064.5000000000002 6.5000000000000009 0.52856838703155529 807.50000000000011 1.0000000180025095e-35 1.5000000000000002 0.95344051718711864 0.83387047052383434 923.50000000000011 0.9461716115474702 0.85472723841667186 0.98090851306915294
decision_type=2 2 2 2 2 2 2 2 2 2 2 2 2
left_child=1 2 3 8 5 6 -4 -7 -1 10 -6 -10 -11
right_child=-2 -3 4 -5 9 7 -8 -9 11 12 -12 -13 -14
leaf_value=-394.48199468711056 -7702.3298833548588 12620.627457725586 -4574.8033881519723 -26763.435307534557 -1.2434996956386479 -32.506734836390088 -98.44642113269569 876.5375175893123 -0.10078106582792511 -0.81350615971197238 258.87922250562315 -114.94027639341299 0.26845499007154044
leaf_weight=0.0070997285656869127 0.037143328303499312 0.023494988679884865 0.028111130267659656 0.0054328057777049401 2.6706977692244029 0.69436793610657332 0.055926445871591568 0.027963222935795784 0.067575530149042606 23.096188123546455 0.17733818806499391 0.0087078134658895578 108.98697899803423
leaf_count=1452 10148 7228 10792 403388 286 1543 3387 188 22 1287 158 301 12
internal_value=0 0.502028 -1.68098 -1679.98 -0.582831 -163.907 -1595.82 2.68461 -45.6736 0.393218 14.9535 -13.2098 0.0792622
internal_weight=0 135.85 135.826 0.0888159 135.738 0.806369 0.0840376 0.722331 0.0833831 134.931 2.84804 0.0762833 132.083
internal_count=440192 430044 422816 405163 17653 15910 14179 1731 1775 1743 444 323 1299
is_linear=0
shrinkage=0.1


Tree=49
num_leaves=13
num_cat=0
split_feature=57 0 55 57 35 33 65 37 35 50 37 1
split_gain=1.35893e+08 3.77938e+07 6.23705e+08 9.07235e+07 1.64834e+07 6.81124e+06 1.33715e+07 3.4638e+06 2.18726e+07 316127 113078 11713.7
threshold=12.500000000000002 12969.000000000002 0.9445132613182069 9.5000000000000018 4.5000000000000009 320.50000000000006 47.500000000000007 820.50000000000011 13.500000000000002 15.500000000000002 1021.5000000000001 55.500000000000007
decision_type=2 2 2 2 2 2 2 2 2 2 2 2
left_child=1 2 3 -1 -3 7 -7 8 -6 -9 -5 -8
right_child=-2 4 -4 10 5 6 11 9 -10 -11 -12 -13
leaf_value=-9849.5041945730627 -11717.822260765852 3587.0581680321698 21595.114419183636 -375.00541469950946 -165.91275815762211 -4425.8132023407297 -145.68368865482597 -0.049047414714913341 -5455.2407229446071 -89.603291987617069 -0.1022640053902098 -0.10122106138259304
leaf_weight=0.01335106324401536 0.0098971985287609199 0.012803274206830362 0.013351063244044781 0.01280327420681715 0.11036600998022296 0.010303426533936455 0.010303426533937454 126.14686038916592 0.0084140829899312791 0.3954108274938325 0.021648673340678215 0.011921626605953861
leaf_count=48992 6903 262550 10589 385 37730 54223 3058 6902 5077 3298 1 15
internal_value=0 0.355031 2485.74 -2851.39 -0.844523 -1.20711 -1448.06 -0.835531 -540.595 -0.328881 -139.426 -67.5925
internal_weight=0 126.768 0.0611541 0.047803 126.706 126.694 0.0325285 126.661 0.11878 126.542 0.0344519 0.0222251
internal_count=439723 432820 59967 49378 372853 110303 57296 53007 42807 10200 386 3073
is_linear=0
shrinkage=0.1


Tree=50
num_leaves=12
num_cat=0
split_feature=0 33 50 59 31 66 57 34 54 66 66
split_gain=7.25399e+07 5.18008e+07 7.54556e+06 9.21562e+07 2.31369e+06 3.1946e+07 1.76549e+06 3.15511e+07 1.08687e+06 106578 9497.92
threshold=12969.000000000002 320.50000000000006 14.500000000000002 1160.0000000000002 3.5000000000000004 17.500000000000004 11.500000000000002 816.50000000000011 0.17119827866554263 14.500000000000002 13.500000000000002
decision_type=2 2 2 2 2 2 2 2 2 2 2
left_child=-1 2 4 -4 6 -6 8 -8 -2 10 -5
right_child=1 -3 3 9 5 -7 7 -9 -10 -11 -12
leaf_value=6078.031108688956 437.77724292744529 -6927.753922471009 -11633.136895780039 -63.656722094117633 -2639.3495976622471 4570.8025049303224 -11857.648371440491 -159.66912250339107 -0.26647246429001309 -340.07195950149776 -0.10171206928556727
leaf_weight=0.019628625363096286 0.056667949561115871 0.010797307826577618 0.0073645961734588586 0.045629735650777548 0.012276222492046851 0.012304148771121959 0.0023444981779893173 0.1391257458394648 126.40535523309241 0.012648146910805735 0.048515209928154945
leaf_count=60084 5135 206094 13690 85 99686 19132 1254 2247 32940 98 11
internal_value=0 -1.59946 -1.00942 -813.648 -0.276805 969.822 -0.465152 -353.532 -0.070184 -67.5217 -30.9053
internal_weight=0 126.753 126.742 0.114158 126.628 0.0245804 126.603 0.14147 126.462 0.106793 0.0941449
internal_count=440456 380372 174278 13884 160394 118818 41576 3501 38075 194 96
is_linear=0
shrinkage=0.1


Tree=51
num_leaves=17
num_cat=0
split_feature=50 65 1 55 34 54 59 71 55 70 51 71 53 55 69 55
split_gain=5.74611e+07 1.31918e+08 1.10314e+07 3.57392e+08 3.57784e+07 4.05445e+06 2.6112e+07 3.56165e+06 3.4671e+06 2.27796e+06 3.77172e+06 2.08604e+06 1.78594e+06 37556.8 138264 3035.82
threshold=14.500000000000002 43.500000000000007 5.5000000000000009 0.89422383904457103 2058.0000000000005 0.99154925346374523 1251.8999633789065 9.5000000000000018 0.86871072649955761 8.5000000000000018 940.50000000000011 15.500000000000002 0.54388928413391124 0.84650352597236644 1.5000000000000002 0.84072116017341625
decision_type=2 2 2 2 2 2 2 2 2 2 2 2 2 2 2 2
left_child=2 -2 3 4 -1 7 -7 8 -4 12 -11 -3 -9 15 -15 -6
right_child=1 11 5 -5 13 6 -8 9 -10 10 -12 -13 -14 14 -16 -17
leaf_value=-11520.421842312546 -12805.637891193379 -1152.9990947798385 -16.337787695812562 29048.878245841988 -59.093874030979663 -14366.926841124508 -0.10095859107579662 844.617643622846 -3364.6203720735812 -2530.7409374072245 -119.61470568736577 450.80410116018629 -0.75624063173662159 -14.149458971073273 -597.1901230782903 -0.10047498166314339
leaf_weight=0.0028471427503679028 0.011526264250277474 0.016220003366470337 0.0061587109230448744 0.0043417443521320811 0.011865764856338501 0.0014617006554534804 0.0094047356396913528 0.024994945382785683 0.006211882089928622 0.0094047356396903536 0.02091811690479517 0.016220003366470337 131.84749822146591 0.014235713751986623 0.0056942855007946483 0.032935190480202436
leaf_count=119017 38133 2679 27201 35684 166 1464 8 36213 20060 10324 839 2961 145110 11 67 7
internal_value=0 -3616.2 -0.438542 1237.71 -549.095 -1.11352 -1932.66 -0.954413 -1697.67 -0.795285 -867.434 -351.097 -0.59601 -66.5293 -180.733 -15.7252
internal_weight=0 0.0439663 131.998 0.0719198 0.0675781 131.926 0.0108664 131.915 0.0123706 131.903 0.0303229 0.03244 131.872 0.064731 0.01993 0.044801
internal_count=439944 43773 396171 154952 119268 241219 1472 239747 47261 192486 11163 5640 181323 251 78 173
is_linear=0
shrinkage=0.1


Tree=52
num_leaves=17
num_cat=0
split_feature=33 37 55 1 55 59 33 34 54 55 37 34 35 59 2 45
split_gain=6.03872e+07 4.99684e+07 9.30328e+08 7.23933e+07 2.07532e+07 1.23709e+07 3.22725e+06 2.87818e+08 2.63809e+06 1.96765e+08 4.23333e+06 4.75079e+08 1.54722e+06 808925 40179.3 10018
threshold=318.50000000000006 842.50000000000011 0.91737875342369091 6.5000000000000009 0.79946261644363414 1160.0000000000002 256.50000000000006 865.50000000000011 0.96702703833580028 0.94168561697006237 1021.5000000000001 674.50000000000011 16.500000000000004 1135.799987792969 0.95495000481605541 1.5000000000000002
decision_type=2 2 2 2 2 2 2 2 2 2 2 2 2 2 2 2
left_child=1 2 3 -1 -5 -6 8 -8 10 13 14 -12 15 -10 -3 -9
right_child=-2 6 -4 4 5 -7 7 12 9 -11 11 -13 -14 -15 -16 -17
leaf_value=-16025.218848015142 -8895.3881819020899 -16.155022409388796 -54297.671563040829 8283.9294344284317 -4751.3898715701598 -0.10031044353010765 26928.975863327192 -112.21650234512336 -1010.0814195715143 -21095.539279959292 21232.851064564107 -142.40352475901378 -1785.035062398814 -8.2365638536305195 0.20435852636200807 -4.5128186536617312
leaf_weight=0.0029141750082964648 0.0076332553289820684 1.5198206716258216 0.0033166549155794192 0.0029108651262390586 0.0058299961594652496 0.091269264463335276 0.0040130773559199353 0.0089193293824791908 0.0082179788555535871 0.0044796413458243469 0.010608540382235354 0.52353162616843452 0.0049861767098244849 0.41789403231814543 123.22068220175623 0.27197215517332662
leaf_count=100981 218699 3589 55688 27908 20743 192 2061 801 880 2828 1870 2558 286 275 497 166
internal_value=0 -0.700722 -2168.5 -488.676 -35.9597 -285.375 1.1272 334.399 0.358632 -246.738 1.20795 282.13 -38.9284 -27.5581 0.00503814 -7.9328
internal_weight=0 126.101 0.106241 0.102924 0.10001 0.0970993 125.995 0.289891 125.705 0.430592 125.275 0.53414 0.285878 0.426112 124.741 0.280891
internal_count=440022 221323 205512 149824 48843 20935 15811 3314 12497 3983 8514 4428 1253 1155 4086 967
is_linear=0
shrinkage=0.1


Tree=53
num_leaves=18
num_cat=0
split_feature=54 52 51 59 4 2 54 0 45 36 0 47 1 59 39 59 66
split_gain=2.13035e+08 4.91052e+08 7.08081e+07 1.42581e+09 1.5431e+08 1.59779e+09 3.73191e+07 1.07045e+07 1.517e+06 1.78492e+08 1.12759e+06 399963 4.40265e+07 379798 224672 202930 1191.53
threshold=0.97760096192359935 1.0769562125205996 206.50000000000003 1193.799987792969 17.817850112915043 0.96154999732971203 0.98038354516029369 20393.500000000004 1.0000000180025095e-35 19.500000000000004 56838.500000000007 1.0000000180025095e-35 39.500000000000007 1801.6500244140627 2.5000000000000004 1801.6500244140627 12.500000000000002
decision_type=2 2 2 2 2 2 2 2 2 2 2 2 2 2 2 2 2
left_child=2 6 4 -4 5 -1 -2 -5 11 10 -10 14 -13 -7 -6 -9 -17
right_child=1 -3 3 7 8 13 -8 15 9 -11 -12 12 -14 -15 -16 16 -18
leaf_value=56649.391532371847 8738.2659222994098 -54113.110601581568 -85891.130463445079 -6606.1962730365503 0.20931767300895548 -879.26279905950014 -8029.7307623364723 -819.21619042571263 -32.778487590016297 -41086.329639347758 -3216.1147276655756 9016.3285540777742 -35.417963014597042 -0.10055201370029535 -68.446765169759757 -0.10030495485627233 -46.405594447092071
leaf_weight=0.0054597436612756614 0.0026565255731204 0.0024042277257848065 0.0020275135427218196 0.0026339308387669366 126.23414611816406 0.0054597430862486354 0.0026526749894060231 0.0032962365210530272 0.18667024890920458 0.0010660506086423984 0.0011193978942891638 0.0054597430862449161 0.33977564556608103 0.049137687776237726 0.47844627639807313 0.03906041771075186 0.0064787443012603854
leaf_count=51883 2717 10918 345771 481 1986 910 12118 144 4230 1370 892 365 2455 10 3141 140 138
internal_value=0 -16618.7 0.685329 -3636.67 2.21382 5069.93 360.348 -396.453 -0.178012 -283.386 -51.7541 0.242941 107.731 -88.0168 -0.0499166 -61.5312 -6.68804
internal_weight=0 0.00771343 127.36 0.0534968 127.307 0.0600572 0.0053092 0.0514693 127.247 0.188856 0.18779 127.058 0.345235 0.0545974 126.713 0.0488354 0.0455392
internal_count=439669 25753 413916 346674 67242 52803 14835 903 14439 6492 5122 7947 2820 920 5127 422 278
is_linear=0
shrinkage=0.1


Tree=54
num_leaves=13
num_cat=0
split_feature=71 51 65 48 4 50 54 48 48 55 34 4
split_gain=9.948e+08 1.84528e+09 2.27308e+08 1.30115e+08 5.86628e+08 1.90517e+08 9.25003e+08 7.00111e+07 5.1228e+08 7.25383e+06 4.58299e+06 268615
threshold=11.500000000000002 828.50000000000011 44.500000000000007 11.500000000000002 81.711750030517592 7.5000000000000009 0.97214671969413768 2.5000000000000004 1.0000000180025095e-35 0.98431485891342174 1726.5000000000002 82.147502899169936
decision_type=2 2 2 2 2 2 2 2 2 2 2 2
left_child=1 -1 3 5 -5 7 -7 8 -2 -9 -8 -6
right_child=2 -3 -4 4 11 6 10 9 -10 -11 -12 -13
leaf_value=108601.81812997523 -609.22651280391028 -9905.5078156658492 -21441.429314487061 -70372.781432795891 -85.419853794818522 68347.876802010185 -5076.2128920420282 -1244.0326338764721 44572.553968422442 0.50239384566987344 -14.062975988104107 -1294.1570173679927
leaf_weight=0.0023837333259998364 0.017566145863387977 0.0029276937812010573 0.0049437234470194316 0.0014463853787550773 0.0035079428926110268 0.0023847941038884777 0.0023837138433009386 0.046867508087038767 0.002927711055557585 63.783969879150391 0.0071619196980918787 0.0038632193463854492
leaf_count=141270 9517 14184 47820 47323 46 46167 2803 81552 32509 15456 41 1001
internal_value=0 43279.8 0.489104 2.14872 -12144.6 3.82581 12639.5 1.46487 5845.35 -0.4114 -1278.17 -718.918
internal_weight=0 0.00531143 63.877 63.8721 0.00881755 63.8633 0.0119304 63.8513 0.0204939 63.8308 0.00954563 0.00737116
internal_count=439689 155454 284235 236415 48370 188045 49011 139034 42026 97008 2844 1047
is_linear=0
shrinkage=0.1


Tree=55
num_leaves=2
num_cat=0
split_feature=34
split_gain=337858
threshold=381.50000000000006
decision_type=2
left_child=-1
right_child=-2
leaf_value=3.3567436151694205 -7.2675771701366658
leaf_weight=59.862911224365213 59.863856313313512
leaf_count=223534 216383
internal_value=0
internal_weight=0
internal_count=439917
is_linear=0
shrinkage=0.1


Tree=56
num_leaves=2
num_cat=0
split_feature=34
split_gain=4.75402e+07
threshold=381.50000000000006
decision_type=2
left_child=-1
right_child=-2
leaf_value=51.793722881875581 -1254.1198373025984
leaf_weight=5.139937400817872 0.29474643380927723
leaf_count=223004 216680
internal_value=0
internal_weight=0
internal_count=439684
is_linear=0
shrinkage=0.1


end of trees

feature_importances:
Column_37=90
Column_0=89
Column_55=75
Column_59=74
Column_52=61
Column_50=57
Column_35=52
Column_34=51
Column_33=50
Column_1=47
Column_58=46
Column_36=42
Column_54=41
Column_53=40
Column_39=37
Column_51=36
Column_71=30
Column_57=29
Column_49=28
Column_48=26
Column_72=26
Column_66=23
Column_31=21
Column_65=21
Column_69=18
Column_32=16
Column_70=14
Column_2=11
Column_30=9
Column_40=9
Column_47=9
Column_73=9
Column_29=8
Column_43=8
Column_28=6
Column_67=6
Column_41=5
Column_42=5
Column_45=5
Column_46=5
Column_61=5
Column_62=5
Column_4=4
Column_44=4
Column_68=4
Column_13=3
Column_63=3
Column_3=2
Column_27=2
Column_64=2
Column_6=1
Column_17=1
Column_19=1
Column_21=1
Column_56=1

parameters:
[boosting: gbdt]
[objective: binary]
[metric: binary_logloss]
[tree_learner: serial]
[device_type: cpu]
[data: ]
[valid: ]
[num_iterations: 500]
[learning_rate: 0.1]
[num_leaves: 64]
[num_threads: 48]
[deterministic: 1]
[force_col_wise: 0]
[force_row_wise: 1]
[histogram_pool_size: -1]
[max_depth: 6]
[min_data_in_leaf: 20]
[min_sum_hessian_in_leaf: 0.001]
[bagging_fraction: 0.8]
[pos_bagging_fraction: 1]
[neg_bagging_fraction: 1]
[bagging_freq: 1]
[bagging_seed: 42]
[feature_fraction: 0.8]
[feature_fraction_bynode: 1]
[feature_fraction_seed: 42]
[extra_trees: 0]
[extra_seed: 12879]
[early_stopping_round: 0]
[first_metric_only: 0]
[max_delta_step: 0]
[lambda_l1: 0]
[lambda_l2: 0]
[linear_lambda: 0]
[min_gain_to_split: 0]
[drop_rate: 0.1]
[max_drop: 50]
[skip_drop: 0.5]
[xgboost_dart_mode: 0]
[uniform_drop: 0]
[drop_seed: 17869]
[top_rate: 0.2]
[other_rate: 0.1]
[min_data_per_group: 100]
[max_cat_threshold: 32]
[cat_l2: 10]
[cat_smooth: 10]
[max_cat_to_onehot: 4]
[top_k: 20]
[monotone_constraints: ]
[monotone_constraints_method: basic]
[monotone_penalty: 0]
[feature_contri: ]
[forcedsplits_filename: ]
[refit_decay_rate: 0.9]
[cegb_tradeoff: 1]
[cegb_penalty_split: 0]
[cegb_penalty_feature_lazy: ]
[cegb_penalty_feature_coupled: ]
[path_smooth: 0]
[interaction_constraints: ]
[verbosity: -1]
[saved_feature_importance_type: 0]
[linear_tree: 0]
[max_bin: 255]
[max_bin_by_feature: ]
[min_data_in_bin: 3]
[bin_construct_sample_cnt: 200000]
[data_random_seed: 175]
[is_enable_sparse: 1]
[enable_bundle: 1]
[use_missing: 1]
[zero_as_missing: 0]
[feature_pre_filter: 1]
[pre_partition: 0]
[two_round: 0]
[header: 0]
[label_column: ]
[weight_column: ]
[group_column: ]
[ignore_column: ]
[categorical_feature: ]
[forcedbins_filename: ]
[precise_float_parser: 0]
[objective_seed: 16083]
[num_class: 1]
[is_unbalance: 0]
[scale_pos_weight: 255.137]
[sigmoid: 1]
[boost_from_average: 1]
[reg_sqrt: 0]
[alpha: 0.9]
[fair_c: 1]
[poisson_max_delta_step: 0.7]
[tweedie_variance_power: 1.5]
[lambdarank_truncation_level: 30]
[lambdarank_norm: 1]
[label_gain: ]
[eval_at: ]
[multi_error_top_k: 1]
[auc_mu_weights: ]
[num_machines: 1]
[local_listen_port: 12400]
[time_out: 120]
[machine_list_filename: ]
[machines: ]
[gpu_platform_id: -1]
[gpu_device_id: -1]
[gpu_use_dp: 0]
[num_gpu: 1]

end of parameters

pandas_categorical:null
