protein_id	t6ss_system	source_acc	start	end	organism	component
T6CP000001	T6SS00002	NC_002506	116846	117352	Vibrio cholerae O1 biovar El Tor str. N16961	TssB
T6CP000002	T6SS00002	NC_002506	117396	118871	Vibrio cholerae O1 biovar El Tor str. N16961	TssC
T6CP000003	T6SS00002	NC_002506	119317	121086	Vibrio cholerae O1 biovar El Tor str. N16961	TssF
T6CP000004	T6SS00002	NC_002506	121050	122066	Vibrio cholerae O1 biovar El Tor str. N16961	TssG
T6CP000005	T6SS00002	NC_002506	123559	124035	Vibrio cholerae O1 biovar El Tor str. N16961	TssJ
T6CP000006	T6SS00002	NC_002506	124042	125376	Vibrio cholerae O1 biovar El Tor str. N16961	TssK
T6CP000007	T6SS00002	NC_002506	125379	126152	Vibrio cholerae O1 biovar El Tor str. N16961	TssL
T6CP000008	T6SS00002	NC_002506	126178	128787	Vibrio cholerae O1 biovar El Tor str. N16961	TssH
T6CP000009	T6SS00002	NC_002506	132515	136015	Vibrio cholerae O1 biovar El Tor str. N16961	TssM
T6CP000010	T6SS00002	NC_002506	137581	140634	Vibrio cholerae O1 biovar El Tor str. N16961	TssI
T6CP008374	T6SS00002	NC_002506	118874	119311	Vibrio cholerae O1 biovar El Tor str. N16961	TssE
T6CP008375	T6SS00002	NC_002506	131045	132454	Vibrio cholerae O1 biovar El Tor str. N16961	TssA
T6CP008376	T6SS00002	NC_002506	136066	137328	Vibrio cholerae O1 biovar El Tor str. N16961	TssA
T6CP011388	T6SS00002	NC_002506	122069	123556	Vibrio cholerae O1 biovar El Tor str. N16961	FHA
T6CP011389	T6SS00002	NC_002506	115142	115426	Vibrio cholerae O1 biovar El Tor str. N16961	PAAR
T6CP012413	T6SS00002	NC_002506	128790	130382	Vibrio cholerae O1 biovar El Tor str. N16961	VasH
T6CP005094	T6SS00003	NC_002516	91521	94826	Pseudomonas aeruginosa PAO1	TssM
T6CP005095	T6SS00003	NC_002516	95048	96397	Pseudomonas aeruginosa PAO1	TssL
T6CP005096	T6SS00003	NC_002516	96404	97738	Pseudomonas aeruginosa PAO1	TssK
T6CP005097	T6SS00003	NC_002516	97754	98218	Pseudomonas aeruginosa PAO1	TssJ
T6CP005098	T6SS00003	NC_002516	100124	101158	Pseudomonas aeruginosa PAO1	TssA
T6CP005099	T6SS00003	NC_002516	101247	101765	Pseudomonas aeruginosa PAO1	TssB
T6CP005100	T6SS00003	NC_002516	101778	103274	Pseudomonas aeruginosa PAO1	TssC
T6CP005101	T6SS00003	NC_002516	103350	103838	Pseudomonas aeruginosa PAO1	TssD
T6CP005102	T6SS00003	NC_002516	104853	105362	Pseudomonas aeruginosa PAO1	TssE
T6CP005103	T6SS00003	NC_002516	105359	107218	Pseudomonas aeruginosa PAO1	TssF
T6CP005104	T6SS00003	NC_002516	107182	108228	Pseudomonas aeruginosa PAO1	TssG
T6CP005105	T6SS00003	NC_002516	108221	110929	Pseudomonas aeruginosa PAO1	TssH
T6CP005106	T6SS00003	NC_002516	110976	112907	Pseudomonas aeruginosa PAO1	TssI
T6CP005107	T6SS00003	NC_002516	115299	117524	Pseudomonas aeruginosa PAO1	TssI
T6CP011390	T6SS00003	NC_002516	98263	99756	Pseudomonas aeruginosa PAO1	FHA
T6CP012414	T6SS00003	NC_002516	82404	83318	Pseudomonas aeruginosa PAO1	TagQ
T6CP012415	T6SS00003	NC_002516	83380	85092	Pseudomonas aeruginosa PAO1	TagR
T6CP012416	T6SS00003	NC_002516	85085	86284	Pseudomonas aeruginosa PAO1	TagS
T6CP012417	T6SS00003	NC_002516	86284	87003	Pseudomonas aeruginosa PAO1	TagT
T6CP012418	T6SS00003	NC_002516	87000	90098	Pseudomonas aeruginosa PAO1	PpkA
T6CP012419	T6SS00003	NC_002516	90106	90834	Pseudomonas aeruginosa PAO1	PppA
T6CP012420	T6SS00003	NC_002516	90844	91524	Pseudomonas aeruginosa PAO1	TagF
T6CP012694	T6SS00003	NC_002516	104006	104851	Pseudomonas aeruginosa PAO1	TagJ
T6CP259499	T6SS00003	NC_002516	293802	296861	Pseudomonas aeruginosa PAO1	TssI
T6CP000011	T6SS00004	NC_002516	1805218	1805724	Pseudomonas aeruginosa PAO1	TssB
T6CP000012	T6SS00004	NC_002516	1805753	1807228	Pseudomonas aeruginosa PAO1	TssC
T6CP000013	T6SS00004	NC_002516	1808193	1809773	Pseudomonas aeruginosa PAO1	TssF
T6CP000014	T6SS00004	NC_002516	1809737	1810744	Pseudomonas aeruginosa PAO1	TssG
T6CP000015	T6SS00004	NC_002516	1810751	1813384	Pseudomonas aeruginosa PAO1	TssH
T6CP000016	T6SS00004	NC_002516	1816352	1816858	Pseudomonas aeruginosa PAO1	TssJ
T6CP000017	T6SS00004	NC_002516	1816855	1818186	Pseudomonas aeruginosa PAO1	TssK
T6CP000018	T6SS00004	NC_002516	1818189	1819058	Pseudomonas aeruginosa PAO1	TssL
T6CP000019	T6SS00004	NC_002516	1819074	1822601	Pseudomonas aeruginosa PAO1	TssM
T6CP008377	T6SS00004	NC_002516	1803626	1805182	Pseudomonas aeruginosa PAO1	TssA
T6CP008378	T6SS00004	NC_002516	1807241	1807648	Pseudomonas aeruginosa PAO1	TssE
T6CP011362	T6SS00004	NC_002516	1815153	1816346	Pseudomonas aeruginosa PAO1	FHA
T6CP012421	T6SS00004	NC_002516	1813395	1814906	Pseudomonas aeruginosa PAO1	Sfa2
T6CP012422	T6SS00004	NC_002516	1822601	1823329	Pseudomonas aeruginosa PAO1	Stp1
T6CP012423	T6SS00004	NC_002516	1823326	1824315	Pseudomonas aeruginosa PAO1	Stk1
T6CP000020	T6SS00005	NC_002516	2607132	2608232	Pseudomonas aeruginosa PAO1	TssA
T6CP000021	T6SS00005	NC_002516	2608229	2612044	Pseudomonas aeruginosa PAO1	TssM
T6CP000022	T6SS00005	NC_002516	2612817	2614148	Pseudomonas aeruginosa PAO1	TssK
T6CP000023	T6SS00005	NC_002516	2614893	2615438	Pseudomonas aeruginosa PAO1	TssB
T6CP000024	T6SS00005	NC_002516	2615461	2616945	Pseudomonas aeruginosa PAO1	TssC
T6CP000025	T6SS00005	NC_002516	2617019	2617516	Pseudomonas aeruginosa PAO1	TssD
T6CP000026	T6SS00005	NC_002516	2617938	2619731	Pseudomonas aeruginosa PAO1	TssF
T6CP000027	T6SS00005	NC_002516	2619695	2620711	Pseudomonas aeruginosa PAO1	TssG
T6CP000028	T6SS00005	NC_002516	2620713	2623262	Pseudomonas aeruginosa PAO1	TssH
T6CP000029	T6SS00005	NC_002516	2624204	2626210	Pseudomonas aeruginosa PAO1	TssI
T6CP008379	T6SS00005	NC_002516	2612041	2612799	Pseudomonas aeruginosa PAO1	TssL
T6CP008380	T6SS00005	NC_002516	2617529	2617954	Pseudomonas aeruginosa PAO1	TssE
T6CP012424	T6SS00005	NC_002516	2605937	2607022	Pseudomonas aeruginosa PAO1	Sfa3
T6CP259500	T6SS00005	NC_002516	4374330	4374857	Pseudomonas aeruginosa PAO1	TecT
T6CP259501	T6SS00005	NC_002516	4373938	4374333	Pseudomonas aeruginosa PAO1	PAAR
T6CP000065	T6SS00009	NC_002927	831107	833470	Bordetella bronchiseptica RB50	TssI
T6CP000066	T6SS00009	NC_002927	839536	840564	Bordetella bronchiseptica RB50	TssA
T6CP000067	T6SS00009	NC_002927	840607	841170	Bordetella bronchiseptica RB50	TssB
T6CP000068	T6SS00009	NC_002927	841192	842694	Bordetella bronchiseptica RB50	TssC
T6CP000069	T6SS00009	NC_002927	842752	843237	Bordetella bronchiseptica RB50	TssD
T6CP000070	T6SS00009	NC_002927	844093	844611	Bordetella bronchiseptica RB50	TssE
T6CP000071	T6SS00009	NC_002927	844611	846524	Bordetella bronchiseptica RB50	TssF
T6CP000072	T6SS00009	NC_002927	847215	848309	Bordetella bronchiseptica RB50	TssG
T6CP000073	T6SS00009	NC_002927	849230	851839	Bordetella bronchiseptica RB50	TssH
T6CP000074	T6SS00009	NC_002927	853426	853968	Bordetella bronchiseptica RB50	TssJ
T6CP000075	T6SS00009	NC_002927	854014	855348	Bordetella bronchiseptica RB50	TssK
T6CP000076	T6SS00009	NC_002927	855369	856649	Bordetella bronchiseptica RB50	TssL
T6CP000077	T6SS00009	NC_002927	856646	860251	Bordetella bronchiseptica RB50	TssM
T6CP011386	T6SS00009	NC_002927	851938	852738	Bordetella bronchiseptica RB50	FHA
T6CP012695	T6SS00009	NC_002927	843287	844096	Bordetella bronchiseptica RB50	TagJ
T6CP000090	T6SS00013	NC_002947	2993074	2994411	Pseudomonas putida KT2440	TssK
T6CP000091	T6SS00013	NC_002947	2994467	2995264	Pseudomonas putida KT2440	TssJ
T6CP000092	T6SS00013	NC_002947	2995827	2996843	Pseudomonas putida KT2440	TssG
T6CP000093	T6SS00013	NC_002947	2996807	2998573	Pseudomonas putida KT2440	TssF
T6CP000094	T6SS00013	NC_002947	2998984	3000474	Pseudomonas putida KT2440	TssC
T6CP000095	T6SS00013	NC_002947	3000492	3000995	Pseudomonas putida KT2440	TssB
T6CP009574	T6SS00013	NC_002947	2989311	2991479	Pseudomonas putida KT2440	TssI
T6CP009575	T6SS00013	NC_002947	2991554	2992069	Pseudomonas putida KT2440	TssD
T6CP009576	T6SS00013	NC_002947	2992203	2993072	Pseudomonas putida KT2440	TssL
T6CP009577	T6SS00013	NC_002947	2998577	2998987	Pseudomonas putida KT2440	TssE
T6CP009580	T6SS00013	NC_002947	3003420	3007040	Pseudomonas putida KT2440	TssM
T6CP011401	T6SS00013	NC_002947	2995261	2995830	Pseudomonas putida KT2440	FHA
T6CP011402	T6SS00013	NC_002947	2984256	2984513	Pseudomonas putida KT2440	PAAR
T6CP012425	T6SS00013	NC_002947	3007118	3008971	Pseudomonas putida KT2440	TagT
T6CP000096	T6SS00014	NC_002947	3478723	3481218	Pseudomonas putida KT2440	TssM
T6CP000097	T6SS00014	NC_002947	3482120	3485923	Pseudomonas putida KT2440	TssM
T6CP000098	T6SS00014	NC_002947	3486667	3488010	Pseudomonas putida KT2440	TssK
T6CP000099	T6SS00014	NC_002947	3488007	3488729	Pseudomonas putida KT2440	TssJ
T6CP000100	T6SS00014	NC_002947	3488754	3491351	Pseudomonas putida KT2440	TssH
T6CP000101	T6SS00014	NC_002947	3491348	3492418	Pseudomonas putida KT2440	TssG
T6CP000102	T6SS00014	NC_002947	3492382	3494202	Pseudomonas putida KT2440	TssF
T6CP000103	T6SS00014	NC_002947	3494202	3494684	Pseudomonas putida KT2440	TssE
T6CP000104	T6SS00014	NC_002947	3494711	3496213	Pseudomonas putida KT2440	TssC
T6CP000105	T6SS00014	NC_002947	3496228	3496767	Pseudomonas putida KT2440	TssB
T6CP000106	T6SS00014	NC_002947	3508373	3510229	Pseudomonas putida KT2440	TssI
T6CP009578	T6SS00014	NC_002947	3476880	3477965	Pseudomonas putida KT2440	TssA
T6CP009579	T6SS00014	NC_002947	3478061	3478579	Pseudomonas putida KT2440	TssD
T6CP009581	T6SS00014	NC_002947	3485954	3486670	Pseudomonas putida KT2440	TssL
T6CP000107	T6SS00015	NC_002947	4596182	4599808	Pseudomonas putida KT2440	TssM
T6CP000108	T6SS00015	NC_002947	4602166	4602669	Pseudomonas putida KT2440	TssB
T6CP000109	T6SS00015	NC_002947	4604585	4606351	Pseudomonas putida KT2440	TssF
T6CP000110	T6SS00015	NC_002947	4606315	4607331	Pseudomonas putida KT2440	TssG
T6CP000111	T6SS00015	NC_002947	4607328	4608125	Pseudomonas putida KT2440	TssJ
T6CP000112	T6SS00015	NC_002947	4608175	4609512	Pseudomonas putida KT2440	TssK
T6CP000113	T6SS00015	NC_002947	4609514	4610389	Pseudomonas putida KT2440	TssL
T6CP009582	T6SS00015	NC_002947	4604171	4604581	Pseudomonas putida KT2440	TssE
T6CP009583	T6SS00015	NC_002947	4610523	4611038	Pseudomonas putida KT2440	TssD
T6CP011403	T6SS00015	NC_002947	4613630	4618222	Pseudomonas putida KT2440	PAAR
T6CP000114	T6SS00016	NC_003063	1460756	1464235	Agrobacterium fabrum str. C58	TssM
T6CP000115	T6SS00016	NC_003063	1464232	1465737	Agrobacterium fabrum str. C58	TssL
T6CP000116	T6SS00016	NC_003063	1465734	1467074	Agrobacterium fabrum str. C58	TssK
T6CP000117	T6SS00016	NC_003063	1468274	1469278	Agrobacterium fabrum str. C58	TssG
T6CP000118	T6SS00016	NC_003063	1469288	1471069	Agrobacterium fabrum str. C58	TssF
T6CP000119	T6SS00016	NC_003063	1472385	1473779	Agrobacterium fabrum str. C58	TssC
T6CP000120	T6SS00016	NC_003063	1473834	1475315	Agrobacterium fabrum str. C58	TssC
T6CP000121	T6SS00016	NC_003063	1475409	1475918	Agrobacterium fabrum str. C58	TssB
T6CP000122	T6SS00016	NC_003063	1477260	1479938	Agrobacterium fabrum str. C58	TssH
T6CP000123	T6SS00016	NC_003063	1479996	1480472	Agrobacterium fabrum str. C58	TssD
T6CP000124	T6SS00016	NC_003063	1481495	1483945	Agrobacterium fabrum str. C58	TssI
T6CP008386	T6SS00016	NC_003063	1471062	1471571	Agrobacterium fabrum str. C58	TssE
T6CP009351	T6SS00016	NC_003063	1475984	1477039	Agrobacterium fabrum str. C58	TssA
T6CP011354	T6SS00016	NC_003063	1486452	1486757	Agrobacterium fabrum str. C58	PAAR
T6CP011404	T6SS00016	NC_003063	1467064	1468263	Agrobacterium fabrum str. C58	FHA
T6CP012426	T6SS00016	NC_003063	1458366	1459271	Agrobacterium fabrum str. C58	PpkA
T6CP012427	T6SS00016	NC_003063	1459258	1460673	Agrobacterium fabrum str. C58	TagF-PppA
T6CP012697	T6SS00016	NC_003063	1471564	1472388	Agrobacterium fabrum str. C58	TagJ
T6CP259498	T6SS00016	NC_003063	694941	697205	Agrobacterium fabrum str. C58	TssI
T6CP000125	T6SS00017	NC_003143	532701	533714	Yersinia pestis CO92	TssA
T6CP000126	T6SS00017	NC_003143	533725	534285	Yersinia pestis CO92	TssB
T6CP000127	T6SS00017	NC_003143	534294	535796	Yersinia pestis CO92	TssC
T6CP000128	T6SS00017	NC_003143	535959	536477	Yersinia pestis CO92	TssD
T6CP000129	T6SS00017	NC_003143	536551	536994	Yersinia pestis CO92	TssE
T6CP000130	T6SS00017	NC_003143	537027	538871	Yersinia pestis CO92	TssF
T6CP000131	T6SS00017	NC_003143	538864	539847	Yersinia pestis CO92	TssG
T6CP000132	T6SS00017	NC_003143	539865	542453	Yersinia pestis CO92	TssH
T6CP000133	T6SS00017	NC_003143	542557	544905	Yersinia pestis CO92	TssI
T6CP000134	T6SS00017	NC_003143	549240	549731	Yersinia pestis CO92	TssJ
T6CP000135	T6SS00017	NC_003143	549851	551206	Yersinia pestis CO92	TssK
T6CP000136	T6SS00017	NC_003143	551203	552813	Yersinia pestis CO92	TssL
T6CP008410	T6SS00017	NC_003143	552875	556315	Yersinia pestis CO92	TssM
T6CP011405	T6SS00017	NC_003143	548882	549247	Yersinia pestis CO92	PAAR
T6CP000173	T6SS00023	NC_003197	304666	305721	Salmonella enterica subsp. enterica serovar Typhimurium str. LT2	TssA
T6CP000174	T6SS00023	NC_003197	305732	306727	Salmonella enterica subsp. enterica serovar Typhimurium str. LT2	TssG
T6CP000175	T6SS00023	NC_003197	306724	308607	Salmonella enterica subsp. enterica serovar Typhimurium str. LT2	TssF
T6CP000176	T6SS00023	NC_003197	308623	309117	Salmonella enterica subsp. enterica serovar Typhimurium str. LT2	TssE
T6CP000177	T6SS00023	NC_003197	311195	313834	Salmonella enterica subsp. enterica serovar Typhimurium str. LT2	TssH
T6CP000178	T6SS00023	NC_003197	313934	314476	Salmonella enterica subsp. enterica serovar Typhimurium str. LT2	TssB
T6CP000179	T6SS00023	NC_003197	314500	316008	Salmonella enterica subsp. enterica serovar Typhimurium str. LT2	TssC
T6CP000180	T6SS00023	NC_003197	316894	317379	Salmonella enterica subsp. enterica serovar Typhimurium str. LT2	TssD
T6CP000181	T6SS00023	NC_003197	318680	319165	Salmonella enterica subsp. enterica serovar Typhimurium str. LT2	TssD
T6CP000182	T6SS00023	NC_003197	319232	319768	Salmonella enterica subsp. enterica serovar Typhimurium str. LT2	TssJ
T6CP000183	T6SS00023	NC_003197	319772	321115	Salmonella enterica subsp. enterica serovar Typhimurium str. LT2	TssK
T6CP000184	T6SS00023	NC_003197	321112	322416	Salmonella enterica subsp. enterica serovar Typhimurium str. LT2	TssL
T6CP000185	T6SS00023	NC_003197	323862	327731	Salmonella enterica subsp. enterica serovar Typhimurium str. LT2	TssM
T6CP000186	T6SS00023	NC_003197	329874	332063	Salmonella enterica subsp. enterica serovar Typhimurium str. LT2	TssI
T6CP011413	T6SS00023	NC_003197	332552	336646	Salmonella enterica subsp. enterica serovar Typhimurium str. LT2	PAAR
T6CP012699	T6SS00023	NC_003197	309114	309938	Salmonella enterica subsp. enterica serovar Typhimurium str. LT2	TagJ
T6CP000200	T6SS00026	NC_003296	929249	930040	Ralstonia solanacearum GMI1000	TssL
T6CP000201	T6SS00026	NC_003296	930037	931383	Ralstonia solanacearum GMI1000	TssK
T6CP000202	T6SS00026	NC_003296	931427	932101	Ralstonia solanacearum GMI1000	TssJ
T6CP000203	T6SS00026	NC_003296	933060	933572	Ralstonia solanacearum GMI1000	TssB
T6CP000204	T6SS00026	NC_003296	933565	935055	Ralstonia solanacearum GMI1000	TssC
T6CP000205	T6SS00026	NC_003296	935144	935647	Ralstonia solanacearum GMI1000	TssD
T6CP000206	T6SS00026	NC_003296	935708	936181	Ralstonia solanacearum GMI1000	TssE
T6CP000207	T6SS00026	NC_003296	936244	938094	Ralstonia solanacearum GMI1000	TssF
T6CP000208	T6SS00026	NC_003296	938058	939149	Ralstonia solanacearum GMI1000	TssG
T6CP000209	T6SS00026	NC_003296	939182	941899	Ralstonia solanacearum GMI1000	TssH
T6CP000210	T6SS00026	NC_003296	941920	944676	Ralstonia solanacearum GMI1000	TssI
T6CP000211	T6SS00026	NC_003296	957087	958166	Ralstonia solanacearum GMI1000	TssA
T6CP000212	T6SS00026	NC_003296	961125	965066	Ralstonia solanacearum GMI1000	TssM
T6CP000213	T6SS00026	NC_003296	968930	971950	Ralstonia solanacearum GMI1000	TssI
T6CP011415	T6SS00026	NC_003296	966602	966871	Ralstonia solanacearum GMI1000	PAAR
T6CP011416	T6SS00026	NC_003296	959306	960139	Ralstonia solanacearum GMI1000	TagL
T6CP000275	T6SS00035	NC_004129	6904309	6907815	Pseudomonas protegens Pf-5	TssM
T6CP000276	T6SS00035	NC_004129	6907812	6909137	Pseudomonas protegens Pf-5	TssL
T6CP000277	T6SS00035	NC_004129	6909144	6910478	Pseudomonas protegens Pf-5	TssK
T6CP000278	T6SS00035	NC_004129	6910494	6911000	Pseudomonas protegens Pf-5	TssJ
T6CP000279	T6SS00035	NC_004129	6912942	6913961	Pseudomonas protegens Pf-5	TssA
T6CP000280	T6SS00035	NC_004129	6914043	6914558	Pseudomonas protegens Pf-5	TssB
T6CP000281	T6SS00035	NC_004129	6914575	6916068	Pseudomonas protegens Pf-5	TssC
T6CP000282	T6SS00035	NC_004129	6916187	6916675	Pseudomonas protegens Pf-5	TssD
T6CP000283	T6SS00035	NC_004129	6916836	6917351	Pseudomonas protegens Pf-5	TssE
T6CP000284	T6SS00035	NC_004129	6917348	6919207	Pseudomonas protegens Pf-5	TssF
T6CP000285	T6SS00035	NC_004129	6919171	6920223	Pseudomonas protegens Pf-5	TssG
T6CP000286	T6SS00035	NC_004129	6920216	6922891	Pseudomonas protegens Pf-5	TssH
T6CP000287	T6SS00035	NC_004129	6923022	6924959	Pseudomonas protegens Pf-5	TssI
T6CP011355	T6SS00035	NC_004129	6925413	6929873	Pseudomonas protegens Pf-5	PAAR
T6CP011428	T6SS00035	NC_004129	6911065	6912549	Pseudomonas protegens Pf-5	FHA
T6CP012428	T6SS00035	NC_004129	6895202	6896131	Pseudomonas protegens Pf-5	TagQ
T6CP012429	T6SS00035	NC_004129	6899838	6902921	Pseudomonas protegens Pf-5	PpkA
T6CP012430	T6SS00035	NC_004129	6896215	6897927	Pseudomonas protegens Pf-5	TagR
T6CP012431	T6SS00035	NC_004129	6897920	6899122	Pseudomonas protegens Pf-5	TagS
T6CP012432	T6SS00035	NC_004129	6899122	6899838	Pseudomonas protegens Pf-5	TagT
T6CP012433	T6SS00035	NC_004129	6902924	6903658	Pseudomonas protegens Pf-5	PppA
T6CP012434	T6SS00035	NC_004129	6903659	6904312	Pseudomonas protegens Pf-5	TagF
T6CP000292	T6SS00037	NC_004431	3223023	3223523	Escherichia coli CFT073	TssB
T6CP000293	T6SS00037	NC_004431	3223582	3225120	Escherichia coli CFT073	TssC
T6CP000294	T6SS00037	NC_004431	3225140	3226477	Escherichia coli CFT073	TssK
T6CP000295	T6SS00037	NC_004431	3226474	3227139	Escherichia coli CFT073	TssL
T6CP000296	T6SS00037	NC_004431	3229545	3232181	Escherichia coli CFT073	TssH
T6CP000297	T6SS00037	NC_004431	3232193	3234655	Escherichia coli CFT073	TssI
T6CP000298	T6SS00037	NC_004431	3239189	3242527	Escherichia coli CFT073	TssM
T6CP000300	T6SS00037	NC_004431	3247486	3247914	Escherichia coli CFT073	TssE
T6CP008393	T6SS00037	NC_004431	3228862	3229353	Escherichia coli CFT073	TssD
T6CP008394	T6SS00037	NC_004431	3246946	3247482	Escherichia coli CFT073	TssJ
T6CP008395	T6SS00037	NC_004431	3247914	3249290	Escherichia coli CFT073	TssA
T6CP009482	T6SS00037	NC_004431	3242520	3244130	Escherichia coli CFT073	TssA
T6CP011356	T6SS00037	NC_004431	3227152	3228804	Escherichia coli CFT073	TagL
T6CP011357	T6SS00037	NC_004431	3237489	3237749	Escherichia coli CFT073	PAAR
T6CP000327	T6SS00040	NC_004547	3854912	3855688	Pectobacterium atrosepticum SCRI1043	TssL
T6CP000328	T6SS00040	NC_004547	3855704	3857041	Pectobacterium atrosepticum SCRI1043	TssK
T6CP000329	T6SS00040	NC_004547	3857044	3857565	Pectobacterium atrosepticum SCRI1043	TssJ
T6CP000330	T6SS00040	NC_004547	3858788	3859786	Pectobacterium atrosepticum SCRI1043	TssG
T6CP000331	T6SS00040	NC_004547	3859750	3861516	Pectobacterium atrosepticum SCRI1043	TssF
T6CP000332	T6SS00040	NC_004547	3861956	3863434	Pectobacterium atrosepticum SCRI1043	TssC
T6CP000333	T6SS00040	NC_004547	3863466	3863969	Pectobacterium atrosepticum SCRI1043	TssB
T6CP008452	T6SS00040	NC_004547	3839060	3841096	Pectobacterium atrosepticum SCRI1043	TssI
T6CP008453	T6SS00040	NC_004547	3841279	3841797	Pectobacterium atrosepticum SCRI1043	TssD
T6CP008454	T6SS00040	NC_004547	3843747	3845183	Pectobacterium atrosepticum SCRI1043	TssA
T6CP008455	T6SS00040	NC_004547	3845233	3848730	Pectobacterium atrosepticum SCRI1043	TssM
T6CP008456	T6SS00040	NC_004547	3848755	3850173	Pectobacterium atrosepticum SCRI1043	TssA
T6CP008457	T6SS00040	NC_004547	3852301	3854898	Pectobacterium atrosepticum SCRI1043	TssH
T6CP008458	T6SS00040	NC_004547	3861519	3861950	Pectobacterium atrosepticum SCRI1043	TssE
T6CP011432	T6SS00040	NC_004547	3857565	3858785	Pectobacterium atrosepticum SCRI1043	FHA
T6CP011433	T6SS00040	NC_004547	3837677	3839050	Pectobacterium atrosepticum SCRI1043	PAAR
T6CP000344	T6SS00042	NC_004578	6153553	6155589	Pseudomonas syringae pv. tomato str. DC3000	TssI
T6CP000345	T6SS00042	NC_004578	6157343	6160870	Pseudomonas syringae pv. tomato str. DC3000	TssM
T6CP000346	T6SS00042	NC_004578	6160884	6161759	Pseudomonas syringae pv. tomato str. DC3000	TssL
T6CP000347	T6SS00042	NC_004578	6161765	6163096	Pseudomonas syringae pv. tomato str. DC3000	TssK
T6CP000348	T6SS00042	NC_004578	6163099	6163599	Pseudomonas syringae pv. tomato str. DC3000	TssJ
T6CP000349	T6SS00042	NC_004578	6166575	6169223	Pseudomonas syringae pv. tomato str. DC3000	TssH
T6CP000350	T6SS00042	NC_004578	6169237	6170244	Pseudomonas syringae pv. tomato str. DC3000	TssG
T6CP000351	T6SS00042	NC_004578	6170208	6171995	Pseudomonas syringae pv. tomato str. DC3000	TssF
T6CP000352	T6SS00042	NC_004578	6176297	6176704	Pseudomonas syringae pv. tomato str. DC3000	TssE
T6CP000353	T6SS00042	NC_004578	6176718	6178196	Pseudomonas syringae pv. tomato str. DC3000	TssC
T6CP000354	T6SS00042	NC_004578	6178225	6178731	Pseudomonas syringae pv. tomato str. DC3000	TssB
T6CP000355	T6SS00042	NC_004578	6181756	6183798	Pseudomonas syringae pv. tomato str. DC3000	TssI
T6CP008398	T6SS00042	NC_004578	6178764	6180320	Pseudomonas syringae pv. tomato str. DC3000	TssA
T6CP008399	T6SS00042	NC_004578	6181106	6181624	Pseudomonas syringae pv. tomato str. DC3000	TssD
T6CP011434	T6SS00042	NC_004578	6163605	6164801	Pseudomonas syringae pv. tomato str. DC3000	FHA
T6CP011435	T6SS00042	NC_004578	6175762	6176286	Pseudomonas syringae pv. tomato str. DC3000	PAAR
T6CP012436	T6SS00042	NC_004578	6155611	6156618	Pseudomonas syringae pv. tomato str. DC3000	Stk1
T6CP012437	T6SS00042	NC_004578	6156615	6157343	Pseudomonas syringae pv. tomato str. DC3000	Stp1
T6CP012438	T6SS00042	NC_004578	6165047	6166564	Pseudomonas syringae pv. tomato str. DC3000	Sfa2
T6CP000356	T6SS00043	NC_004603	1492844	1495516	Vibrio parahaemolyticus RIMD 2210633	TssH
T6CP000357	T6SS00043	NC_004603	1496562	1498640	Vibrio parahaemolyticus RIMD 2210633	TssI
T6CP000358	T6SS00043	NC_004603	1506285	1506791	Vibrio parahaemolyticus RIMD 2210633	TssB
T6CP000359	T6SS00043	NC_004603	1506800	1508275	Vibrio parahaemolyticus RIMD 2210633	TssC
T6CP000360	T6SS00043	NC_004603	1508758	1510506	Vibrio parahaemolyticus RIMD 2210633	TssF
T6CP000361	T6SS00043	NC_004603	1510503	1511501	Vibrio parahaemolyticus RIMD 2210633	TssG
T6CP000362	T6SS00043	NC_004603	1512050	1515439	Vibrio parahaemolyticus RIMD 2210633	TssM
T6CP000363	T6SS00043	NC_004603	1519392	1519892	Vibrio parahaemolyticus RIMD 2210633	TssJ
T6CP000364	T6SS00043	NC_004603	1519904	1521229	Vibrio parahaemolyticus RIMD 2210633	TssK
T6CP000365	T6SS00043	NC_004603	1521226	1522017	Vibrio parahaemolyticus RIMD 2210633	TssL
T6CP008427	T6SS00043	NC_004603	1495971	1496489	Vibrio parahaemolyticus RIMD 2210633	TssD
T6CP008428	T6SS00043	NC_004603	1504684	1506258	Vibrio parahaemolyticus RIMD 2210633	TssA
T6CP008429	T6SS00043	NC_004603	1508337	1508747	Vibrio parahaemolyticus RIMD 2210633	TssE
T6CP008430	T6SS00043	NC_004603	1515461	1516756	Vibrio parahaemolyticus RIMD 2210633	TssA
T6CP011350	T6SS00043	NC_004603	1486402	1491144	Vibrio parahaemolyticus RIMD 2210633	TagL
T6CP011351	T6SS00043	NC_004603	1517885	1519399	Vibrio parahaemolyticus RIMD 2210633	FHA
T6CP000366	T6SS00044	NC_004605	1079651	1081486	Vibrio parahaemolyticus RIMD 2210633	TssI
T6CP000367	T6SS00044	NC_004605	1081544	1082023	Vibrio parahaemolyticus RIMD 2210633	TssD
T6CP000368	T6SS00044	NC_004605	1082229	1084796	Vibrio parahaemolyticus RIMD 2210633	TssH
T6CP000369	T6SS00044	NC_004605	1084807	1085772	Vibrio parahaemolyticus RIMD 2210633	TssG
T6CP000370	T6SS00044	NC_004605	1085769	1087592	Vibrio parahaemolyticus RIMD 2210633	TssF
T6CP000371	T6SS00044	NC_004605	1087589	1088053	Vibrio parahaemolyticus RIMD 2210633	TssE
T6CP000372	T6SS00044	NC_004605	1088870	1090381	Vibrio parahaemolyticus RIMD 2210633	TssC
T6CP000373	T6SS00044	NC_004605	1090437	1091930	Vibrio parahaemolyticus RIMD 2210633	TssC
T6CP000374	T6SS00044	NC_004605	1091930	1092460	Vibrio parahaemolyticus RIMD 2210633	TssB
T6CP000375	T6SS00044	NC_004605	1095070	1098588	Vibrio parahaemolyticus RIMD 2210633	TssM
T6CP000376	T6SS00044	NC_004605	1098604	1099896	Vibrio parahaemolyticus RIMD 2210633	TssL
T6CP000377	T6SS00044	NC_004605	1099908	1101233	Vibrio parahaemolyticus RIMD 2210633	TssK
T6CP000378	T6SS00044	NC_004605	1101255	1101710	Vibrio parahaemolyticus RIMD 2210633	TssJ
T6CP009338	T6SS00044	NC_004605	1092476	1093597	Vibrio parahaemolyticus RIMD 2210633	TssA
T6CP011352	T6SS00044	NC_004605	1079347	1079637	Vibrio parahaemolyticus RIMD 2210633	PAAR
T6CP011353	T6SS00044	NC_004605	1101720	1102916	Vibrio parahaemolyticus RIMD 2210633	FHA
T6CP012705	T6SS00044	NC_004605	1088062	1088859	Vibrio parahaemolyticus RIMD 2210633	TagJ
T6CP000395	T6SS00047	NC_004917	231618	234416	Helicobacter hepaticus ATCC 51449	TssI
T6CP000396	T6SS00047	NC_004917	235149	236147	Helicobacter hepaticus ATCC 51449	TssG
T6CP000397	T6SS00047	NC_004917	236141	237856	Helicobacter hepaticus ATCC 51449	TssF
T6CP000398	T6SS00047	NC_004917	238319	239791	Helicobacter hepaticus ATCC 51449	TssC
T6CP000399	T6SS00047	NC_004917	239839	240336	Helicobacter hepaticus ATCC 51449	TssB
T6CP000400	T6SS00047	NC_004917	240524	241060	Helicobacter hepaticus ATCC 51449	TssJ
T6CP000401	T6SS00047	NC_004917	241053	242432	Helicobacter hepaticus ATCC 51449	TssK
T6CP000402	T6SS00047	NC_004917	242444	243232	Helicobacter hepaticus ATCC 51449	TssL
T6CP008405	T6SS00047	NC_004917	234543	235052	Helicobacter hepaticus ATCC 51449	TssD
T6CP008406	T6SS00047	NC_004917	243237	246791	Helicobacter hepaticus ATCC 51449	TssM
T6CP009648	T6SS00047	NC_004917	227242	228102	Helicobacter hepaticus ATCC 51449	TssI
T6CP011437	T6SS00047	NC_004917	246801	247781	Helicobacter hepaticus ATCC 51449	FHA
T6CP000426	T6SS00050	NC_005126	377581	379476	Photorhabdus laumondii subsp. laumondii TTO1	TssI
T6CP000427	T6SS00050	NC_005126	382431	385976	Photorhabdus laumondii subsp. laumondii TTO1	TssM
T6CP000428	T6SS00050	NC_005126	388853	391498	Photorhabdus laumondii subsp. laumondii TTO1	TssH
T6CP000429	T6SS00050	NC_005126	391509	392279	Photorhabdus laumondii subsp. laumondii TTO1	TssL
T6CP000430	T6SS00050	NC_005126	392279	393631	Photorhabdus laumondii subsp. laumondii TTO1	TssK
T6CP000431	T6SS00050	NC_005126	393634	394200	Photorhabdus laumondii subsp. laumondii TTO1	TssJ
T6CP000432	T6SS00050	NC_005126	395492	396544	Photorhabdus laumondii subsp. laumondii TTO1	TssG
T6CP000433	T6SS00050	NC_005126	396508	398355	Photorhabdus laumondii subsp. laumondii TTO1	TssF
T6CP000434	T6SS00050	NC_005126	398804	400282	Photorhabdus laumondii subsp. laumondii TTO1	TssC
T6CP000435	T6SS00050	NC_005126	400306	400803	Photorhabdus laumondii subsp. laumondii TTO1	TssB
T6CP008432	T6SS00050	NC_005126	398357	398797	Photorhabdus laumondii subsp. laumondii TTO1	TssE
T6CP008433	T6SS00050	NC_005126	401704	402222	Photorhabdus laumondii subsp. laumondii TTO1	TssD
T6CP009438	T6SS00050	NC_005126	385973	387406	Photorhabdus laumondii subsp. laumondii TTO1	TssA
T6CP011440	T6SS00050	NC_005126	394200	395486	Photorhabdus laumondii subsp. laumondii TTO1	FHA
T6CP000520	T6SS00061	NC_005966	2637964	2641785	Acinetobacter baylyi ADP1	TssM
T6CP000521	T6SS00061	NC_005966	2643220	2644218	Acinetobacter baylyi ADP1	TssG
T6CP000522	T6SS00061	NC_005966	2644182	2645990	Acinetobacter baylyi ADP1	TssF
T6CP000523	T6SS00061	NC_005966	2646002	2646475	Acinetobacter baylyi ADP1	TssE
T6CP000524	T6SS00061	NC_005966	2646545	2647048	Acinetobacter baylyi ADP1	TssD
T6CP000525	T6SS00061	NC_005966	2647094	2648575	Acinetobacter baylyi ADP1	TssC
T6CP000526	T6SS00061	NC_005966	2648568	2649071	Acinetobacter baylyi ADP1	TssB
T6CP000527	T6SS00061	NC_005966	2650134	2652809	Acinetobacter baylyi ADP1	TssH
T6CP000528	T6SS00061	NC_005966	2652825	2653928	Acinetobacter baylyi ADP1	TssA
T6CP000529	T6SS00061	NC_005966	2653945	2655312	Acinetobacter baylyi ADP1	TssK
T6CP000530	T6SS00061	NC_005966	2655324	2656127	Acinetobacter baylyi ADP1	TssL
T6CP011379	T6SS00061	NC_005966	2636197	2636961	Acinetobacter baylyi ADP1	TagL
T6CP011380	T6SS00061	NC_005966	2635901	2636167	Acinetobacter baylyi ADP1	PAAR
T6CP000596	T6SS00070	NC_006349	742735	743400	Burkholderia mallei ATCC 23344	TssL
T6CP000597	T6SS00070	NC_006349	743397	744794	Burkholderia mallei ATCC 23344	TssK
T6CP000598	T6SS00070	NC_006349	750563	753586	Burkholderia mallei ATCC 23344	TssI
T6CP000599	T6SS00070	NC_006349	753613	756696	Burkholderia mallei ATCC 23344	TssH
T6CP000600	T6SS00070	NC_006349	756683	757705	Burkholderia mallei ATCC 23344	TssG
T6CP000601	T6SS00070	NC_006349	757693	759435	Burkholderia mallei ATCC 23344	TssF
T6CP000602	T6SS00070	NC_006349	760655	762181	Burkholderia mallei ATCC 23344	TssC
T6CP000603	T6SS00070	NC_006349	762178	762672	Burkholderia mallei ATCC 23344	TssB
T6CP008459	T6SS00070	NC_006349	738692	742738	Burkholderia mallei ATCC 23344	TssM
T6CP008460	T6SS00070	NC_006349	759472	759933	Burkholderia mallei ATCC 23344	TssE
T6CP008461	T6SS00070	NC_006349	759926	760435	Burkholderia mallei ATCC 23344	TssD
T6CP008462	T6SS00070	NC_006349	765501	767435	Burkholderia mallei ATCC 23344	TssA
T6CP009350	T6SS00070	NC_006349	744827	745624	Burkholderia mallei ATCC 23344	TssJ
T6CP012439	T6SS00070	NC_006349	762932	764776	Burkholderia mallei ATCC 23344	VirA
T6CP012440	T6SS00070	NC_006349	764773	765510	Burkholderia mallei ATCC 23344	VirG
T6CP000664	T6SS00075	NC_006351	2040815	2041309	Burkholderia pseudomallei K96243	TssB
T6CP000665	T6SS00075	NC_006351	2041306	2042832	Burkholderia pseudomallei K96243	TssC
T6CP000666	T6SS00075	NC_006351	2044052	2045794	Burkholderia pseudomallei K96243	TssF
T6CP000667	T6SS00075	NC_006351	2045782	2046804	Burkholderia pseudomallei K96243	TssG
T6CP000668	T6SS00075	NC_006351	2046791	2049829	Burkholderia pseudomallei K96243	TssH
T6CP000669	T6SS00075	NC_006351	2049856	2052879	Burkholderia pseudomallei K96243	TssI
T6CP000670	T6SS00075	NC_006351	2058639	2060036	Burkholderia pseudomallei K96243	TssK
T6CP000671	T6SS00075	NC_006351	2060033	2060698	Burkholderia pseudomallei K96243	TssL
T6CP000672	T6SS00075	NC_006351	2060695	2064669	Burkholderia pseudomallei K96243	TssM
T6CP008439	T6SS00075	NC_006351	2036034	2037986	Burkholderia pseudomallei K96243	TssA
T6CP008440	T6SS00075	NC_006351	2043052	2043561	Burkholderia pseudomallei K96243	TssD
T6CP008441	T6SS00075	NC_006351	2043554	2044015	Burkholderia pseudomallei K96243	TssE
T6CP009348	T6SS00075	NC_006351	2057809	2058606	Burkholderia pseudomallei K96243	TssJ
T6CP012441	T6SS00075	NC_006351	2037977	2038714	Burkholderia pseudomallei K96243	VirG
T6CP012442	T6SS00075	NC_006351	2038711	2040555	Burkholderia pseudomallei K96243	VirA
T6CP005181	T6SS00080	NC_006570	1773260	1775722	Francisella tularensis subsp. tularensis SCHU S4	PdpA
T6CP005182	T6SS00080	NC_006570	1775727	1779008	Francisella tularensis subsp. tularensis SCHU S4	PdpB
T6CP005183	T6SS00080	NC_006570	1778998	1779375	Francisella tularensis subsp. tularensis SCHU S4	IglE
T6CP005184	T6SS00080	NC_006570	1779388	1779882	Francisella tularensis subsp. tularensis SCHU S4	TssI
T6CP005185	T6SS00080	NC_006570	1779887	1781617	Francisella tularensis subsp. tularensis SCHU S4	IglF
T6CP005186	T6SS00080	NC_006570	1781618	1782139	Francisella tularensis subsp. tularensis SCHU S4	IglG
T6CP005187	T6SS00080	NC_006570	1782152	1783582	Francisella tularensis subsp. tularensis SCHU S4	IglH
T6CP005188	T6SS00080	NC_006570	1794788	1798375	Francisella tularensis subsp. tularensis SCHU S4	PdpD
T6CP005189	T6SS00080	NC_006570	1794153	1794707	Francisella tularensis subsp. tularensis SCHU S4	TssB
T6CP005190	T6SS00080	NC_006570	1792619	1794139	Francisella tularensis subsp. tularensis SCHU S4	TssC
T6CP005191	T6SS00080	NC_006570	1791973	1792602	Francisella tularensis subsp. tularensis SCHU S4	IglC
T6CP005192	T6SS00080	NC_006570	1790756	1791952	Francisella tularensis subsp. tularensis SCHU S4	IglD
T6CP005193	T6SS00080	NC_006570	1790174	1790749	Francisella tularensis subsp. tularensis SCHU S4	PdpE
T6CP005194	T6SS00080	NC_006570	1786170	1790156	Francisella tularensis subsp. tularensis SCHU S4	PdpC
T6CP005195	T6SS00080	NC_006570	1785357	1786130	Francisella tularensis subsp. tularensis SCHU S4	IglJ
T6CP005196	T6SS00080	NC_006570	1784240	1785391	Francisella tularensis subsp. tularensis SCHU S4	IglI
T6CP005197	T6SS00080	NC_006570	1783595	1784218	Francisella tularensis subsp. tularensis SCHU S4	TssL
T6CP005164	T6SS00081	NC_006570	1379925	1382387	Francisella tularensis subsp. tularensis SCHU S4	PdpA
T6CP005165	T6SS00081	NC_006570	1382392	1385673	Francisella tularensis subsp. tularensis SCHU S4	PdpB
T6CP005166	T6SS00081	NC_006570	1385663	1386040	Francisella tularensis subsp. tularensis SCHU S4	IglE
T6CP005167	T6SS00081	NC_006570	1386053	1386547	Francisella tularensis subsp. tularensis SCHU S4	TssI
T6CP005168	T6SS00081	NC_006570	1386552	1388282	Francisella tularensis subsp. tularensis SCHU S4	IglF
T6CP005169	T6SS00081	NC_006570	1388283	1388804	Francisella tularensis subsp. tularensis SCHU S4	IglG
T6CP005170	T6SS00081	NC_006570	1388817	1390247	Francisella tularensis subsp. tularensis SCHU S4	IglH
T6CP005171	T6SS00081	NC_006570	1390260	1390883	Francisella tularensis subsp. tularensis SCHU S4	TssL
T6CP005172	T6SS00081	NC_006570	1390905	1392056	Francisella tularensis subsp. tularensis SCHU S4	IglI
T6CP005173	T6SS00081	NC_006570	1392022	1392795	Francisella tularensis subsp. tularensis SCHU S4	IglJ
T6CP005174	T6SS00081	NC_006570	1392835	1396821	Francisella tularensis subsp. tularensis SCHU S4	PdpC
T6CP005175	T6SS00081	NC_006570	1396839	1397414	Francisella tularensis subsp. tularensis SCHU S4	PdpE
T6CP005176	T6SS00081	NC_006570	1397421	1398617	Francisella tularensis subsp. tularensis SCHU S4	IglD
T6CP005177	T6SS00081	NC_006570	1398638	1399267	Francisella tularensis subsp. tularensis SCHU S4	IglC
T6CP005178	T6SS00081	NC_006570	1399284	1400804	Francisella tularensis subsp. tularensis SCHU S4	TssC
T6CP005179	T6SS00081	NC_006570	1400818	1401372	Francisella tularensis subsp. tularensis SCHU S4	TssB
T6CP005180	T6SS00081	NC_006570	1401453	1405040	Francisella tularensis subsp. tularensis SCHU S4	PdpD
T6CP000746	T6SS00084	NC_006840	1092603	1096124	Aliivibrio fischeri ES114	TssM
T6CP000747	T6SS00084	NC_006840	1096135	1096968	Aliivibrio fischeri ES114	TssL
T6CP000748	T6SS00084	NC_006840	1096970	1098292	Aliivibrio fischeri ES114	TssK
T6CP000749	T6SS00084	NC_006840	1098304	1098795	Aliivibrio fischeri ES114	TssJ
T6CP000750	T6SS00084	NC_006840	1101851	1104433	Aliivibrio fischeri ES114	TssH
T6CP000751	T6SS00084	NC_006840	1104430	1105470	Aliivibrio fischeri ES114	TssG
T6CP000752	T6SS00084	NC_006840	1105434	1107185	Aliivibrio fischeri ES114	TssF
T6CP000753	T6SS00084	NC_006840	1107697	1109172	Aliivibrio fischeri ES114	TssC
T6CP000754	T6SS00084	NC_006840	1109176	1109676	Aliivibrio fischeri ES114	TssB
T6CP008464	T6SS00084	NC_006840	1107182	1107607	Aliivibrio fischeri ES114	TssE
T6CP011472	T6SS00084	NC_006840	1098832	1100142	Aliivibrio fischeri ES114	FHA
T6CP000767	T6SS00086	NC_007005	5871317	5871850	Pseudomonas syringae pv. syringae B728a	TssB
T6CP000768	T6SS00086	NC_007005	5871865	5873367	Pseudomonas syringae pv. syringae B728a	TssC
T6CP000769	T6SS00086	NC_007005	5873395	5873877	Pseudomonas syringae pv. syringae B728a	TssE
T6CP000770	T6SS00086	NC_007005	5873877	5875709	Pseudomonas syringae pv. syringae B728a	TssF
T6CP000771	T6SS00086	NC_007005	5875673	5876743	Pseudomonas syringae pv. syringae B728a	TssG
T6CP000772	T6SS00086	NC_007005	5876740	5879343	Pseudomonas syringae pv. syringae B728a	TssH
T6CP000773	T6SS00086	NC_007005	5879369	5880124	Pseudomonas syringae pv. syringae B728a	TssJ
T6CP000774	T6SS00086	NC_007005	5880121	5881464	Pseudomonas syringae pv. syringae B728a	TssK
T6CP000775	T6SS00086	NC_007005	5881461	5882174	Pseudomonas syringae pv. syringae B728a	TssL
T6CP000776	T6SS00086	NC_007005	5882205	5886137	Pseudomonas syringae pv. syringae B728a	TssM
T6CP000777	T6SS00086	NC_007005	5887089	5889581	Pseudomonas syringae pv. syringae B728a	TssM
T6CP000778	T6SS00086	NC_007005	5889737	5890255	Pseudomonas syringae pv. syringae B728a	TssD
T6CP000779	T6SS00086	NC_007005	5890348	5891442	Pseudomonas syringae pv. syringae B728a	TssA
T6CP000780	T6SS00086	NC_007005	5898317	5901193	Pseudomonas syringae pv. syringae B728a	TssI
T6CP000781	T6SS00086	NC_007005	5908301	5910145	Pseudomonas syringae pv. syringae B728a	TssI
T6CP011366	T6SS00086	NC_007005	5892619	5892873	Pseudomonas syringae pv. syringae B728a	PAAR
T6CP011367	T6SS00086	NC_007005	5911246	5915475	Pseudomonas syringae pv. syringae B728a	PAAR
T6CP001062	T6SS00113	NC_007650	997685	1001575	Burkholderia thailandensis E264	TssM
T6CP001063	T6SS00113	NC_007650	1001572	1002249	Burkholderia thailandensis E264	TssL
T6CP001064	T6SS00113	NC_007650	1002249	1003643	Burkholderia thailandensis E264	TssK
T6CP001065	T6SS00113	NC_007650	1003676	1004482	Burkholderia thailandensis E264	TssJ
T6CP001066	T6SS00113	NC_007650	1009425	1012463	Burkholderia thailandensis E264	TssI
T6CP001067	T6SS00113	NC_007650	1012489	1015365	Burkholderia thailandensis E264	TssH
T6CP001068	T6SS00113	NC_007650	1015352	1016383	Burkholderia thailandensis E264	TssG
T6CP001069	T6SS00113	NC_007650	1016371	1018113	Burkholderia thailandensis E264	TssF
T6CP001070	T6SS00113	NC_007650	1019268	1020794	Burkholderia thailandensis E264	TssC
T6CP001071	T6SS00113	NC_007650	1020791	1021285	Burkholderia thailandensis E264	TssB
T6CP008465	T6SS00113	NC_007650	1018142	1018618	Burkholderia thailandensis E264	TssE
T6CP008466	T6SS00113	NC_007650	1018597	1019085	Burkholderia thailandensis E264	TssD
T6CP008467	T6SS00113	NC_007650	1024090	1025886	Burkholderia thailandensis E264	TssA
T6CP012448	T6SS00113	NC_007650	1021545	1023368	Burkholderia thailandensis E264	VirA
T6CP012449	T6SS00113	NC_007650	1023365	1024099	Burkholderia thailandensis E264	VirG
T6CP001072	T6SS00114	NC_007650	2282208	2285702	Burkholderia thailandensis E264	TssM
T6CP001073	T6SS00114	NC_007650	2285699	2287426	Burkholderia thailandensis E264	TssL
T6CP001074	T6SS00114	NC_007650	2287509	2288870	Burkholderia thailandensis E264	TssK
T6CP001075	T6SS00114	NC_007650	2293904	2296192	Burkholderia thailandensis E264	TssI
T6CP001076	T6SS00114	NC_007650	2296361	2298652	Burkholderia thailandensis E264	TssI
T6CP001077	T6SS00114	NC_007650	2298643	2301486	Burkholderia thailandensis E264	TssH
T6CP001078	T6SS00114	NC_007650	2301489	2302478	Burkholderia thailandensis E264	TssG
T6CP001079	T6SS00114	NC_007650	2302475	2304337	Burkholderia thailandensis E264	TssF
T6CP001080	T6SS00114	NC_007650	2304351	2304782	Burkholderia thailandensis E264	TssE
T6CP001081	T6SS00114	NC_007650	2304861	2305388	Burkholderia thailandensis E264	TssD
T6CP001082	T6SS00114	NC_007650	2305532	2307037	Burkholderia thailandensis E264	TssC
T6CP001083	T6SS00114	NC_007650	2307040	2307591	Burkholderia thailandensis E264	TssB
T6CP001084	T6SS00114	NC_007650	2307625	2308569	Burkholderia thailandensis E264	TssA
T6CP009346	T6SS00114	NC_007650	2288867	2289460	Burkholderia thailandensis E264	TssJ
T6CP001085	T6SS00115	NC_007651	3396298	3400203	Burkholderia thailandensis E264	TssM
T6CP001086	T6SS00115	NC_007651	3402329	3403459	Burkholderia thailandensis E264	TssA
T6CP001087	T6SS00115	NC_007651	3403545	3406208	Burkholderia thailandensis E264	TssH
T6CP001088	T6SS00115	NC_007651	3406242	3407342	Burkholderia thailandensis E264	TssG
T6CP001089	T6SS00115	NC_007651	3407306	3409144	Burkholderia thailandensis E264	TssF
T6CP001090	T6SS00115	NC_007651	3409225	3409707	Burkholderia thailandensis E264	TssE
T6CP001091	T6SS00115	NC_007651	3409765	3410268	Burkholderia thailandensis E264	TssD
T6CP001092	T6SS00115	NC_007651	3410341	3411831	Burkholderia thailandensis E264	TssC
T6CP001093	T6SS00115	NC_007651	3411848	3412366	Burkholderia thailandensis E264	TssB
T6CP001094	T6SS00115	NC_007651	3413466	3414080	Burkholderia thailandensis E264	TssJ
T6CP001095	T6SS00115	NC_007651	3414189	3415535	Burkholderia thailandensis E264	TssK
T6CP001096	T6SS00115	NC_007651	3415532	3416317	Burkholderia thailandensis E264	TssL
T6CP011368	T6SS00115	NC_007651	3401194	3402129	Burkholderia thailandensis E264	TagL
T6CP001216	T6SS00126	NC_008060	2880426	2884370	Burkholderia cenocepacia AU 1054	TssM
T6CP001218	T6SS00126	NC_008060	2896514	2897635	Burkholderia cenocepacia AU 1054	TssA
T6CP011511	T6SS00126	NC_008060	2897679	2900346	Burkholderia cenocepacia AU 1054	TssH
T6CP001220	T6SS00126	NC_008060	2900388	2901488	Burkholderia cenocepacia AU 1054	TssG
T6CP001221	T6SS00126	NC_008060	2901452	2903287	Burkholderia cenocepacia AU 1054	TssF
T6CP001222	T6SS00126	NC_008060	2903364	2903849	Burkholderia cenocepacia AU 1054	TssE
T6CP001223	T6SS00126	NC_008060	2903912	2904415	Burkholderia cenocepacia AU 1054	TssD
T6CP001224	T6SS00126	NC_008060	2904486	2905976	Burkholderia cenocepacia AU 1054	TssC
T6CP001225	T6SS00126	NC_008060	2905992	2906507	Burkholderia cenocepacia AU 1054	TssB
T6CP001226	T6SS00126	NC_008060	2907562	2908173	Burkholderia cenocepacia AU 1054	TssJ
T6CP001227	T6SS00126	NC_008060	2908276	2909622	Burkholderia cenocepacia AU 1054	TssK
T6CP001228	T6SS00126	NC_008060	2909619	2910401	Burkholderia cenocepacia AU 1054	TssL
T6CP001229	T6SS00126	NC_008060	2916636	2919827	Burkholderia cenocepacia AU 1054	TssI
T6CP001230	T6SS00127	NC_008095	6004071	6006335	Myxococcus xanthus DK 1622	TssI
T6CP001231	T6SS00127	NC_008095	6006481	6007098	Myxococcus xanthus DK 1622	TssJ
T6CP001232	T6SS00127	NC_008095	6007095	6008462	Myxococcus xanthus DK 1622	TssK
T6CP001233	T6SS00127	NC_008095	6008478	6009194	Myxococcus xanthus DK 1622	TssL
T6CP001234	T6SS00127	NC_008095	6009191	6012886	Myxococcus xanthus DK 1622	TssM
T6CP001235	T6SS00127	NC_008095	6015943	6016437	Myxococcus xanthus DK 1622	TssB
T6CP001236	T6SS00127	NC_008095	6016463	6017947	Myxococcus xanthus DK 1622	TssC
T6CP001237	T6SS00127	NC_008095	6019075	6020826	Myxococcus xanthus DK 1622	TssF
T6CP001238	T6SS00127	NC_008095	6020790	6021833	Myxococcus xanthus DK 1622	TssG
T6CP001239	T6SS00127	NC_008095	6021917	6024574	Myxococcus xanthus DK 1622	TssH
T6CP001240	T6SS00127	NC_008095	6032464	6035913	Myxococcus xanthus DK 1622	TssH
T6CP001241	T6SS00127	NC_008095	6035918	6039301	Myxococcus xanthus DK 1622	TssH
T6CP001242	T6SS00127	NC_008095	6039303	6041597	Myxococcus xanthus DK 1622	TssH
T6CP001243	T6SS00127	NC_008095	6046572	6048992	Myxococcus xanthus DK 1622	TssH
T6CP009584	T6SS00127	NC_008095	6018642	6019037	Myxococcus xanthus DK 1622	TssE
T6CP009585	T6SS00127	NC_008095	6018067	6018558	Myxococcus xanthus DK 1622	TssD
T6CP009587	T6SS00127	NC_008095	6013836	6015860	Myxococcus xanthus DK 1622	TssA
T6CP011373	T6SS00127	NC_008095	6001993	6003840	Myxococcus xanthus DK 1622	TagL
T6CP001455	T6SS00150	NC_008463	89166	92699	Pseudomonas aeruginosa UCBPP-PA14	TssM
T6CP001456	T6SS00150	NC_008463	92696	94045	Pseudomonas aeruginosa UCBPP-PA14	TssL
T6CP001457	T6SS00150	NC_008463	94052	95386	Pseudomonas aeruginosa UCBPP-PA14	TssK
T6CP001458	T6SS00150	NC_008463	95402	95866	Pseudomonas aeruginosa UCBPP-PA14	TssJ
T6CP001459	T6SS00150	NC_008463	97777	98811	Pseudomonas aeruginosa UCBPP-PA14	TssA
T6CP001460	T6SS00150	NC_008463	98900	99418	Pseudomonas aeruginosa UCBPP-PA14	TssB
T6CP001461	T6SS00150	NC_008463	99431	100927	Pseudomonas aeruginosa UCBPP-PA14	TssC
T6CP001462	T6SS00150	NC_008463	101003	101491	Pseudomonas aeruginosa UCBPP-PA14	TssD
T6CP001463	T6SS00150	NC_008463	103012	104871	Pseudomonas aeruginosa UCBPP-PA14	TssF
T6CP001464	T6SS00150	NC_008463	104835	105881	Pseudomonas aeruginosa UCBPP-PA14	TssG
T6CP001465	T6SS00150	NC_008463	105874	108582	Pseudomonas aeruginosa UCBPP-PA14	TssH
T6CP001466	T6SS00150	NC_008463	108629	110560	Pseudomonas aeruginosa UCBPP-PA14	TssI
T6CP001467	T6SS00150	NC_008463	113281	115506	Pseudomonas aeruginosa UCBPP-PA14	TssI
T6CP009593	T6SS00150	NC_008463	102506	103015	Pseudomonas aeruginosa UCBPP-PA14	TssE
T6CP012453	T6SS00150	NC_008463	80049	80963	Pseudomonas aeruginosa UCBPP-PA14	TagQ
T6CP012454	T6SS00150	NC_008463	81025	82737	Pseudomonas aeruginosa UCBPP-PA14	TagR
T6CP012455	T6SS00150	NC_008463	82730	83929	Pseudomonas aeruginosa UCBPP-PA14	TagS
T6CP012456	T6SS00150	NC_008463	83929	84648	Pseudomonas aeruginosa UCBPP-PA14	TagT
T6CP012457	T6SS00150	NC_008463	87751	88479	Pseudomonas aeruginosa UCBPP-PA14	PppA
T6CP012458	T6SS00150	NC_008463	88489	89169	Pseudomonas aeruginosa UCBPP-PA14	TagF
T6CP012459	T6SS00150	NC_008463	84645	87743	Pseudomonas aeruginosa UCBPP-PA14	PpkA
T6CP012732	T6SS00150	NC_008463	101659	102504	Pseudomonas aeruginosa UCBPP-PA14	TagJ
T6CP001468	T6SS00151	NC_008463	3017584	3019590	Pseudomonas aeruginosa UCBPP-PA14	TssI
T6CP001469	T6SS00151	NC_008463	3021340	3023889	Pseudomonas aeruginosa UCBPP-PA14	TssH
T6CP001470	T6SS00151	NC_008463	3023891	3024907	Pseudomonas aeruginosa UCBPP-PA14	TssG
T6CP001471	T6SS00151	NC_008463	3024871	3026664	Pseudomonas aeruginosa UCBPP-PA14	TssF
T6CP001472	T6SS00151	NC_008463	3027086	3027583	Pseudomonas aeruginosa UCBPP-PA14	TssD
T6CP001473	T6SS00151	NC_008463	3027657	3029141	Pseudomonas aeruginosa UCBPP-PA14	TssC
T6CP001474	T6SS00151	NC_008463	3029164	3029709	Pseudomonas aeruginosa UCBPP-PA14	TssB
T6CP001475	T6SS00151	NC_008463	3030453	3031784	Pseudomonas aeruginosa UCBPP-PA14	TssK
T6CP001476	T6SS00151	NC_008463	3032557	3036372	Pseudomonas aeruginosa UCBPP-PA14	TssM
T6CP001477	T6SS00151	NC_008463	3036369	3037469	Pseudomonas aeruginosa UCBPP-PA14	TssA
T6CP009588	T6SS00151	NC_008463	3031802	3032560	Pseudomonas aeruginosa UCBPP-PA14	TssL
T6CP009589	T6SS00151	NC_008463	3026648	3027073	Pseudomonas aeruginosa UCBPP-PA14	TssE
T6CP012460	T6SS00151	NC_008463	3037579	3038664	Pseudomonas aeruginosa UCBPP-PA14	Sfa3
T6CP001478	T6SS00152	NC_008463	3812214	3815741	Pseudomonas aeruginosa UCBPP-PA14	TssM
T6CP001479	T6SS00152	NC_008463	3815757	3816626	Pseudomonas aeruginosa UCBPP-PA14	TssL
T6CP001480	T6SS00152	NC_008463	3816629	3817960	Pseudomonas aeruginosa UCBPP-PA14	TssK
T6CP001481	T6SS00152	NC_008463	3817957	3818463	Pseudomonas aeruginosa UCBPP-PA14	TssJ
T6CP001482	T6SS00152	NC_008463	3821431	3824064	Pseudomonas aeruginosa UCBPP-PA14	TssH
T6CP001483	T6SS00152	NC_008463	3824071	3825078	Pseudomonas aeruginosa UCBPP-PA14	TssG
T6CP001484	T6SS00152	NC_008463	3825042	3826829	Pseudomonas aeruginosa UCBPP-PA14	TssF
T6CP001485	T6SS00152	NC_008463	3827587	3829062	Pseudomonas aeruginosa UCBPP-PA14	TssC
T6CP001486	T6SS00152	NC_008463	3829090	3829596	Pseudomonas aeruginosa UCBPP-PA14	TssB
T6CP001487	T6SS00152	NC_008463	3832600	3834642	Pseudomonas aeruginosa UCBPP-PA14	TssI
T6CP009590	T6SS00152	NC_008463	3831886	3832404	Pseudomonas aeruginosa UCBPP-PA14	TssD
T6CP009591	T6SS00152	NC_008463	3829632	3831188	Pseudomonas aeruginosa UCBPP-PA14	TssA
T6CP009592	T6SS00152	NC_008463	3827167	3827574	Pseudomonas aeruginosa UCBPP-PA14	TssE
T6CP011365	T6SS00152	NC_008463	3818469	3819662	Pseudomonas aeruginosa UCBPP-PA14	FHA
T6CP012461	T6SS00152	NC_008463	3819909	3821420	Pseudomonas aeruginosa UCBPP-PA14	Sfa2
T6CP012462	T6SS00152	NC_008463	3811486	3812214	Pseudomonas aeruginosa UCBPP-PA14	Stp1
T6CP012463	T6SS00152	NC_008463	3810500	3811489	Pseudomonas aeruginosa UCBPP-PA14	Stk1
T6CP001535	T6SS00157	NC_008570	1991311	1993542	Aeromonas hydrophila subsp. hydrophila ATCC 7966	TssI
T6CP001536	T6SS00157	NC_008570	1998704	1999207	Aeromonas hydrophila subsp. hydrophila ATCC 7966	TssB
T6CP001537	T6SS00157	NC_008570	1999252	2000724	Aeromonas hydrophila subsp. hydrophila ATCC 7966	TssC
T6CP001538	T6SS00157	NC_008570	2001166	2002932	Aeromonas hydrophila subsp. hydrophila ATCC 7966	TssF
T6CP001539	T6SS00157	NC_008570	2002896	2003894	Aeromonas hydrophila subsp. hydrophila ATCC 7966	TssG
T6CP001540	T6SS00157	NC_008570	2005201	2005716	Aeromonas hydrophila subsp. hydrophila ATCC 7966	TssJ
T6CP001541	T6SS00157	NC_008570	2005719	2007053	Aeromonas hydrophila subsp. hydrophila ATCC 7966	TssK
T6CP001542	T6SS00157	NC_008570	2007145	2007855	Aeromonas hydrophila subsp. hydrophila ATCC 7966	TssL
T6CP001543	T6SS00157	NC_008570	2007876	2010518	Aeromonas hydrophila subsp. hydrophila ATCC 7966	TssH
T6CP001544	T6SS00157	NC_008570	2014151	2017636	Aeromonas hydrophila subsp. hydrophila ATCC 7966	TssM
T6CP001545	T6SS00157	NC_008570	2019669	2021714	Aeromonas hydrophila subsp. hydrophila ATCC 7966	TssI
T6CP001546	T6SS00157	NC_008570	2029151	2031403	Aeromonas hydrophila subsp. hydrophila ATCC 7966	TssH
T6CP008523	T6SS00157	NC_008570	1990515	1991033	Aeromonas hydrophila subsp. hydrophila ATCC 7966	TssD
T6CP008524	T6SS00157	NC_008570	2000731	2001162	Aeromonas hydrophila subsp. hydrophila ATCC 7966	TssE
T6CP008525	T6SS00157	NC_008570	2012673	2014109	Aeromonas hydrophila subsp. hydrophila ATCC 7966	TssA
T6CP008526	T6SS00157	NC_008570	2017683	2019113	Aeromonas hydrophila subsp. hydrophila ATCC 7966	TssA
T6CP011548	T6SS00157	NC_008570	2003951	2005201	Aeromonas hydrophila subsp. hydrophila ATCC 7966	FHA
T6CP011549	T6SS00157	NC_008570	2019371	2019658	Aeromonas hydrophila subsp. hydrophila ATCC 7966	PAAR
T6CP004914	T6SS00158	NC_008601	1378294	1380756	Francisella tularensis subsp. novicida U112	PdpA
T6CP004915	T6SS00158	NC_008601	1380761	1384042	Francisella tularensis subsp. novicida U112	PdpB
T6CP004916	T6SS00158	NC_008601	1384032	1384409	Francisella tularensis subsp. novicida U112	IglE
T6CP004917	T6SS00158	NC_008601	1384422	1384916	Francisella tularensis subsp. novicida U112	TssI
T6CP004918	T6SS00158	NC_008601	1384921	1386651	Francisella tularensis subsp. novicida U112	IglF
T6CP004919	T6SS00158	NC_008601	1386652	1387173	Francisella tularensis subsp. novicida U112	IglG
T6CP004920	T6SS00158	NC_008601	1387186	1388616	Francisella tularensis subsp. novicida U112	IglH
T6CP004921	T6SS00158	NC_008601	1388629	1389252	Francisella tularensis subsp. novicida U112	TssL
T6CP004922	T6SS00158	NC_008601	1389274	1390425	Francisella tularensis subsp. novicida U112	IglI
T6CP004923	T6SS00158	NC_008601	1390391	1391164	Francisella tularensis subsp. novicida U112	IglJ
T6CP004924	T6SS00158	NC_008601	1391204	1395181	Francisella tularensis subsp. novicida U112	PdpC
T6CP004925	T6SS00158	NC_008601	1395199	1395765	Francisella tularensis subsp. novicida U112	PdpE
T6CP004926	T6SS00158	NC_008601	1395772	1396968	Francisella tularensis subsp. novicida U112	IglD
T6CP004927	T6SS00158	NC_008601	1396989	1397618	Francisella tularensis subsp. novicida U112	IglC
T6CP004928	T6SS00158	NC_008601	1397635	1399155	Francisella tularensis subsp. novicida U112	TssC
T6CP004929	T6SS00158	NC_008601	1399169	1399723	Francisella tularensis subsp. novicida U112	TssB
T6CP004930	T6SS00158	NC_008601	1399803	1403540	Francisella tularensis subsp. novicida U112	PdpD
T6CP259502	T6SS00158	NC_008601	1870244	1872823	Francisella tularensis subsp. novicida U112	ClpB
T6CP001572	T6SS00161	NC_008702	4249321	4251393	Azoarcus olearius	TssI
T6CP001573	T6SS00161	NC_008702	4264709	4268281	Azoarcus olearius	TssM
T6CP001574	T6SS00161	NC_008702	4268313	4269617	Azoarcus olearius	TssL
T6CP001575	T6SS00161	NC_008702	4269682	4271016	Azoarcus olearius	TssK
T6CP001576	T6SS00161	NC_008702	4271065	4271583	Azoarcus olearius	TssJ
T6CP001577	T6SS00161	NC_008702	4271852	4272913	Azoarcus olearius	TssA
T6CP001578	T6SS00161	NC_008702	4272962	4273471	Azoarcus olearius	TssB
T6CP001579	T6SS00161	NC_008702	4273523	4275019	Azoarcus olearius	TssC
T6CP001580	T6SS00161	NC_008702	4275148	4275636	Azoarcus olearius	TssD
T6CP001581	T6SS00161	NC_008702	4275831	4276337	Azoarcus olearius	TssD
T6CP001582	T6SS00161	NC_008702	4277194	4277676	Azoarcus olearius	TssE
T6CP001583	T6SS00161	NC_008702	4277775	4279646	Azoarcus olearius	TssF
T6CP001584	T6SS00161	NC_008702	4279622	4280665	Azoarcus olearius	TssG
T6CP001585	T6SS00161	NC_008702	4280714	4283434	Azoarcus olearius	TssH
T6CP011383	T6SS00161	NC_008702	4255159	4255536	Azoarcus olearius	PAAR
T6CP011384	T6SS00161	NC_008702	4257210	4259045	Azoarcus olearius	FHA
T6CP012464	T6SS00161	NC_008702	4247215	4249182	Azoarcus olearius	Sfa3
T6CP012734	T6SS00161	NC_008702	4276353	4277174	Azoarcus olearius	TagJ
T6CP001604	T6SS00164	NC_008752	1617808	1618290	Acidovorax citrulli AAC00-1	TssD
T6CP001605	T6SS00164	NC_008752	1624635	1625198	Acidovorax citrulli AAC00-1	TssJ
T6CP001606	T6SS00164	NC_008752	1625240	1626574	Acidovorax citrulli AAC00-1	TssK
T6CP001607	T6SS00164	NC_008752	1626589	1627941	Acidovorax citrulli AAC00-1	TssL
T6CP001608	T6SS00164	NC_008752	1627945	1631574	Acidovorax citrulli AAC00-1	TssM
T6CP001609	T6SS00164	NC_008752	1632316	1633356	Acidovorax citrulli AAC00-1	TssA
T6CP001610	T6SS00164	NC_008752	1633519	1634067	Acidovorax citrulli AAC00-1	TssB
T6CP001611	T6SS00164	NC_008752	1634081	1635580	Acidovorax citrulli AAC00-1	TssC
T6CP001612	T6SS00164	NC_008752	1636507	1637028	Acidovorax citrulli AAC00-1	TssE
T6CP001613	T6SS00164	NC_008752	1637101	1638975	Acidovorax citrulli AAC00-1	TssF
T6CP001614	T6SS00164	NC_008752	1638972	1640138	Acidovorax citrulli AAC00-1	TssG
T6CP001615	T6SS00164	NC_008752	1640211	1642988	Acidovorax citrulli AAC00-1	TssH
T6CP011374	T6SS00164	NC_008752	1621473	1623806	Acidovorax citrulli AAC00-1	FHA
T6CP012735	T6SS00164	NC_008752	1635702	1636490	Acidovorax citrulli AAC00-1	TagJ
T6CP002243	T6SS00225	NC_009708	3854136	3855746	Yersinia pseudotuberculosis IP 31758	TssL
T6CP002244	T6SS00225	NC_009708	3855743	3857098	Yersinia pseudotuberculosis IP 31758	TssK
T6CP002245	T6SS00225	NC_009708	3857218	3857709	Yersinia pseudotuberculosis IP 31758	TssJ
T6CP002246	T6SS00225	NC_009708	3862044	3864392	Yersinia pseudotuberculosis IP 31758	TssI
T6CP002247	T6SS00225	NC_009708	3864496	3867084	Yersinia pseudotuberculosis IP 31758	TssH
T6CP002248	T6SS00225	NC_009708	3867102	3868085	Yersinia pseudotuberculosis IP 31758	TssG
T6CP002249	T6SS00225	NC_009708	3868078	3869922	Yersinia pseudotuberculosis IP 31758	TssF
T6CP002250	T6SS00225	NC_009708	3869955	3870398	Yersinia pseudotuberculosis IP 31758	TssE
T6CP002251	T6SS00225	NC_009708	3870472	3870990	Yersinia pseudotuberculosis IP 31758	TssD
T6CP002252	T6SS00225	NC_009708	3871153	3872655	Yersinia pseudotuberculosis IP 31758	TssC
T6CP002253	T6SS00225	NC_009708	3872664	3873224	Yersinia pseudotuberculosis IP 31758	TssB
T6CP002254	T6SS00225	NC_009708	3873235	3874248	Yersinia pseudotuberculosis IP 31758	TssA
T6CP011612	T6SS00225	NC_009708	3857702	3858067	Yersinia pseudotuberculosis IP 31758	PAAR
T6CP002506	T6SS00254	NC_010400	2061603	2062409	Acinetobacter baumannii SDF	TssL
T6CP002507	T6SS00254	NC_010400	2062427	2063791	Acinetobacter baumannii SDF	TssK
T6CP002508	T6SS00254	NC_010400	2063808	2064902	Acinetobacter baumannii SDF	TssA
T6CP002509	T6SS00254	NC_010400	2064926	2067607	Acinetobacter baumannii SDF	TssH
T6CP002510	T6SS00254	NC_010400	2069874	2073698	Acinetobacter baumannii SDF	TssM
T6CP002511	T6SS00254	NC_010400	2075138	2076136	Acinetobacter baumannii SDF	TssG
T6CP002512	T6SS00254	NC_010400	2076100	2077911	Acinetobacter baumannii SDF	TssF
T6CP002513	T6SS00254	NC_010400	2077928	2078404	Acinetobacter baumannii SDF	TssE
T6CP002514	T6SS00254	NC_010400	2078484	2078987	Acinetobacter baumannii SDF	TssD
T6CP002515	T6SS00254	NC_010400	2079037	2080518	Acinetobacter baumannii SDF	TssC
T6CP002516	T6SS00254	NC_010400	2080511	2081014	Acinetobacter baumannii SDF	TssB
T6CP011375	T6SS00254	NC_010400	2067827	2068090	Acinetobacter baumannii SDF	PAAR
T6CP011376	T6SS00254	NC_010400	2068107	2068874	Acinetobacter baumannii SDF	TagL
T6CP002544	T6SS00258	NC_010465	1624645	1625838	Yersinia pseudotuberculosis YPIII	TssA
T6CP002545	T6SS00258	NC_010465	1625937	1626962	Yersinia pseudotuberculosis YPIII	TssG
T6CP002546	T6SS00258	NC_010465	1626962	1628842	Yersinia pseudotuberculosis YPIII	TssF
T6CP002547	T6SS00258	NC_010465	1629626	1632283	Yersinia pseudotuberculosis YPIII	TssH
T6CP002548	T6SS00258	NC_010465	1637456	1637980	Yersinia pseudotuberculosis YPIII	TssB
T6CP002549	T6SS00258	NC_010465	1638004	1639506	Yersinia pseudotuberculosis YPIII	TssC
T6CP002550	T6SS00258	NC_010465	1639839	1640324	Yersinia pseudotuberculosis YPIII	TssD
T6CP002551	T6SS00258	NC_010465	1640598	1641137	Yersinia pseudotuberculosis YPIII	TssJ
T6CP002552	T6SS00258	NC_010465	1641141	1642490	Yersinia pseudotuberculosis YPIII	TssK
T6CP002553	T6SS00258	NC_010465	1642487	1643863	Yersinia pseudotuberculosis YPIII	TssL
T6CP002554	T6SS00258	NC_010465	1643872	1647699	Yersinia pseudotuberculosis YPIII	TssM
T6CP002555	T6SS00258	NC_010465	1648026	1650794	Yersinia pseudotuberculosis YPIII	TssI
T6CP002556	T6SS00258	NC_010465	1652892	1653371	Yersinia pseudotuberculosis YPIII	TssE
T6CP009647	T6SS00258	NC_010465	1610481	1610960	Yersinia pseudotuberculosis YPIII	TssD
T6CP011649	T6SS00258	NC_010465	1650893	1651153	Yersinia pseudotuberculosis YPIII	PAAR
T6CP011650	T6SS00258	NC_010465	1619849	1621531	Yersinia pseudotuberculosis YPIII	TagL
T6CP012755	T6SS00258	NC_010465	1652021	1652827	Yersinia pseudotuberculosis YPIII	TagJ
T6CP002565	T6SS00260	NC_010465	3909212	3910822	Yersinia pseudotuberculosis YPIII	TssL
T6CP002566	T6SS00260	NC_010465	3910819	3912174	Yersinia pseudotuberculosis YPIII	TssK
T6CP002567	T6SS00260	NC_010465	3912294	3912785	Yersinia pseudotuberculosis YPIII	TssJ
T6CP002568	T6SS00260	NC_010465	3917120	3919468	Yersinia pseudotuberculosis YPIII	TssI
T6CP002569	T6SS00260	NC_010465	3919572	3922160	Yersinia pseudotuberculosis YPIII	TssH
T6CP002570	T6SS00260	NC_010465	3922178	3923161	Yersinia pseudotuberculosis YPIII	TssG
T6CP002571	T6SS00260	NC_010465	3923154	3924998	Yersinia pseudotuberculosis YPIII	TssF
T6CP002572	T6SS00260	NC_010465	3925031	3925474	Yersinia pseudotuberculosis YPIII	TssE
T6CP002573	T6SS00260	NC_010465	3925548	3926066	Yersinia pseudotuberculosis YPIII	TssD
T6CP002574	T6SS00260	NC_010465	3926229	3927731	Yersinia pseudotuberculosis YPIII	TssC
T6CP002575	T6SS00260	NC_010465	3927740	3928300	Yersinia pseudotuberculosis YPIII	TssB
T6CP002576	T6SS00260	NC_010465	3928311	3929324	Yersinia pseudotuberculosis YPIII	TssA
T6CP011652	T6SS00260	NC_010465	3912778	3913143	Yersinia pseudotuberculosis YPIII	PAAR
T6CP002716	T6SS00272	NC_010554	808353	810089	Proteus mirabilis HI4320	TssF
T6CP002717	T6SS00272	NC_010554	811475	815023	Proteus mirabilis HI4320	TssM
T6CP002718	T6SS00272	NC_010554	817939	820650	Proteus mirabilis HI4320	TssH
T6CP002719	T6SS00272	NC_010554	820659	821414	Proteus mirabilis HI4320	TssL
T6CP002720	T6SS00272	NC_010554	821407	822765	Proteus mirabilis HI4320	TssK
T6CP002721	T6SS00272	NC_010554	822767	823318	Proteus mirabilis HI4320	TssJ
T6CP002722	T6SS00272	NC_010554	824593	825630	Proteus mirabilis HI4320	TssG
T6CP002723	T6SS00272	NC_010554	825594	827369	Proteus mirabilis HI4320	TssF
T6CP002724	T6SS00272	NC_010554	827814	829292	Proteus mirabilis HI4320	TssC
T6CP002725	T6SS00272	NC_010554	829313	829813	Proteus mirabilis HI4320	TssB
T6CP008690	T6SS00272	NC_010554	807789	808262	Proteus mirabilis HI4320	TssD
T6CP008691	T6SS00272	NC_010554	810082	811437	Proteus mirabilis HI4320	TssA
T6CP008692	T6SS00272	NC_010554	815026	816489	Proteus mirabilis HI4320	TssA
T6CP008693	T6SS00272	NC_010554	827377	827808	Proteus mirabilis HI4320	TssE
T6CP008694	T6SS00272	NC_010554	831710	832228	Proteus mirabilis HI4320	TssD
T6CP011670	T6SS00272	NC_010554	823320	824588	Proteus mirabilis HI4320	FHA
T6CP002738	T6SS00274	NC_010625	510771	511343	Paraburkholderia phymatum STM815	TssB
T6CP002739	T6SS00274	NC_010625	511410	512918	Paraburkholderia phymatum STM815	TssC
T6CP002740	T6SS00274	NC_010625	512987	513475	Paraburkholderia phymatum STM815	TssD
T6CP002741	T6SS00274	NC_010625	513551	514006	Paraburkholderia phymatum STM815	TssE
T6CP002742	T6SS00274	NC_010625	514008	515765	Paraburkholderia phymatum STM815	TssF
T6CP002743	T6SS00274	NC_010625	515720	516853	Paraburkholderia phymatum STM815	TssG
T6CP002744	T6SS00274	NC_010625	516865	519594	Paraburkholderia phymatum STM815	TssH
T6CP002745	T6SS00274	NC_010625	519599	521524	Paraburkholderia phymatum STM815	TssI
T6CP002746	T6SS00274	NC_010625	527884	529218	Paraburkholderia phymatum STM815	TssK
T6CP002747	T6SS00274	NC_010625	529280	530032	Paraburkholderia phymatum STM815	TssL
T6CP002748	T6SS00274	NC_010625	530121	534299	Paraburkholderia phymatum STM815	TssM
T6CP002749	T6SS00274	NC_010625	534296	535444	Paraburkholderia phymatum STM815	TssA
T6CP002750	T6SS00275	NC_010625	654398	655630	Paraburkholderia phymatum STM815	TssL
T6CP002751	T6SS00275	NC_010625	655657	659703	Paraburkholderia phymatum STM815	TssM
T6CP002752	T6SS00275	NC_010625	659734	661077	Paraburkholderia phymatum STM815	TssL
T6CP002753	T6SS00275	NC_010625	661145	662491	Paraburkholderia phymatum STM815	TssK
T6CP002754	T6SS00275	NC_010625	662515	663021	Paraburkholderia phymatum STM815	TssJ
T6CP002755	T6SS00275	NC_010625	663139	663624	Paraburkholderia phymatum STM815	TssD
T6CP002756	T6SS00275	NC_010625	663703	665196	Paraburkholderia phymatum STM815	TssC
T6CP002757	T6SS00275	NC_010625	665221	665754	Paraburkholderia phymatum STM815	TssB
T6CP002758	T6SS00275	NC_010625	665804	668524	Paraburkholderia phymatum STM815	TssH
T6CP002759	T6SS00275	NC_010625	670482	671033	Paraburkholderia phymatum STM815	TssE
T6CP002760	T6SS00275	NC_010625	671060	672949	Paraburkholderia phymatum STM815	TssF
T6CP002761	T6SS00275	NC_010625	672949	674037	Paraburkholderia phymatum STM815	TssG
T6CP002762	T6SS00275	NC_010625	674034	675119	Paraburkholderia phymatum STM815	TssA
T6CP002763	T6SS00275	NC_010625	676639	678783	Paraburkholderia phymatum STM815	TssI
T6CP011673	T6SS00275	NC_010625	681696	681950	Paraburkholderia phymatum STM815	PAAR
T6CP012758	T6SS00275	NC_010625	669629	670495	Paraburkholderia phymatum STM815	TagJ
T6CP002887	T6SS00287	NC_010717	3856759	3859491	Xanthomonas oryzae pv. oryzae PXO99A	TssH
T6CP002888	T6SS00287	NC_010717	3859577	3860668	Xanthomonas oryzae pv. oryzae PXO99A	TssG
T6CP002889	T6SS00287	NC_010717	3860632	3862467	Xanthomonas oryzae pv. oryzae PXO99A	TssF
T6CP002890	T6SS00287	NC_010717	3862470	3862958	Xanthomonas oryzae pv. oryzae PXO99A	TssE
T6CP002891	T6SS00287	NC_010717	3863106	3863603	Xanthomonas oryzae pv. oryzae PXO99A	TssD
T6CP002892	T6SS00287	NC_010717	3863745	3865241	Xanthomonas oryzae pv. oryzae PXO99A	TssC
T6CP002893	T6SS00287	NC_010717	3865245	3865745	Xanthomonas oryzae pv. oryzae PXO99A	TssB
T6CP002894	T6SS00287	NC_010717	3866667	3867275	Xanthomonas oryzae pv. oryzae PXO99A	TssJ
T6CP002895	T6SS00287	NC_010717	3867427	3868761	Xanthomonas oryzae pv. oryzae PXO99A	TssK
T6CP002896	T6SS00287	NC_010717	3868758	3869549	Xanthomonas oryzae pv. oryzae PXO99A	TssL
T6CP002897	T6SS00287	NC_010717	3869560	3872103	Xanthomonas oryzae pv. oryzae PXO99A	TssI
T6CP002898	T6SS00287	NC_010717	3872128	3875022	Xanthomonas oryzae pv. oryzae PXO99A	TssI
T6CP002899	T6SS00287	NC_010717	3875857	3877290	Xanthomonas oryzae pv. oryzae PXO99A	TssI
T6CP002900	T6SS00287	NC_010717	3877294	3879549	Xanthomonas oryzae pv. oryzae PXO99A	TssI
T6CP002953	T6SS00292	NC_011000	363015	363797	Burkholderia cenocepacia J2315	TssL
T6CP002954	T6SS00292	NC_011000	363794	365140	Burkholderia cenocepacia J2315	TssK
T6CP002955	T6SS00292	NC_011000	365246	365845	Burkholderia cenocepacia J2315	TssJ
T6CP002956	T6SS00292	NC_011000	366905	367420	Burkholderia cenocepacia J2315	TssB
T6CP002957	T6SS00292	NC_011000	367436	368926	Burkholderia cenocepacia J2315	TssC
T6CP002958	T6SS00292	NC_011000	368997	369500	Burkholderia cenocepacia J2315	TssD
T6CP002959	T6SS00292	NC_011000	369563	370048	Burkholderia cenocepacia J2315	TssE
T6CP002960	T6SS00292	NC_011000	370125	371960	Burkholderia cenocepacia J2315	TssF
T6CP002961	T6SS00292	NC_011000	371924	373024	Burkholderia cenocepacia J2315	TssG
T6CP002962	T6SS00292	NC_011000	373066	375735	Burkholderia cenocepacia J2315	TssH
T6CP002963	T6SS00292	NC_011000	375780	376901	Burkholderia cenocepacia J2315	TssA
T6CP002964	T6SS00292	NC_011000	378936	382880	Burkholderia cenocepacia J2315	TssM
T6CP011387	T6SS00292	NC_011000	376995	377945	Burkholderia cenocepacia J2315	TagL
T6CP003059	T6SS00301	NC_011205	305501	306556	Salmonella enterica subsp. enterica serovar Dublin str. CT_02021853	TssA
T6CP003060	T6SS00301	NC_011205	306567	307502	Salmonella enterica subsp. enterica serovar Dublin str. CT_02021853	TssG
T6CP003061	T6SS00301	NC_011205	309412	309906	Salmonella enterica subsp. enterica serovar Dublin str. CT_02021853	TssE
T6CP003062	T6SS00301	NC_011205	311984	314623	Salmonella enterica subsp. enterica serovar Dublin str. CT_02021853	TssH
T6CP003063	T6SS00301	NC_011205	314723	315265	Salmonella enterica subsp. enterica serovar Dublin str. CT_02021853	TssB
T6CP003064	T6SS00301	NC_011205	315289	316797	Salmonella enterica subsp. enterica serovar Dublin str. CT_02021853	TssC
T6CP003065	T6SS00301	NC_011205	317961	318446	Salmonella enterica subsp. enterica serovar Dublin str. CT_02021853	TssD
T6CP003066	T6SS00301	NC_011205	318558	319049	Salmonella enterica subsp. enterica serovar Dublin str. CT_02021853	TssJ
T6CP003067	T6SS00301	NC_011205	319053	320396	Salmonella enterica subsp. enterica serovar Dublin str. CT_02021853	TssK
T6CP003068	T6SS00301	NC_011205	320393	321697	Salmonella enterica subsp. enterica serovar Dublin str. CT_02021853	TssL
T6CP003069	T6SS00301	NC_011205	323143	327012	Salmonella enterica subsp. enterica serovar Dublin str. CT_02021853	TssM
T6CP003070	T6SS00301	NC_011205	329155	331344	Salmonella enterica subsp. enterica serovar Dublin str. CT_02021853	TssI
T6CP012767	T6SS00301	NC_011205	309903	310727	Salmonella enterica subsp. enterica serovar Dublin str. CT_02021853	TagJ
T6CP003082	T6SS00303	NC_011274	1116332	1119853	Salmonella enterica subsp. enterica serovar Gallinarum str. 287/91	TssM
T6CP003083	T6SS00303	NC_011274	1122020	1124683	Salmonella enterica subsp. enterica serovar Gallinarum str. 287/91	TssH
T6CP003084	T6SS00303	NC_011274	1124696	1125454	Salmonella enterica subsp. enterica serovar Gallinarum str. 287/91	TssL
T6CP003085	T6SS00303	NC_011274	1125459	1126790	Salmonella enterica subsp. enterica serovar Gallinarum str. 287/91	TssK
T6CP003086	T6SS00303	NC_011274	1126793	1127326	Salmonella enterica subsp. enterica serovar Gallinarum str. 287/91	TssJ
T6CP003087	T6SS00303	NC_011274	1128634	1129728	Salmonella enterica subsp. enterica serovar Gallinarum str. 287/91	TssG
T6CP003088	T6SS00303	NC_011274	1129686	1131599	Salmonella enterica subsp. enterica serovar Gallinarum str. 287/91	TssF
T6CP003089	T6SS00303	NC_011274	1131957	1133429	Salmonella enterica subsp. enterica serovar Gallinarum str. 287/91	TssC
T6CP003090	T6SS00303	NC_011274	1133720	1134232	Salmonella enterica subsp. enterica serovar Gallinarum str. 287/91	TssB
T6CP003091	T6SS00303	NC_011274	1135593	1137704	Salmonella enterica subsp. enterica serovar Gallinarum str. 287/91	TssI
T6CP008716	T6SS00303	NC_011274	1114451	1114930	Salmonella enterica subsp. enterica serovar Gallinarum str. 287/91	TssD
T6CP008717	T6SS00303	NC_011274	1114918	1116549	Salmonella enterica subsp. enterica serovar Gallinarum str. 287/91	TssA
T6CP008718	T6SS00303	NC_011274	1119872	1121167	Salmonella enterica subsp. enterica serovar Gallinarum str. 287/91	TssA
T6CP008719	T6SS00303	NC_011274	1134853	1135371	Salmonella enterica subsp. enterica serovar Gallinarum str. 287/91	TssD
T6CP011699	T6SS00303	NC_011274	1127323	1128621	Salmonella enterica subsp. enterica serovar Gallinarum str. 287/91	FHA
T6CP011700	T6SS00303	NC_011274	1137806	1141114	Salmonella enterica subsp. enterica serovar Gallinarum str. 287/91	PAAR
T6CP003155	T6SS00312	NC_011595	2367193	2367999	Acinetobacter baumannii AB307-0294	TssL
T6CP003156	T6SS00312	NC_011595	2368017	2369381	Acinetobacter baumannii AB307-0294	TssK
T6CP003157	T6SS00312	NC_011595	2369398	2370492	Acinetobacter baumannii AB307-0294	TssA
T6CP003158	T6SS00312	NC_011595	2370516	2373194	Acinetobacter baumannii AB307-0294	TssH
T6CP003159	T6SS00312	NC_011595	2375463	2379287	Acinetobacter baumannii AB307-0294	TssM
T6CP003160	T6SS00312	NC_011595	2380727	2381725	Acinetobacter baumannii AB307-0294	TssG
T6CP003161	T6SS00312	NC_011595	2381689	2383500	Acinetobacter baumannii AB307-0294	TssF
T6CP003162	T6SS00312	NC_011595	2383517	2383993	Acinetobacter baumannii AB307-0294	TssE
T6CP003163	T6SS00312	NC_011595	2384073	2384576	Acinetobacter baumannii AB307-0294	TssD
T6CP003164	T6SS00312	NC_011595	2384626	2386107	Acinetobacter baumannii AB307-0294	TssC
T6CP003165	T6SS00312	NC_011595	2386100	2386603	Acinetobacter baumannii AB307-0294	TssB
T6CP011713	T6SS00312	NC_011595	2373416	2373679	Acinetobacter baumannii AB307-0294	PAAR
T6CP011714	T6SS00312	NC_011595	2373696	2374463	Acinetobacter baumannii AB307-0294	TagL
T6CP003485	T6SS00343	NC_012724	397352	398143	Burkholderia glumae BGR1	TssL
T6CP003486	T6SS00343	NC_012724	398140	399486	Burkholderia glumae BGR1	TssK
T6CP003487	T6SS00343	NC_012724	399588	400205	Burkholderia glumae BGR1	TssJ
T6CP003488	T6SS00343	NC_012724	401263	401802	Burkholderia glumae BGR1	TssB
T6CP003489	T6SS00343	NC_012724	401817	403307	Burkholderia glumae BGR1	TssC
T6CP003490	T6SS00343	NC_012724	403385	403888	Burkholderia glumae BGR1	TssD
T6CP003491	T6SS00343	NC_012724	403965	404447	Burkholderia glumae BGR1	TssE
T6CP003492	T6SS00343	NC_012724	404540	406378	Burkholderia glumae BGR1	TssF
T6CP003493	T6SS00343	NC_012724	406342	407439	Burkholderia glumae BGR1	TssG
T6CP003494	T6SS00343	NC_012724	407505	410174	Burkholderia glumae BGR1	TssH
T6CP003495	T6SS00343	NC_012724	410265	411407	Burkholderia glumae BGR1	TssA
T6CP003496	T6SS00343	NC_012724	413562	417437	Burkholderia glumae BGR1	TssM
T6CP011752	T6SS00343	NC_012724	411501	412568	Burkholderia glumae BGR1	TagL
T6CP003497	T6SS00344	NC_012731	2298860	2299351	Klebsiella pneumoniae subsp. pneumoniae NTUH-K2044	TssB
T6CP003498	T6SS00344	NC_012731	2299394	2300938	Klebsiella pneumoniae subsp. pneumoniae NTUH-K2044	TssC
T6CP003499	T6SS00344	NC_012731	2300948	2302291	Klebsiella pneumoniae subsp. pneumoniae NTUH-K2044	TssK
T6CP003500	T6SS00344	NC_012731	2305440	2308094	Klebsiella pneumoniae subsp. pneumoniae NTUH-K2044	TssH
T6CP003501	T6SS00344	NC_012731	2308087	2310786	Klebsiella pneumoniae subsp. pneumoniae NTUH-K2044	TssI
T6CP003502	T6SS00344	NC_012731	2318471	2321926	Klebsiella pneumoniae subsp. pneumoniae NTUH-K2044	TssM
T6CP003503	T6SS00344	NC_012731	2325154	2326908	Klebsiella pneumoniae subsp. pneumoniae NTUH-K2044	TssF
T6CP003504	T6SS00344	NC_012731	2326872	2327957	Klebsiella pneumoniae subsp. pneumoniae NTUH-K2044	TssG
T6CP003505	T6SS00344	NC_012731	2327935	2328477	Klebsiella pneumoniae subsp. pneumoniae NTUH-K2044	TssJ
T6CP009312	T6SS00344	NC_012731	2302288	2302977	Klebsiella pneumoniae subsp. pneumoniae NTUH-K2044	TssL
T6CP009456	T6SS00344	NC_012731	2304685	2305176	Klebsiella pneumoniae subsp. pneumoniae NTUH-K2044	TssD
T6CP009457	T6SS00344	NC_012731	2321926	2323524	Klebsiella pneumoniae subsp. pneumoniae NTUH-K2044	TssA
T6CP011753	T6SS00344	NC_012731	2323555	2324610	Klebsiella pneumoniae subsp. pneumoniae NTUH-K2044	PAAR
T6CP011754	T6SS00344	NC_012731	2302974	2304680	Klebsiella pneumoniae subsp. pneumoniae NTUH-K2044	TagL
T6CP003506	T6SS00345	NC_012731	3192317	3192853	Klebsiella pneumoniae subsp. pneumoniae NTUH-K2044	TssJ
T6CP003507	T6SS00345	NC_012731	3192834	3193850	Klebsiella pneumoniae subsp. pneumoniae NTUH-K2044	TssG
T6CP003508	T6SS00345	NC_012731	3193880	3195643	Klebsiella pneumoniae subsp. pneumoniae NTUH-K2044	TssF
T6CP003509	T6SS00345	NC_012731	3195777	3199187	Klebsiella pneumoniae subsp. pneumoniae NTUH-K2044	TssM
T6CP003510	T6SS00345	NC_012731	3208236	3210722	Klebsiella pneumoniae subsp. pneumoniae NTUH-K2044	TssI
T6CP003511	T6SS00345	NC_012731	3213532	3214872	Klebsiella pneumoniae subsp. pneumoniae NTUH-K2044	TssK
T6CP008791	T6SS00345	NC_012731	3190436	3191851	Klebsiella pneumoniae subsp. pneumoniae NTUH-K2044	TssA
T6CP008792	T6SS00345	NC_012731	3191871	3192314	Klebsiella pneumoniae subsp. pneumoniae NTUH-K2044	TssE
T6CP009313	T6SS00345	NC_012731	3212882	3213535	Klebsiella pneumoniae subsp. pneumoniae NTUH-K2044	TssL
T6CP011755	T6SS00345	NC_012731	3200332	3200598	Klebsiella pneumoniae subsp. pneumoniae NTUH-K2044	PAAR
T6CP011756	T6SS00345	NC_012731	3211181	3212878	Klebsiella pneumoniae subsp. pneumoniae NTUH-K2044	TagL
T6CP003512	T6SS00346	NC_012779	2637967	2638992	Edwardsiella ictaluri 93-146	TssG
T6CP003513	T6SS00346	NC_012779	2639112	2641733	Edwardsiella ictaluri 93-146	TssH
T6CP003514	T6SS00346	NC_012779	2641724	2643709	Edwardsiella ictaluri 93-146	TssI
T6CP003515	T6SS00346	NC_012779	2644120	2645190	Edwardsiella ictaluri 93-146	TssA
T6CP003516	T6SS00346	NC_012779	2645177	2645806	Edwardsiella ictaluri 93-146	TssJ
T6CP003517	T6SS00346	NC_012779	2645903	2647291	Edwardsiella ictaluri 93-146	TssK
T6CP003518	T6SS00346	NC_012779	2647935	2651717	Edwardsiella ictaluri 93-146	TssM
T6CP008364	T6SS00346	NC_012779	2631739	2632251	Edwardsiella ictaluri 93-146	TssB
T6CP008365	T6SS00346	NC_012779	2632251	2633738	Edwardsiella ictaluri 93-146	TssC
T6CP008366	T6SS00346	NC_012779	2635649	2636125	Edwardsiella ictaluri 93-146	TssE
T6CP008367	T6SS00346	NC_012779	2636129	2637970	Edwardsiella ictaluri 93-146	TssF
T6CP009343	T6SS00346	NC_012779	2633808	2634299	Edwardsiella ictaluri 93-146	TssD
T6CP009344	T6SS00346	NC_012779	2647288	2647938	Edwardsiella ictaluri 93-146	TssL
T6CP011757	T6SS00346	NC_012779	2643804	2644106	Edwardsiella ictaluri 93-146	PAAR
T6CP003806	T6SS00372	NC_013508	2555386	2555901	Edwardsiella tarda EIB202	TssB
T6CP003807	T6SS00372	NC_013508	2555898	2557385	Edwardsiella tarda EIB202	TssC
T6CP003808	T6SS00372	NC_013508	2557455	2557946	Edwardsiella tarda EIB202	TssD
T6CP003809	T6SS00372	NC_013508	2559257	2559733	Edwardsiella tarda EIB202	TssE
T6CP003810	T6SS00372	NC_013508	2559737	2561578	Edwardsiella tarda EIB202	TssF
T6CP003811	T6SS00372	NC_013508	2561575	2562600	Edwardsiella tarda EIB202	TssG
T6CP003812	T6SS00372	NC_013508	2562752	2565331	Edwardsiella tarda EIB202	TssH
T6CP003813	T6SS00372	NC_013508	2565331	2567316	Edwardsiella tarda EIB202	TssI
T6CP003814	T6SS00372	NC_013508	2567727	2568794	Edwardsiella tarda EIB202	TssA
T6CP003815	T6SS00372	NC_013508	2569522	2570910	Edwardsiella tarda EIB202	TssK
T6CP003816	T6SS00372	NC_013508	2570907	2571557	Edwardsiella tarda EIB202	TssL
T6CP003817	T6SS00372	NC_013508	2571554	2575336	Edwardsiella tarda EIB202	TssM
T6CP009342	T6SS00372	NC_013508	2568781	2569422	Edwardsiella tarda EIB202	TssJ
T6CP011796	T6SS00372	NC_013508	2567411	2567713	Edwardsiella tarda EIB202	PAAR
T6CP003901	T6SS00381	NC_013892	270061	270558	Xenorhabdus bovienii SS-2004	TssB
T6CP003902	T6SS00381	NC_013892	270579	272057	Xenorhabdus bovienii SS-2004	TssC
T6CP003903	T6SS00381	NC_013892	272501	274333	Xenorhabdus bovienii SS-2004	TssF
T6CP003904	T6SS00381	NC_013892	274297	275349	Xenorhabdus bovienii SS-2004	TssG
T6CP003905	T6SS00381	NC_013892	276634	277188	Xenorhabdus bovienii SS-2004	TssJ
T6CP003906	T6SS00381	NC_013892	277191	278543	Xenorhabdus bovienii SS-2004	TssK
T6CP003907	T6SS00381	NC_013892	278576	279313	Xenorhabdus bovienii SS-2004	TssL
T6CP003908	T6SS00381	NC_013892	279323	282037	Xenorhabdus bovienii SS-2004	TssH
T6CP003909	T6SS00381	NC_013892	284932	288501	Xenorhabdus bovienii SS-2004	TssM
T6CP003910	T6SS00381	NC_013892	289991	293062	Xenorhabdus bovienii SS-2004	TssI
T6CP008854	T6SS00381	NC_013892	268621	269139	Xenorhabdus bovienii SS-2004	TssD
T6CP008855	T6SS00381	NC_013892	272060	272500	Xenorhabdus bovienii SS-2004	TssE
T6CP008856	T6SS00381	NC_013892	288584	289975	Xenorhabdus bovienii SS-2004	TssA
T6CP009380	T6SS00381	NC_013892	283499	284935	Xenorhabdus bovienii SS-2004	TssA
T6CP011808	T6SS00381	NC_013892	275355	276650	Xenorhabdus bovienii SS-2004	FHA
T6CP003911	T6SS00382	NC_013892	2053604	2056237	Xenorhabdus bovienii SS-2004	TssH
T6CP003912	T6SS00382	NC_013892	2056281	2057357	Xenorhabdus bovienii SS-2004	TssG
T6CP003913	T6SS00382	NC_013892	2057415	2059289	Xenorhabdus bovienii SS-2004	TssF
T6CP003914	T6SS00382	NC_013892	2059309	2059863	Xenorhabdus bovienii SS-2004	TssE
T6CP003915	T6SS00382	NC_013892	2062237	2063739	Xenorhabdus bovienii SS-2004	TssC
T6CP003916	T6SS00382	NC_013892	2063743	2064294	Xenorhabdus bovienii SS-2004	TssB
T6CP003917	T6SS00382	NC_013892	2064485	2065540	Xenorhabdus bovienii SS-2004	TssA
T6CP003918	T6SS00382	NC_013892	2065703	2069218	Xenorhabdus bovienii SS-2004	TssM
T6CP003919	T6SS00382	NC_013892	2069231	2070442	Xenorhabdus bovienii SS-2004	TssL
T6CP003920	T6SS00382	NC_013892	2070486	2071829	Xenorhabdus bovienii SS-2004	TssK
T6CP003921	T6SS00382	NC_013892	2071856	2072368	Xenorhabdus bovienii SS-2004	TssJ
T6CP003922	T6SS00382	NC_013892	2077318	2079174	Xenorhabdus bovienii SS-2004	TssI
T6CP009381	T6SS00382	NC_013892	2061568	2062071	Xenorhabdus bovienii SS-2004	TssD
T6CP011809	T6SS00382	NC_013892	2059923	2061479	Xenorhabdus bovienii SS-2004	FHA
T6CP004055	T6SS00395	NC_014121	1551980	1552483	Enterobacter cloacae subsp. cloacae ATCC 13047	TssJ
T6CP004056	T6SS00395	NC_014121	1552509	1553852	Enterobacter cloacae subsp. cloacae ATCC 13047	TssK
T6CP004057	T6SS00395	NC_014121	1553870	1555108	Enterobacter cloacae subsp. cloacae ATCC 13047	TssL
T6CP004058	T6SS00395	NC_014121	1555111	1558731	Enterobacter cloacae subsp. cloacae ATCC 13047	TssM
T6CP004059	T6SS00395	NC_014121	1559476	1560492	Enterobacter cloacae subsp. cloacae ATCC 13047	TssA
T6CP004060	T6SS00395	NC_014121	1560568	1561092	Enterobacter cloacae subsp. cloacae ATCC 13047	TssB
T6CP004061	T6SS00395	NC_014121	1561096	1562595	Enterobacter cloacae subsp. cloacae ATCC 13047	TssC
T6CP004062	T6SS00395	NC_014121	1562931	1563413	Enterobacter cloacae subsp. cloacae ATCC 13047	TssD
T6CP004063	T6SS00395	NC_014121	1568782	1569345	Enterobacter cloacae subsp. cloacae ATCC 13047	TssE
T6CP004064	T6SS00395	NC_014121	1569348	1571219	Enterobacter cloacae subsp. cloacae ATCC 13047	TssF
T6CP004065	T6SS00395	NC_014121	1571216	1572259	Enterobacter cloacae subsp. cloacae ATCC 13047	TssG
T6CP004066	T6SS00395	NC_014121	1572298	1574913	Enterobacter cloacae subsp. cloacae ATCC 13047	TssH
T6CP004067	T6SS00395	NC_014121	1582007	1583935	Enterobacter cloacae subsp. cloacae ATCC 13047	TssI
T6CP011829	T6SS00395	NC_014121	1564401	1566170	Enterobacter cloacae subsp. cloacae ATCC 13047	FHA
T6CP012788	T6SS00395	NC_014121	1567977	1568789	Enterobacter cloacae subsp. cloacae ATCC 13047	TagJ
T6CP004069	T6SS00396	NC_014121	1819466	1819957	Enterobacter cloacae subsp. cloacae ATCC 13047	TssB
T6CP004070	T6SS00396	NC_014121	1819999	1821540	Enterobacter cloacae subsp. cloacae ATCC 13047	TssC
T6CP004071	T6SS00396	NC_014121	1821558	1822898	Enterobacter cloacae subsp. cloacae ATCC 13047	TssK
T6CP004072	T6SS00396	NC_014121	1825083	1827341	Enterobacter cloacae subsp. cloacae ATCC 13047	TssH
T6CP004073	T6SS00396	NC_014121	1834869	1838342	Enterobacter cloacae subsp. cloacae ATCC 13047	TssM
T6CP004074	T6SS00396	NC_014121	1841163	1842659	Enterobacter cloacae subsp. cloacae ATCC 13047	TssF
T6CP004075	T6SS00396	NC_014121	1842623	1843708	Enterobacter cloacae subsp. cloacae ATCC 13047	TssG
T6CP004076	T6SS00396	NC_014121	1843686	1844231	Enterobacter cloacae subsp. cloacae ATCC 13047	TssJ
T6CP004077	T6SS00396	NC_014121	1844231	1844686	Enterobacter cloacae subsp. cloacae ATCC 13047	TssE
T6CP009321	T6SS00396	NC_014121	1822895	1823587	Enterobacter cloacae subsp. cloacae ATCC 13047	TssL
T6CP009327	T6SS00396	NC_014121	1844710	1846026	Enterobacter cloacae subsp. cloacae ATCC 13047	TssA
T6CP009510	T6SS00396	NC_014121	1838342	1839940	Enterobacter cloacae subsp. cloacae ATCC 13047	TssA
T6CP011831	T6SS00396	NC_014121	1823680	1825107	Enterobacter cloacae subsp. cloacae ATCC 13047	TagL
T6CP004615	T6SS00443	NC_015572	915765	916805	Methylomonas methanica MC09	TssA
T6CP004616	T6SS00443	NC_015572	916832	917368	Methylomonas methanica MC09	TssB
T6CP004617	T6SS00443	NC_015572	917372	918862	Methylomonas methanica MC09	TssC
T6CP004618	T6SS00443	NC_015572	918983	919465	Methylomonas methanica MC09	TssD
T6CP004619	T6SS00443	NC_015572	920347	920850	Methylomonas methanica MC09	TssE
T6CP004620	T6SS00443	NC_015572	920853	922736	Methylomonas methanica MC09	TssF
T6CP004621	T6SS00443	NC_015572	922700	923764	Methylomonas methanica MC09	TssG
T6CP004622	T6SS00443	NC_015572	923804	926524	Methylomonas methanica MC09	TssH
T6CP012805	T6SS00443	NC_015572	919535	920344	Methylomonas methanica MC09	TagJ
T6CP005135	T6SS00463	NC_017626	4853394	4854938	Escherichia coli 042	TssC
T6CP005136	T6SS00463	NC_017626	4870248	4873637	Escherichia coli 042	TssM
T6CP005137	T6SS00463	NC_017626	4875937	4877700	Escherichia coli 042	TssF
T6CP005138	T6SS00463	NC_017626	4877655	4878755	Escherichia coli 042	TssG
T6CP005139	T6SS00463	NC_017626	4878736	4879272	Escherichia coli 042	TssJ
T6CP005140	T6SS00463	NC_017626	4879275	4879706	Escherichia coli 042	TssE
T6CP005160	T6SS00463	NC_017626	4852875	4853372	Escherichia coli 042	TssB
T6CP005161	T6SS00463	NC_017626	4854954	4856291	Escherichia coli 042	TssK
T6CP005162	T6SS00463	NC_017626	4859340	4861997	Escherichia coli 042	TssH
T6CP005163	T6SS00463	NC_017626	4863083	4865608	Escherichia coli 042	TssI
T6CP009062	T6SS00463	NC_017626	4858680	4859171	Escherichia coli 042	TssD
T6CP009064	T6SS00463	NC_017626	4884070	4885437	Escherichia coli 042	TssA
T6CP009328	T6SS00463	NC_017626	4856288	4856941	Escherichia coli 042	TssL
T6CP009339	T6SS00463	NC_017626	4873637	4875235	Escherichia coli 042	TssA
T6CP011358	T6SS00463	NC_017626	4856944	4858674	Escherichia coli 042	TagL
T6CP011359	T6SS00463	NC_017626	4868837	4869103	Escherichia coli 042	PAAR
T6CP005141	T6SS00464	NC_017626	4893076	4893552	Escherichia coli 042	TssB
T6CP005142	T6SS00464	NC_017626	4893555	4895033	Escherichia coli 042	TssC
T6CP005143	T6SS00464	NC_017626	4895974	4897776	Escherichia coli 042	TssF
T6CP005144	T6SS00464	NC_017626	4897767	4898699	Escherichia coli 042	TssG
T6CP005145	T6SS00464	NC_017626	4898712	4900694	Escherichia coli 042	TssI
T6CP005146	T6SS00464	NC_017626	4901485	4902561	Escherichia coli 042	TssA
T6CP005147	T6SS00464	NC_017626	4903139	4904551	Escherichia coli 042	TssK
T6CP005148	T6SS00464	NC_017626	4904890	4905480	Escherichia coli 042	TssL
T6CP005149	T6SS00464	NC_017626	4908894	4911443	Escherichia coli 042	TssH
T6CP009063	T6SS00464	NC_017626	4905486	4908890	Escherichia coli 042	TssM
T6CP009340	T6SS00464	NC_017626	4895559	4895981	Escherichia coli 042	TssE
T6CP009341	T6SS00464	NC_017626	4902569	4903120	Escherichia coli 042	TssJ
T6CP011360	T6SS00464	NC_017626	4901182	4901481	Escherichia coli 042	PAAR
T6CP004813	T6SS00466	NC_007880	102157	102558	Francisella tularensis subsp. holarctica LVS	PdpD
T6CP004815	T6SS00466	NC_007880	102852	103406	Francisella tularensis subsp. holarctica LVS	TssB
T6CP004816	T6SS00466	NC_007880	103420	104940	Francisella tularensis subsp. holarctica LVS	TssC
T6CP004817	T6SS00466	NC_007880	104957	105586	Francisella tularensis subsp. holarctica LVS	IglC
T6CP004818	T6SS00466	NC_007880	105607	106803	Francisella tularensis subsp. holarctica LVS	IglD
T6CP004819	T6SS00466	NC_007880	106810	107385	Francisella tularensis subsp. holarctica LVS	PdpE
T6CP004820	T6SS00466	NC_007880	107403	111389	Francisella tularensis subsp. holarctica LVS	PdpC
T6CP004821	T6SS00466	NC_007880	111429	112202	Francisella tularensis subsp. holarctica LVS	IglJ
T6CP004822	T6SS00466	NC_007880	112168	113319	Francisella tularensis subsp. holarctica LVS	IglI
T6CP004823	T6SS00466	NC_007880	113341	113964	Francisella tularensis subsp. holarctica LVS	TssL
T6CP004824	T6SS00466	NC_007880	113977	115407	Francisella tularensis subsp. holarctica LVS	IglH
T6CP004825	T6SS00466	NC_007880	115420	115941	Francisella tularensis subsp. holarctica LVS	IglG
T6CP004826	T6SS00466	NC_007880	116009	117673	Francisella tularensis subsp. holarctica LVS	IglF
T6CP004827	T6SS00466	NC_007880	117678	118172	Francisella tularensis subsp. holarctica LVS	TssI
T6CP004828	T6SS00466	NC_007880	118185	118562	Francisella tularensis subsp. holarctica LVS	IglE
T6CP004829	T6SS00466	NC_007880	118552	121833	Francisella tularensis subsp. holarctica LVS	PdpB
T6CP004830	T6SS00466	NC_007880	121838	124300	Francisella tularensis subsp. holarctica LVS	PdpA
T6CP004831	T6SS00467	NC_007880	1096796	1097197	Francisella tularensis subsp. holarctica LVS	PdpD
T6CP004833	T6SS00467	NC_007880	1097491	1098045	Francisella tularensis subsp. holarctica LVS	TssB
T6CP004834	T6SS00467	NC_007880	1098059	1099579	Francisella tularensis subsp. holarctica LVS	TssC
T6CP004835	T6SS00467	NC_007880	1099596	1100225	Francisella tularensis subsp. holarctica LVS	IglC
T6CP004836	T6SS00467	NC_007880	1100246	1101442	Francisella tularensis subsp. holarctica LVS	IglD
T6CP004837	T6SS00467	NC_007880	1101449	1102024	Francisella tularensis subsp. holarctica LVS	PdpE
T6CP004838	T6SS00467	NC_007880	1102042	1106028	Francisella tularensis subsp. holarctica LVS	PdpC
T6CP004839	T6SS00467	NC_007880	1106068	1106841	Francisella tularensis subsp. holarctica LVS	IglJ
T6CP004840	T6SS00467	NC_007880	1106807	1107958	Francisella tularensis subsp. holarctica LVS	IglI
T6CP004841	T6SS00467	NC_007880	1107980	1108603	Francisella tularensis subsp. holarctica LVS	TssL
T6CP004842	T6SS00467	NC_007880	1108616	1110046	Francisella tularensis subsp. holarctica LVS	IglH
T6CP004843	T6SS00467	NC_007880	1110059	1110580	Francisella tularensis subsp. holarctica LVS	IglG
T6CP004844	T6SS00467	NC_007880	1110648	1112312	Francisella tularensis subsp. holarctica LVS	IglF
T6CP004845	T6SS00467	NC_007880	1112317	1112811	Francisella tularensis subsp. holarctica LVS	TssI
T6CP004846	T6SS00467	NC_007880	1112824	1113201	Francisella tularensis subsp. holarctica LVS	IglE
T6CP004847	T6SS00467	NC_007880	1113191	1116472	Francisella tularensis subsp. holarctica LVS	PdpB
T6CP004848	T6SS00467	NC_007880	1116477	1118939	Francisella tularensis subsp. holarctica LVS	PdpA
T6CP005674	T6SS00535	NC_016810	304656	305711	Salmonella enterica subsp. enterica serovar Typhimurium str. SL1344	TssA
T6CP005675	T6SS00535	NC_016810	305722	306717	Salmonella enterica subsp. enterica serovar Typhimurium str. SL1344	TssG
T6CP005676	T6SS00535	NC_016810	306714	308597	Salmonella enterica subsp. enterica serovar Typhimurium str. SL1344	TssF
T6CP005677	T6SS00535	NC_016810	308613	309107	Salmonella enterica subsp. enterica serovar Typhimurium str. SL1344	TssE
T6CP005678	T6SS00535	NC_016810	311185	313824	Salmonella enterica subsp. enterica serovar Typhimurium str. SL1344	TssH
T6CP005679	T6SS00535	NC_016810	313924	314466	Salmonella enterica subsp. enterica serovar Typhimurium str. SL1344	TssB
T6CP005680	T6SS00535	NC_016810	314490	315983	Salmonella enterica subsp. enterica serovar Typhimurium str. SL1344	TssC
T6CP005681	T6SS00535	NC_016810	316869	317354	Salmonella enterica subsp. enterica serovar Typhimurium str. SL1344	TssD
T6CP005682	T6SS00535	NC_016810	318655	319140	Salmonella enterica subsp. enterica serovar Typhimurium str. SL1344	TssD
T6CP005683	T6SS00535	NC_016810	319207	319743	Salmonella enterica subsp. enterica serovar Typhimurium str. SL1344	TssJ
T6CP005684	T6SS00535	NC_016810	319747	321090	Salmonella enterica subsp. enterica serovar Typhimurium str. SL1344	TssK
T6CP005685	T6SS00535	NC_016810	321087	322391	Salmonella enterica subsp. enterica serovar Typhimurium str. SL1344	TssL
T6CP005686	T6SS00535	NC_016810	323837	327706	Salmonella enterica subsp. enterica serovar Typhimurium str. SL1344	TssM
T6CP005687	T6SS00535	NC_016810	329849	332038	Salmonella enterica subsp. enterica serovar Typhimurium str. SL1344	TssI
T6CP011973	T6SS00535	NC_016810	332521	336123	Salmonella enterica subsp. enterica serovar Typhimurium str. SL1344	PAAR
T6CP012821	T6SS00535	NC_016810	309104	309928	Salmonella enterica subsp. enterica serovar Typhimurium str. SL1344	TagJ
T6CP005717	T6SS00539	NC_016830	2807673	2809682	Pseudomonas fluorescens F113	TssI
T6CP005718	T6SS00539	NC_016830	2810386	2812929	Pseudomonas fluorescens F113	TssH
T6CP005719	T6SS00539	NC_016830	2812931	2813956	Pseudomonas fluorescens F113	TssG
T6CP005720	T6SS00539	NC_016830	2813920	2815710	Pseudomonas fluorescens F113	TssF
T6CP005721	T6SS00539	NC_016830	2816151	2816648	Pseudomonas fluorescens F113	TssD
T6CP005722	T6SS00539	NC_016830	2816880	2818361	Pseudomonas fluorescens F113	TssC
T6CP005723	T6SS00539	NC_016830	2818392	2818952	Pseudomonas fluorescens F113	TssB
T6CP005724	T6SS00539	NC_016830	2819691	2821022	Pseudomonas fluorescens F113	TssK
T6CP005725	T6SS00539	NC_016830	2821802	2825626	Pseudomonas fluorescens F113	TssM
T6CP005726	T6SS00539	NC_016830	2825623	2826705	Pseudomonas fluorescens F113	TssA
T6CP008972	T6SS00539	NC_016830	2821041	2821805	Pseudomonas fluorescens F113	TssL
T6CP008973	T6SS00539	NC_016830	2815694	2816137	Pseudomonas fluorescens F113	TssE
T6CP005727	T6SS00540	NC_016830	6672386	6675886	Pseudomonas fluorescens F113	TssM
T6CP005728	T6SS00540	NC_016830	6675883	6677193	Pseudomonas fluorescens F113	TssL
T6CP005729	T6SS00540	NC_016830	6677200	6678534	Pseudomonas fluorescens F113	TssK
T6CP005730	T6SS00540	NC_016830	6678550	6679056	Pseudomonas fluorescens F113	TssJ
T6CP005731	T6SS00540	NC_016830	6681052	6682089	Pseudomonas fluorescens F113	TssA
T6CP005732	T6SS00540	NC_016830	6682171	6682677	Pseudomonas fluorescens F113	TssB
T6CP005733	T6SS00540	NC_016830	6682680	6684176	Pseudomonas fluorescens F113	TssC
T6CP005734	T6SS00540	NC_016830	6684399	6684887	Pseudomonas fluorescens F113	TssD
T6CP005735	T6SS00540	NC_016830	6685849	6686361	Pseudomonas fluorescens F113	TssE
T6CP005736	T6SS00540	NC_016830	6686358	6688217	Pseudomonas fluorescens F113	TssF
T6CP005737	T6SS00540	NC_016830	6688181	6689230	Pseudomonas fluorescens F113	TssG
T6CP005738	T6SS00540	NC_016830	6689223	6691913	Pseudomonas fluorescens F113	TssH
T6CP005739	T6SS00540	NC_016830	6692072	6694009	Pseudomonas fluorescens F113	TssI
T6CP011977	T6SS00540	NC_016830	6679125	6680636	Pseudomonas fluorescens F113	FHA
T6CP011978	T6SS00540	NC_016830	6694475	6698914	Pseudomonas fluorescens F113	PAAR
T6CP012522	T6SS00540	NC_016830	6667897	6670995	Pseudomonas fluorescens F113	PpkA
T6CP012523	T6SS00540	NC_016830	6671004	6671735	Pseudomonas fluorescens F113	PppA
T6CP012524	T6SS00540	NC_016830	6671736	6672389	Pseudomonas fluorescens F113	TagF
T6CP005798	T6SS00548	NC_016845	2326237	2326728	Klebsiella pneumoniae subsp. pneumoniae HS11286	TssB
T6CP005799	T6SS00548	NC_016845	2326771	2328315	Klebsiella pneumoniae subsp. pneumoniae HS11286	TssC
T6CP005800	T6SS00548	NC_016845	2328325	2329668	Klebsiella pneumoniae subsp. pneumoniae HS11286	TssK
T6CP005801	T6SS00548	NC_016845	2332818	2335472	Klebsiella pneumoniae subsp. pneumoniae HS11286	TssH
T6CP005802	T6SS00548	NC_016845	2335474	2337843	Klebsiella pneumoniae subsp. pneumoniae HS11286	TssI
T6CP005803	T6SS00548	NC_016845	2344840	2348265	Klebsiella pneumoniae subsp. pneumoniae HS11286	TssM
T6CP005804	T6SS00548	NC_016845	2349937	2351691	Klebsiella pneumoniae subsp. pneumoniae HS11286	TssF
T6CP005805	T6SS00548	NC_016845	2351655	2352740	Klebsiella pneumoniae subsp. pneumoniae HS11286	TssG
T6CP005806	T6SS00548	NC_016845	2352718	2353260	Klebsiella pneumoniae subsp. pneumoniae HS11286	TssJ
T6CP008981	T6SS00548	NC_016845	2329665	2330354	Klebsiella pneumoniae subsp. pneumoniae HS11286	TssL
T6CP008982	T6SS00548	NC_016845	2332062	2332553	Klebsiella pneumoniae subsp. pneumoniae HS11286	TssD
T6CP009367	T6SS00548	NC_016845	2348265	2348672	Klebsiella pneumoniae subsp. pneumoniae HS11286	TssA
T6CP011986	T6SS00548	NC_016845	2343463	2343720	Klebsiella pneumoniae subsp. pneumoniae HS11286	PAAR
T6CP011987	T6SS00548	NC_016845	2330351	2332057	Klebsiella pneumoniae subsp. pneumoniae HS11286	TagL
T6CP005827	T6SS00551	NC_016856	305365	306420	Salmonella enterica subsp. enterica serovar Typhimurium str. 14028S	TssA
T6CP005828	T6SS00551	NC_016856	306431	307426	Salmonella enterica subsp. enterica serovar Typhimurium str. 14028S	TssG
T6CP005829	T6SS00551	NC_016856	307423	309306	Salmonella enterica subsp. enterica serovar Typhimurium str. 14028S	TssF
T6CP005830	T6SS00551	NC_016856	309322	309816	Salmonella enterica subsp. enterica serovar Typhimurium str. 14028S	TssE
T6CP005831	T6SS00551	NC_016856	311894	314533	Salmonella enterica subsp. enterica serovar Typhimurium str. 14028S	TssH
T6CP005832	T6SS00551	NC_016856	314633	315175	Salmonella enterica subsp. enterica serovar Typhimurium str. 14028S	TssB
T6CP005833	T6SS00551	NC_016856	315199	316692	Salmonella enterica subsp. enterica serovar Typhimurium str. 14028S	TssC
T6CP005834	T6SS00551	NC_016856	317578	318063	Salmonella enterica subsp. enterica serovar Typhimurium str. 14028S	TssD
T6CP005835	T6SS00551	NC_016856	319364	319849	Salmonella enterica subsp. enterica serovar Typhimurium str. 14028S	TssD
T6CP005836	T6SS00551	NC_016856	319916	320452	Salmonella enterica subsp. enterica serovar Typhimurium str. 14028S	TssJ
T6CP005837	T6SS00551	NC_016856	320456	321799	Salmonella enterica subsp. enterica serovar Typhimurium str. 14028S	TssK
T6CP005838	T6SS00551	NC_016856	321796	323100	Salmonella enterica subsp. enterica serovar Typhimurium str. 14028S	TssL
T6CP005839	T6SS00551	NC_016856	324546	328415	Salmonella enterica subsp. enterica serovar Typhimurium str. 14028S	TssM
T6CP005840	T6SS00551	NC_016856	330558	332747	Salmonella enterica subsp. enterica serovar Typhimurium str. 14028S	TssI
T6CP011991	T6SS00551	NC_016856	333236	337330	Salmonella enterica subsp. enterica serovar Typhimurium str. 14028S	PAAR
T6CP012825	T6SS00551	NC_016856	309813	310637	Salmonella enterica subsp. enterica serovar Typhimurium str. 14028S	TagJ
T6CP007565	T6SS00719	NC_019955	1464178	1466850	Vibrio parahaemolyticus BB22OP	TssH
T6CP007566	T6SS00719	NC_019955	1467896	1469974	Vibrio parahaemolyticus BB22OP	TssI
T6CP007567	T6SS00719	NC_019955	1477605	1478111	Vibrio parahaemolyticus BB22OP	TssB
T6CP007568	T6SS00719	NC_019955	1478120	1479595	Vibrio parahaemolyticus BB22OP	TssC
T6CP007569	T6SS00719	NC_019955	1480078	1481826	Vibrio parahaemolyticus BB22OP	TssF
T6CP007570	T6SS00719	NC_019955	1481823	1482821	Vibrio parahaemolyticus BB22OP	TssG
T6CP007571	T6SS00719	NC_019955	1483370	1486759	Vibrio parahaemolyticus BB22OP	TssM
T6CP007572	T6SS00719	NC_019955	1490718	1491218	Vibrio parahaemolyticus BB22OP	TssJ
T6CP007573	T6SS00719	NC_019955	1491230	1492555	Vibrio parahaemolyticus BB22OP	TssK
T6CP007574	T6SS00719	NC_019955	1492552	1493343	Vibrio parahaemolyticus BB22OP	TssL
T6CP009232	T6SS00719	NC_019955	1476004	1477578	Vibrio parahaemolyticus BB22OP	TssA
T6CP009233	T6SS00719	NC_019955	1467305	1467823	Vibrio parahaemolyticus BB22OP	TssD
T6CP009234	T6SS00719	NC_019955	1479657	1480067	Vibrio parahaemolyticus BB22OP	TssE
T6CP009649	T6SS00719	NC_019955	1486781	1488076	Vibrio parahaemolyticus BB22OP	TssA
T6CP012218	T6SS00719	NC_019955	1489205	1490725	Vibrio parahaemolyticus BB22OP	FHA
T6CP007575	T6SS00720	NC_019971	1048650	1050485	Vibrio parahaemolyticus BB22OP	TssI
T6CP007576	T6SS00720	NC_019971	1050543	1051022	Vibrio parahaemolyticus BB22OP	TssD
T6CP007577	T6SS00720	NC_019971	1051228	1053795	Vibrio parahaemolyticus BB22OP	TssH
T6CP007578	T6SS00720	NC_019971	1053806	1054771	Vibrio parahaemolyticus BB22OP	TssG
T6CP007579	T6SS00720	NC_019971	1054768	1056591	Vibrio parahaemolyticus BB22OP	TssF
T6CP007580	T6SS00720	NC_019971	1056588	1057052	Vibrio parahaemolyticus BB22OP	TssE
T6CP007581	T6SS00720	NC_019971	1057869	1059380	Vibrio parahaemolyticus BB22OP	TssC
T6CP007582	T6SS00720	NC_019971	1059436	1060929	Vibrio parahaemolyticus BB22OP	TssC
T6CP007583	T6SS00720	NC_019971	1060929	1061459	Vibrio parahaemolyticus BB22OP	TssB
T6CP007584	T6SS00720	NC_019971	1064069	1067587	Vibrio parahaemolyticus BB22OP	TssM
T6CP007585	T6SS00720	NC_019971	1067603	1068895	Vibrio parahaemolyticus BB22OP	TssL
T6CP007586	T6SS00720	NC_019971	1068907	1070232	Vibrio parahaemolyticus BB22OP	TssK
T6CP007587	T6SS00720	NC_019971	1070254	1070709	Vibrio parahaemolyticus BB22OP	TssJ
T6CP009235	T6SS00720	NC_019971	1061475	1062596	Vibrio parahaemolyticus BB22OP	TssA
T6CP012219	T6SS00720	NC_019971	1070719	1071915	Vibrio parahaemolyticus BB22OP	FHA
T6CP012862	T6SS00720	NC_019971	1057061	1057858	Vibrio parahaemolyticus BB22OP	TagJ
T6CP008065	T6SS00764	NC_021237	6697981	6701487	Pseudomonas protegens CHA0	TssM
T6CP008066	T6SS00764	NC_021237	6701484	6702809	Pseudomonas protegens CHA0	TssL
T6CP008067	T6SS00764	NC_021237	6702816	6704150	Pseudomonas protegens CHA0	TssK
T6CP008068	T6SS00764	NC_021237	6704166	6704672	Pseudomonas protegens CHA0	TssJ
T6CP008069	T6SS00764	NC_021237	6706614	6707633	Pseudomonas protegens CHA0	TssA
T6CP008070	T6SS00764	NC_021237	6707715	6708230	Pseudomonas protegens CHA0	TssB
T6CP008071	T6SS00764	NC_021237	6708247	6709740	Pseudomonas protegens CHA0	TssC
T6CP008072	T6SS00764	NC_021237	6709859	6710347	Pseudomonas protegens CHA0	TssD
T6CP008073	T6SS00764	NC_021237	6710508	6711023	Pseudomonas protegens CHA0	TssE
T6CP008074	T6SS00764	NC_021237	6711020	6712879	Pseudomonas protegens CHA0	TssF
T6CP008075	T6SS00764	NC_021237	6712843	6713895	Pseudomonas protegens CHA0	TssG
T6CP008076	T6SS00764	NC_021237	6713888	6716563	Pseudomonas protegens CHA0	TssH
T6CP008077	T6SS00764	NC_021237	6716694	6718631	Pseudomonas protegens CHA0	TssI
T6CP012265	T6SS00764	NC_021237	6704737	6706221	Pseudomonas protegens CHA0	FHA
T6CP012266	T6SS00764	NC_021237	6719085	6723545	Pseudomonas protegens CHA0	PAAR
T6CP012592	T6SS00764	NC_021237	6693510	6696593	Pseudomonas protegens CHA0	PpkA
T6CP012593	T6SS00764	NC_021237	6696596	6697330	Pseudomonas protegens CHA0	PppA
T6CP012594	T6SS00764	NC_021237	6697331	6697984	Pseudomonas protegens CHA0	TagF
T6CP010969	T6SS00787	JN837480	471	950	Escherichia coli RS218	TssD
T6CP010970	T6SS00787	JN837480	968	2326	Escherichia coli RS218	TssA
T6CP010971	T6SS00787	JN837480	2337	5354	Escherichia coli RS218	TssM
T6CP010972	T6SS00787	JN837480	5386	5865	Escherichia coli RS218	TssM
T6CP010973	T6SS00787	JN837480	5885	7327	Escherichia coli RS218	TssA
T6CP010974	T6SS00787	JN837480	5885	7327	Escherichia coli RS218	TssA
T6CP010975	T6SS00787	JN837480	8072	9130	Escherichia coli RS218	TssH
T6CP010976	T6SS00787	JN837480	9085	9714	Escherichia coli RS218	TssH
T6CP010977	T6SS00787	JN837480	9686	10834	Escherichia coli RS218	TssH
T6CP010978	T6SS00787	JN837480	10844	11608	Escherichia coli RS218	TssL
T6CP010979	T6SS00787	JN837480	11613	12959	Escherichia coli RS218	TssK
T6CP010980	T6SS00787	JN837480	12962	13486	Escherichia coli RS218	TssJ
T6CP010981	T6SS00787	JN837480	14781	15830	Escherichia coli RS218	TssG
T6CP010982	T6SS00787	JN837480	15794	17635	Escherichia coli RS218	TssF
T6CP010983	T6SS00787	JN837480	17641	18066	Escherichia coli RS218	TssE
T6CP010984	T6SS00787	JN837480	18071	19126	Escherichia coli RS218	TssC
T6CP010985	T6SS00787	JN837480	19089	19556	Escherichia coli RS218	TssC
T6CP010986	T6SS00787	JN837480	19579	20082	Escherichia coli RS218	TssB
T6CP010987	T6SS00787	JN837480	20788	21306	Escherichia coli RS218	TssD
T6CP010988	T6SS00787	JN837480	21527	23509	Escherichia coli RS218	TssI
T6CP012274	T6SS00787	JN837480	13483	14091	Escherichia coli RS218	FHA
T6CP012275	T6SS00787	JN837480	13991	14764	Escherichia coli RS218	FHA
T6CP010911	T6SS00788	NZ_JH815591	1017876	1018309	Aeromonas dhakensis	TssD
T6CP010912	T6SS00788	DQ667172	1004	3049	Aeromonas hydrophila	TssI
T6CP010913	T6SS00788	NZ_JH815591	1030061	1031539	Aeromonas dhakensis	TssC
T6CP010914	T6SS00788	NZ_JH815591	1031546	1031977	Aeromonas dhakensis	TssE
T6CP010915	T6SS00788	NZ_JH815591	1031981	1033747	Aeromonas dhakensis	TssF
T6CP010916	T6SS00788	NZ_JH815591	1033711	1034709	Aeromonas dhakensis	TssG
T6CP011346	T6SS00788	NZ_JH815591	1034766	1036046	Aeromonas dhakensis	FHA
T6CP010917	T6SS00788	NZ_JH815591	1036046	1036561	Aeromonas dhakensis	TssJ
T6CP010918	T6SS00788	NZ_JH815591	1036564	1037898	Aeromonas dhakensis	TssK
T6CP010919	T6SS00788	NZ_JH815591	1037921	1038700	Aeromonas dhakensis	TssL
T6CP010920	T6SS00788	NZ_JH815591	1038721	1041363	Aeromonas dhakensis	TssH
T6CP010921	T6SS00788	NZ_JH815591	1043518	1044963	Aeromonas dhakensis	TssA
T6CP010922	T6SS00788	NZ_JH815591	1045005	1048490	Aeromonas dhakensis	TssM
T6CP010923	T6SS00788	NZ_JH815591	1048537	1049967	Aeromonas dhakensis	TssA
T6CP011347	T6SS00788	NZ_JH815591	1050225	1050512	Aeromonas dhakensis	PAAR
T6CP010924	T6SS00788	NZ_JH815591	1050523	1052571	Aeromonas dhakensis	TssI
T6CP259517	T6SS00788	NZ_JH815591	1029519	1030022	Aeromonas dhakensis	TssB
T6CP259518	T6SS00788	NZ_JH815591	1058805	1061054	Aeromonas dhakensis	TssH
T6CP010957	T6SS00789	JF766712	10089	12278	Salmonella enterica	TssI
T6CP010958	T6SS00789	JF766712	21900	23201	Salmonella enterica	TssL
T6CP010959	T6SS00789	JF766712	23198	24541	Salmonella enterica	TssK
T6CP010960	T6SS00789	JF766712	24545	25081	Salmonella enterica	TssJ
T6CP010961	T6SS00789	JF766712	25148	25633	Salmonella enterica	TssD
T6CP010962	T6SS00789	JF766712	28253	28795	Salmonella enterica	TssB
T6CP010963	T6SS00789	JF766712	29235	31898	Salmonella enterica	TssH
T6CP010964	T6SS00789	JF766712	33976	34470	Salmonella enterica	TssE
T6CP010965	T6SS00789	JF766712	34486	36369	Salmonella enterica	TssF
T6CP010966	T6SS00789	JF766712	36366	37361	Salmonella enterica	TssG
T6CP010967	T6SS00789	JF766712	37372	37794	Salmonella enterica	TssA
T6CP010968	T6SS00789	JF766712	37794	38426	Salmonella enterica	TssA
T6CP011348	T6SS00789	JF766712	5536	9600	Salmonella enterica	PAAR
T6CP012877	T6SS00789	JF766712	33155	33979	Salmonella enterica	TagJ
T6CP011000	T6SS00790	NZ_KQ410497	202021	205074	Vibrio cholerae V52	TssI
T6CP011001	T6SS00790	NZ_KQ410497	205313	206575	Vibrio cholerae V52	TssA
T6CP011002	T6SS00790	NZ_KQ410497	206626	210126	Vibrio cholerae V52	TssM
T6CP011003	T6SS00790	NZ_KQ410497	210187	211596	Vibrio cholerae V52	TssA
T6CP011004	T6SS00790	NZ_KQ410497	213854	216463	Vibrio cholerae V52	TssH
T6CP011005	T6SS00790	NZ_KQ410497	216489	217262	Vibrio cholerae V52	TssL
T6CP011006	T6SS00790	NZ_KQ410497	217265	218599	Vibrio cholerae V52	TssK
T6CP011007	T6SS00790	NZ_KQ410497	218606	219082	Vibrio cholerae V52	TssJ
T6CP011008	T6SS00790	NZ_KQ410497	220575	221591	Vibrio cholerae V52	TssG
T6CP011009	T6SS00790	NZ_AAKJ02000013	32447	34216	Vibrio cholerae V52	TssF
T6CP011010	T6SS00790	NZ_KQ410497	223328	223765	Vibrio cholerae V52	TssE
T6CP011011	T6SS00790	NZ_KQ410497	223768	225243	Vibrio cholerae V52	TssC
T6CP011012	T6SS00790	NZ_KQ410497	225287	225793	Vibrio cholerae V52	TssB
T6CP011349	T6SS00790	NZ_KQ410497	219085	220572	Vibrio cholerae V52	FHA
T6CP012598	T6SS00790	NZ_KQ410497	212259	213851	Vibrio cholerae V52	VasH
T6CP010874	T6SS00791	AY424360	4431	4946	Edwardsiella tarda	TssB
T6CP010875	T6SS00791	AY424360	4943	6430	Edwardsiella tarda	TssC
T6CP010876	T6SS00791	AY424360	6500	6991	Edwardsiella tarda	TssD
T6CP010877	T6SS00791	AY424360	8320	8796	Edwardsiella tarda	TssE
T6CP010878	T6SS00791	AY424360	8800	10641	Edwardsiella tarda	TssF
T6CP010879	T6SS00791	AY424360	10638	11663	Edwardsiella tarda	TssG
T6CP010880	T6SS00791	AY424360	11782	14394	Edwardsiella tarda	TssH
T6CP010881	T6SS00791	AY424360	14394	16379	Edwardsiella tarda	TssI
T6CP010882	T6SS00791	AY424360	16791	17858	Edwardsiella tarda	TssA
T6CP010883	T6SS00791	AY424360	17779	18486	Edwardsiella tarda	TssJ
T6CP010884	T6SS00791	AY424360	18585	19973	Edwardsiella tarda	TssK
T6CP010885	T6SS00791	AY424360	19970	20620	Edwardsiella tarda	TssL
T6CP010886	T6SS00791	AY424360	20608	24399	Edwardsiella tarda	TssM
T6CP012276	T6SS00791	AY424360	16475	16777	Edwardsiella tarda	PAAR
T6CP010989	T6SS00792	KC432605	2685	3188	Acinetobacter baumannii	TssB
T6CP010990	T6SS00792	KC432605	3181	4662	Acinetobacter baumannii	TssC
T6CP010991	T6SS00792	KC432605	4712	5215	Acinetobacter baumannii	TssD
T6CP010992	T6SS00792	KC432605	5295	5771	Acinetobacter baumannii	TssE
T6CP010993	T6SS00792	KC432605	5788	7599	Acinetobacter baumannii	TssF
T6CP010994	T6SS00792	KC432605	7563	8561	Acinetobacter baumannii	TssG
T6CP010995	T6SS00792	KC432605	10082	13840	Acinetobacter baumannii	TssM
T6CP010996	T6SS00792	KC432605	16104	18788	Acinetobacter baumannii	TssH
T6CP010997	T6SS00792	KC432605	18810	19904	Acinetobacter baumannii	TssA
T6CP010998	T6SS00792	KC432605	19921	21285	Acinetobacter baumannii	TssK
T6CP010999	T6SS00792	KC432605	21303	22109	Acinetobacter baumannii	TssL
T6CP011377	T6SS00792	KC432605	14839	15606	Acinetobacter baumannii	TagL
T6CP011378	T6SS00792	KC432605	15623	15886	Acinetobacter baumannii	PAAR
T6CP010925	T6SS00793	FJ790776	1679	2470	Vibrio alginolyticus	TssL
T6CP010926	T6SS00793	FJ790776	2467	3792	Vibrio alginolyticus	TssK
T6CP010927	T6SS00793	FJ790776	6951	8264	Vibrio alginolyticus	TssA
T6CP010928	T6SS00793	FJ790776	8292	11681	Vibrio alginolyticus	TssM
T6CP010929	T6SS00793	FJ790776	12220	12741	Vibrio alginolyticus	TssG
T6CP010930	T6SS00793	FJ790776	13544	15079	Vibrio alginolyticus	TssF
T6CP010931	T6SS00793	FJ790776	15090	15500	Vibrio alginolyticus	TssE
T6CP010932	T6SS00793	FJ790776	15562	17037	Vibrio alginolyticus	TssC
T6CP010933	T6SS00793	FJ790776	17046	17552	Vibrio alginolyticus	TssB
T6CP010934	T6SS00793	FJ790776	17579	19243	Vibrio alginolyticus	TssA
T6CP010935	T6SS00793	FJ790776	25276	27354	Vibrio alginolyticus	TssI
T6CP010936	T6SS00793	FJ790776	27427	27945	Vibrio alginolyticus	TssD
T6CP010937	T6SS00793	FJ790776	28396	31080	Vibrio alginolyticus	TssH
T6CP012277	T6SS00793	FJ790776	4297	5571	Vibrio alginolyticus	FHA
T6CP010938	T6SS00794	FJ790777	8163	9452	Vibrio alginolyticus	TssK
T6CP010939	T6SS00794	FJ790777	9464	10756	Vibrio alginolyticus	TssL
T6CP010940	T6SS00794	FJ790777	10773	14291	Vibrio alginolyticus	TssM
T6CP010941	T6SS00794	FJ790777	15765	16880	Vibrio alginolyticus	TssA
T6CP010942	T6SS00794	FJ790777	16896	17426	Vibrio alginolyticus	TssB
T6CP010943	T6SS00794	FJ790777	17426	18919	Vibrio alginolyticus	TssC
T6CP010944	T6SS00794	FJ790777	18984	20483	Vibrio alginolyticus	TssC
T6CP010945	T6SS00794	FJ790777	21296	21760	Vibrio alginolyticus	TssE
T6CP010946	T6SS00794	FJ790777	21757	23580	Vibrio alginolyticus	TssF
T6CP010947	T6SS00794	FJ790777	23577	24245	Vibrio alginolyticus	TssG
T6CP010948	T6SS00794	FJ790777	24552	27119	Vibrio alginolyticus	TssH
T6CP010949	T6SS00794	FJ790777	27328	27807	Vibrio alginolyticus	TssD
T6CP010950	T6SS00794	FJ790777	27857	28789	Vibrio alginolyticus	TssI
T6CP010951	T6SS00794	FJ790777	28759	29784	Vibrio alginolyticus	TssI
T6CP012278	T6SS00794	FJ790777	5690	6775	Vibrio alginolyticus	FHA
T6CP012279	T6SS00794	FJ790777	6921	7685	Vibrio alginolyticus	FHA
T6CP012878	T6SS00794	FJ790777	20494	21288	Vibrio alginolyticus	TagJ
T6CP010952	T6SS00802	GQ118992	1	591	Vibrio anguillarum	TssH
T6CP010953	T6SS00802	GQ118992	6902	7369	Vibrio anguillarum	TssJ
T6CP010954	T6SS00802	GQ118992	7369	8685	Vibrio anguillarum	TssK
T6CP010955	T6SS00802	GQ118992	8693	9835	Vibrio anguillarum	TssL
T6CP012287	T6SS00802	GQ118992	5955	6902	Vibrio anguillarum	FHA
T6CP010080	T6SS00838	NC_022000	916585	917058	Proteus mirabilis BB2000	TssD
T6CP010081	T6SS00838	NC_022000	917149	918885	Proteus mirabilis BB2000	TssF
T6CP010082	T6SS00838	NC_022000	918878	920233	Proteus mirabilis BB2000	TssA
T6CP010083	T6SS00838	NC_022000	920271	923819	Proteus mirabilis BB2000	TssM
T6CP010084	T6SS00838	NC_022000	923822	925285	Proteus mirabilis BB2000	TssA
T6CP010085	T6SS00838	NC_022000	926735	929446	Proteus mirabilis BB2000	TssH
T6CP010086	T6SS00838	NC_022000	929455	930210	Proteus mirabilis BB2000	TssL
T6CP010087	T6SS00838	NC_022000	930203	931561	Proteus mirabilis BB2000	TssK
T6CP010088	T6SS00838	NC_022000	931563	932114	Proteus mirabilis BB2000	TssJ
T6CP010089	T6SS00838	NC_022000	933389	934426	Proteus mirabilis BB2000	TssG
T6CP010090	T6SS00838	NC_022000	934390	936165	Proteus mirabilis BB2000	TssF
T6CP010091	T6SS00838	NC_022000	936173	936604	Proteus mirabilis BB2000	TssE
T6CP010092	T6SS00838	NC_022000	936610	938088	Proteus mirabilis BB2000	TssC
T6CP010093	T6SS00838	NC_022000	938109	938609	Proteus mirabilis BB2000	TssB
T6CP010094	T6SS00838	NC_022000	940506	941024	Proteus mirabilis BB2000	TssD
T6CP010095	T6SS00838	NC_022000	941108	943300	Proteus mirabilis BB2000	TssI
T6CP012324	T6SS00838	NC_022000	932116	933384	Proteus mirabilis BB2000	FHA
T6CP010897	T6SS00896	AJ320483	322	1377	Salmonella enterica subsp. enterica serovar Typhimurium	TssA
T6CP010898	T6SS00896	AJ320483	1388	2263	Salmonella enterica subsp. enterica serovar Typhimurium	TssG
T6CP010899	T6SS00896	AJ320483	2382	4265	Salmonella enterica subsp. enterica serovar Typhimurium	TssF
T6CP010900	T6SS00896	AJ320483	4281	4775	Salmonella enterica subsp. enterica serovar Typhimurium	TssE
T6CP010901	T6SS00896	AJ320483	6853	9492	Salmonella enterica subsp. enterica serovar Typhimurium	TssH
T6CP010902	T6SS00896	AJ320483	9592	10134	Salmonella enterica subsp. enterica serovar Typhimurium	TssB
T6CP010903	T6SS00896	AJ320483	10158	11651	Salmonella enterica subsp. enterica serovar Typhimurium	TssC
T6CP010904	T6SS00896	AJ320483	12537	13022	Salmonella enterica subsp. enterica serovar Typhimurium	TssD
T6CP010905	T6SS00896	AJ320483	14323	14808	Salmonella enterica subsp. enterica serovar Typhimurium	TssD
T6CP010906	T6SS00896	AJ320483	14920	15411	Salmonella enterica subsp. enterica serovar Typhimurium	TssJ
T6CP010907	T6SS00896	AJ320483	15415	16758	Salmonella enterica subsp. enterica serovar Typhimurium	TssK
T6CP010908	T6SS00896	AJ320483	16755	18059	Salmonella enterica subsp. enterica serovar Typhimurium	TssL
T6CP010909	T6SS00896	AJ320483	19505	23374	Salmonella enterica subsp. enterica serovar Typhimurium	TssM
T6CP010910	T6SS00896	AJ320483	25517	27706	Salmonella enterica subsp. enterica serovar Typhimurium	TssI
T6CP012395	T6SS00896	AJ320483	28195	31791	Salmonella enterica subsp. enterica serovar Typhimurium	PAAR
T6CP012908	T6SS00896	AJ320483	4772	5611	Salmonella enterica subsp. enterica serovar Typhimurium	TagJ
T6CP010887	T6SS00897	AF361470	744	1820	Rhizobium leguminosarum bv. trifolii	TssA
T6CP010888	T6SS00897	AF361470	1857	2402	Rhizobium leguminosarum bv. trifolii	TssB
T6CP010889	T6SS00897	AF361470	2533	4014	Rhizobium leguminosarum bv. trifolii	TssC
T6CP010890	T6SS00897	AF361470	4081	5469	Rhizobium leguminosarum bv. trifolii	TssC
T6CP010891	T6SS00897	AF361470	6289	6798	Rhizobium leguminosarum bv. trifolii	TssE
T6CP010892	T6SS00897	AF361470	6791	8572	Rhizobium leguminosarum bv. trifolii	TssF
T6CP010893	T6SS00897	AF361470	8593	9594	Rhizobium leguminosarum bv. trifolii	TssG
T6CP010894	T6SS00897	AF361470	10795	12135	Rhizobium leguminosarum bv. trifolii	TssK
T6CP010895	T6SS00897	AF361470	12132	13664	Rhizobium leguminosarum bv. trifolii	TssL
T6CP010896	T6SS00897	AF361470	13661	17137	Rhizobium leguminosarum bv. trifolii	TssM
T6CP012396	T6SS00897	AF361470	9606	10805	Rhizobium leguminosarum bv. trifolii	FHA
T6CP012909	T6SS00897	AF361470	5466	6296	Rhizobium leguminosarum bv. trifolii	TagJ
T6CP011013	T6SS00904	KF678349	1	501	Escherichia coli	TssB
T6CP011014	T6SS00904	KF678349	554	2098	Escherichia coli	TssC
T6CP011015	T6SS00904	KF678349	2116	3453	Escherichia coli	TssK
T6CP011016	T6SS00904	KF678349	3450	4115	Escherichia coli	TssL
T6CP011017	T6SS00904	KF678349	5838	6329	Escherichia coli	TssD
T6CP011018	T6SS00904	KF678349	6521	9166	Escherichia coli	TssH
T6CP011019	T6SS00904	KF678349	9178	11658	Escherichia coli	TssI
T6CP011020	T6SS00904	KF678349	16388	19741	Escherichia coli	TssM
T6CP011021	T6SS00904	KF678349	19707	21344	Escherichia coli	TssA
T6CP011022	T6SS00904	KF678349	24626	26386	Escherichia coli	TssF
T6CP011023	T6SS00904	KF678349	26350	27429	Escherichia coli	TssG
T6CP011024	T6SS00904	KF678349	27410	27814	Escherichia coli	TssJ
T6CP011025	T6SS00904	KF678349	27950	28378	Escherichia coli	TssE
T6CP011026	T6SS00904	KF678349	28378	29754	Escherichia coli	TssA
T6CP012397	T6SS00904	KF678349	14905	15240	Escherichia coli	PAAR
T6CP012398	T6SS00904	KF678349	21344	22927	Escherichia coli	PAAR
T6CP012399	T6SS00904	KF678349	4167	5780	Escherichia coli	TagL
T6CP011027	T6SS00905	KF678350	1	480	Escherichia coli	TssD
T6CP011028	T6SS00905	KF678350	498	1940	Escherichia coli	TssA
T6CP011029	T6SS00905	KF678350	1867	5334	Escherichia coli	TssM
T6CP011030	T6SS00905	KF678350	5414	6856	Escherichia coli	TssA
T6CP011031	T6SS00905	KF678350	7618	10377	Escherichia coli	TssH
T6CP011032	T6SS00905	KF678350	10387	11151	Escherichia coli	TssL
T6CP011033	T6SS00905	KF678350	11156	12502	Escherichia coli	TssK
T6CP011034	T6SS00905	KF678350	12505	13029	Escherichia coli	TssJ
T6CP011035	T6SS00905	KF678350	14323	15372	Escherichia coli	TssG
T6CP011036	T6SS00905	KF678350	15336	17042	Escherichia coli	TssF
T6CP011037	T6SS00905	KF678350	17183	17608	Escherichia coli	TssE
T6CP011038	T6SS00905	KF678350	17613	18140	Escherichia coli	TssC
T6CP011039	T6SS00905	KF678350	18334	19098	Escherichia coli	TssC
T6CP011040	T6SS00905	KF678350	19121	19624	Escherichia coli	TssB
T6CP011041	T6SS00905	KF678350	20330	20848	Escherichia coli	TssD
T6CP011042	T6SS00905	KF678350	21069	23051	Escherichia coli	TssI
T6CP012400	T6SS00905	KF678350	13026	14306	Escherichia coli	FHA
T6CP012401	T6SS00905	KF678350	24197	25636	Escherichia coli	PAAR
T6CP011043	T6SS00907	NC_003228	2346972	2347865	Bacteroides fragilis NCTC 9343	TssP
T6CP011044	T6SS00907	NC_003228	2348402	2348905	Bacteroides fragilis NCTC 9343	TssO
T6CP011045	T6SS00907	NC_003228	2348911	2349867	Bacteroides fragilis NCTC 9343	TssG
T6CP011046	T6SS00907	NC_003228	2349869	2351011	Bacteroides fragilis NCTC 9343	TssK
T6CP011047	T6SS00907	NC_003228	2351039	2351887	Bacteroides fragilis NCTC 9343	TssN
T6CP011048	T6SS00907	NC_003228	2357670	2359520	Bacteroides fragilis NCTC 9343	TssI
T6CP011049	T6SS00907	NC_003228	2359546	2361363	Bacteroides fragilis NCTC 9343	TssF
T6CP011050	T6SS00907	NC_003228	2361394	2361834	Bacteroides fragilis NCTC 9343	TssE
T6CP011051	T6SS00907	NC_003228	2362294	2362713	Bacteroides fragilis NCTC 9343	TssD
T6CP011052	T6SS00907	NC_003228	2362716	2363123	Bacteroides fragilis NCTC 9343	TssD
T6CP011053	T6SS00907	NC_003228	2364997	2365404	Bacteroides fragilis NCTC 9343	TssD
T6CP011054	T6SS00907	NC_003228	2365431	2365859	Bacteroides fragilis NCTC 9343	TssD
T6CP011055	T6SS00907	NC_003228	2365875	2368358	Bacteroides fragilis NCTC 9343	TssH
T6CP011056	T6SS00907	NC_003228	2368371	2369750	Bacteroides fragilis NCTC 9343	TssC
T6CP011057	T6SS00907	NC_003228	2369766	2370215	Bacteroides fragilis NCTC 9343	TssB
T6CP011058	T6SS00907	NC_003228	2370304	2370693	Bacteroides fragilis NCTC 9343	TssD
T6CP011327	T6SS00907	NC_003228	2347862	2348389	Bacteroides fragilis NCTC 9343	TssO
T6CP011385	T6SS00907	NC_003228	2356980	2357648	Bacteroides fragilis NCTC 9343	PAAR
T6CP011059	T6SS00908	NC_006347	2277219	2278112	Bacteroides fragilis YCH46	TssP
T6CP011060	T6SS00908	NC_006347	2278109	2278636	Bacteroides fragilis YCH46	TssO
T6CP011061	T6SS00908	NC_006347	2278649	2279152	Bacteroides fragilis YCH46	TssO
T6CP011062	T6SS00908	NC_006347	2279158	2280114	Bacteroides fragilis YCH46	TssG
T6CP011063	T6SS00908	NC_006347	2280116	2281258	Bacteroides fragilis YCH46	TssK
T6CP011064	T6SS00908	NC_006347	2281286	2282134	Bacteroides fragilis YCH46	TssN
T6CP011065	T6SS00908	NC_006347	2286895	2288745	Bacteroides fragilis YCH46	TssI
T6CP011066	T6SS00908	NC_006347	2288771	2290588	Bacteroides fragilis YCH46	TssF
T6CP011067	T6SS00908	NC_006347	2290619	2291059	Bacteroides fragilis YCH46	TssE
T6CP011068	T6SS00908	NC_006347	2291519	2291938	Bacteroides fragilis YCH46	TssD
T6CP011069	T6SS00908	NC_006347	2291941	2292348	Bacteroides fragilis YCH46	TssD
T6CP011070	T6SS00908	NC_006347	2293947	2294351	Bacteroides fragilis YCH46	TssD
T6CP011071	T6SS00908	NC_006347	2294357	2294785	Bacteroides fragilis YCH46	TssD
T6CP011072	T6SS00908	NC_006347	2294801	2297284	Bacteroides fragilis YCH46	TssH
T6CP011073	T6SS00908	NC_006347	2297297	2298676	Bacteroides fragilis YCH46	TssC
T6CP011074	T6SS00908	NC_006347	2298692	2299141	Bacteroides fragilis YCH46	TssB
T6CP011075	T6SS00908	NC_006347	2299231	2299620	Bacteroides fragilis YCH46	TssD
T6CP012402	T6SS00908	NC_006347	2286190	2286876	Bacteroides fragilis YCH46	PAAR
T6CP011076	T6SS00909	NC_006347	3238391	3239770	Bacteroides fragilis YCH46	TssC
T6CP011077	T6SS00909	NC_006347	3239783	3240250	Bacteroides fragilis YCH46	TssB
T6CP011078	T6SS00909	NC_006347	3240418	3240840	Bacteroides fragilis YCH46	TssE
T6CP011079	T6SS00909	NC_006347	3240848	3242623	Bacteroides fragilis YCH46	TssF
T6CP011080	T6SS00909	NC_006347	3242620	3245058	Bacteroides fragilis YCH46	TssH
T6CP011081	T6SS00909	NC_006347	3245043	3245978	Bacteroides fragilis YCH46	TssG
T6CP011082	T6SS00909	NC_006347	3245992	3246870	Bacteroides fragilis YCH46	TssN
T6CP011083	T6SS00909	NC_006347	3246874	3248022	Bacteroides fragilis YCH46	TssK
T6CP011084	T6SS00909	NC_006347	3248043	3248540	Bacteroides fragilis YCH46	TssO
T6CP011085	T6SS00909	NC_006347	3248537	3248983	Bacteroides fragilis YCH46	TssO
T6CP011086	T6SS00909	NC_006347	3248994	3249935	Bacteroides fragilis YCH46	TssP
T6CP011087	T6SS00909	NC_006347	3253604	3253999	Bacteroides fragilis YCH46	TssD
T6CP011088	T6SS00909	NC_006347	3254110	3255873	Bacteroides fragilis YCH46	TssI
T6CP011089	T6SS00910	NC_009441	3892562	3894397	Flavobacterium johnsoniae UW101	TssF
T6CP011090	T6SS00910	NC_009441	3899844	3901652	Flavobacterium johnsoniae UW101	TssI
T6CP011091	T6SS00910	NC_009441	3901691	3902086	Flavobacterium johnsoniae UW101	TssD
T6CP011092	T6SS00910	NC_009441	3902237	3902623	Flavobacterium johnsoniae UW101	TssD
T6CP011093	T6SS00910	NC_009441	3902805	3903236	Flavobacterium johnsoniae UW101	TssE
T6CP011094	T6SS00910	NC_009441	3904650	3906020	Flavobacterium johnsoniae UW101	TssC
T6CP011095	T6SS00910	NC_009441	3906041	3906490	Flavobacterium johnsoniae UW101	TssB
T6CP011096	T6SS00910	NC_009441	3906545	3907057	Flavobacterium johnsoniae UW101	TssO
T6CP011097	T6SS00910	NC_009441	3907083	3908252	Flavobacterium johnsoniae UW101	TssK
T6CP011098	T6SS00910	NC_009441	3916691	3917662	Flavobacterium johnsoniae UW101	TssN
T6CP011099	T6SS00910	NC_009441	3917665	3918609	Flavobacterium johnsoniae UW101	TssG
T6CP011100	T6SS00910	NC_009441	3919581	3920633	Flavobacterium johnsoniae UW101	TssP
T6CP011101	T6SS00910	NC_009441	3920641	3923100	Flavobacterium johnsoniae UW101	TssH
T6CP011289	T6SS00926	NC_016776	2330059	2330952	Bacteroides fragilis 638R	TssP
T6CP011290	T6SS00926	NC_016776	2330949	2331476	Bacteroides fragilis 638R	TssO
T6CP011291	T6SS00926	NC_016776	2331489	2331992	Bacteroides fragilis 638R	TssO
T6CP011292	T6SS00926	NC_016776	2331998	2332954	Bacteroides fragilis 638R	TssG
T6CP011293	T6SS00926	NC_016776	2332956	2334098	Bacteroides fragilis 638R	TssK
T6CP011294	T6SS00926	NC_016776	2334126	2334974	Bacteroides fragilis 638R	TssN
T6CP011295	T6SS00926	NC_016776	2339735	2341585	Bacteroides fragilis 638R	TssI
T6CP011296	T6SS00926	NC_016776	2341611	2343428	Bacteroides fragilis 638R	TssF
T6CP011297	T6SS00926	NC_016776	2343459	2343899	Bacteroides fragilis 638R	TssE
T6CP011298	T6SS00926	NC_016776	2344359	2344778	Bacteroides fragilis 638R	TssD
T6CP011299	T6SS00926	NC_016776	2344781	2345188	Bacteroides fragilis 638R	TssD
T6CP011300	T6SS00926	NC_016776	2346787	2347191	Bacteroides fragilis 638R	TssD
T6CP011301	T6SS00926	NC_016776	2347197	2347625	Bacteroides fragilis 638R	TssD
T6CP011302	T6SS00926	NC_016776	2347641	2350124	Bacteroides fragilis 638R	TssH
T6CP011303	T6SS00926	NC_016776	2350137	2351516	Bacteroides fragilis 638R	TssC
T6CP011304	T6SS00926	NC_016776	2351532	2351981	Bacteroides fragilis 638R	TssB
T6CP011305	T6SS00926	NC_016776	2352070	2352459	Bacteroides fragilis 638R	TssD
T6CP012412	T6SS00926	NC_016776	2339030	2339716	Bacteroides fragilis 638R	PAAR
T6CP012912	T6SS00928	JX436460	897	4424	Campylobacter jejuni	TssM
T6CP012913	T6SS00928	JX436460	4542	5057	Campylobacter jejuni	TssD
T6CP012914	T6SS00928	JX436460	5312	6085	Campylobacter jejuni	TssL
T6CP012915	T6SS00928	JX436460	6082	7479	Campylobacter jejuni	TssK
T6CP012916	T6SS00928	JX436460	7489	7935	Campylobacter jejuni	TssJ
T6CP012917	T6SS00928	JX436460	8061	9308	Campylobacter jejuni	TssA
T6CP012918	T6SS00928	JX436460	9377	9862	Campylobacter jejuni	TssB
T6CP012919	T6SS00928	JX436460	9864	11318	Campylobacter jejuni	TssC
T6CP012920	T6SS00928	JX436460	11321	11713	Campylobacter jejuni	TssE
T6CP012921	T6SS00928	JX436460	11710	13431	Campylobacter jejuni	TssF
T6CP012922	T6SS00928	JX436460	13428	14336	Campylobacter jejuni	TssG
T6CP012923	T6SS00928	JX436460	14486	17002	Campylobacter jejuni	TssI
T6CP012924	T6SS00928	JX436460	1	900	Campylobacter jejuni	FHA
T6CP012947	T6SS00929	HG326223	2365103	2367463	Serratia marcescens subsp. marcescens Db11	TssI
T6CP012948	T6SS00929	HG326223	2373907	2374437	Serratia marcescens subsp. marcescens Db11	TssJ
T6CP012949	T6SS00929	HG326223	2374478	2375824	Serratia marcescens subsp. marcescens Db11	TssK
T6CP012950	T6SS00929	HG326223	2375828	2377048	Serratia marcescens subsp. marcescens Db11	TssL
T6CP012951	T6SS00929	HG326223	2377048	2380683	Serratia marcescens subsp. marcescens Db11	TssM
T6CP012952	T6SS00929	HG326223	2381445	2382476	Serratia marcescens subsp. marcescens Db11	TssA
T6CP012953	T6SS00929	HG326223	2382597	2383133	Serratia marcescens subsp. marcescens Db11	TssB
T6CP012954	T6SS00929	HG326223	2383137	2384642	Serratia marcescens subsp. marcescens Db11	TssC
T6CP012955	T6SS00929	HG326223	2386232	2386714	Serratia marcescens subsp. marcescens Db11	TssD
T6CP012956	T6SS00929	HG326223	2392860	2393435	Serratia marcescens subsp. marcescens Db11	TssE
T6CP012957	T6SS00929	HG326223	2393440	2395326	Serratia marcescens subsp. marcescens Db11	TssF
T6CP012958	T6SS00929	HG326223	2395323	2396393	Serratia marcescens subsp. marcescens Db11	TssG
T6CP012959	T6SS00929	HG326223	2396450	2399104	Serratia marcescens subsp. marcescens Db11	TssH
T6CP012960	T6SS00929	HG326223	2400742	2402670	Serratia marcescens subsp. marcescens Db11	TssI
T6CP016042	T6SS00930	NZ_AOGL01000004	11200	11679	Escherichia coli SEPT362	TssD
T6CP016043	T6SS00930	NZ_AOGL01000004	11706	13055	Escherichia coli SEPT362	TssA
T6CP016044	T6SS00930	NZ_AOGL01000004	13066	16500	Escherichia coli SEPT362	TssM
T6CP016045	T6SS00930	NZ_AOGL01000004	16609	18021	Escherichia coli SEPT362	TssA
T6CP016046	T6SS00930	NZ_AOGL01000004	18766	21525	Escherichia coli SEPT362	TssH
T6CP016047	T6SS00930	NZ_AOGL01000004	21534	22295	Escherichia coli SEPT362	TssL
T6CP016048	T6SS00930	NZ_AOGL01000004	22300	23631	Escherichia coli SEPT362	TssK
T6CP016049	T6SS00930	NZ_AOGL01000004	23634	24158	Escherichia coli SEPT362	TssJ
T6CP016050	T6SS00930	NZ_AOGL01000004	25460	26542	Escherichia coli SEPT362	TssG
T6CP016051	T6SS00930	NZ_AOGL01000004	26506	28356	Escherichia coli SEPT362	TssF
T6CP016052	T6SS00930	NZ_AOGL01000004	28360	28773	Escherichia coli SEPT362	TssE
T6CP016053	T6SS00930	NZ_AOGL01000004	28780	30255	Escherichia coli SEPT362	TssC
T6CP016054	T6SS00930	NZ_AOGL01000004	30565	31065	Escherichia coli SEPT362	TssB
T6CP016055	T6SS00930	NZ_AOGL01000004	31762	32280	Escherichia coli SEPT362	TssD
T6CP016056	T6SS00930	NZ_AOGL01000004	32490	34631	Escherichia coli SEPT362	TssI
T6CP016057	T6SS00931	NZ_JACEFV010000001	883479	886016	Escherichia coli	TssH
T6CP016058	T6SS00931	NZ_JACEFV010000001	886032	889436	Escherichia coli	TssM
T6CP016059	T6SS00931	NZ_JACEFV010000001	889442	890011	Escherichia coli	TssL
T6CP016060	T6SS00931	NZ_JACEFV010000001	890371	891783	Escherichia coli	TssK
T6CP016061	T6SS00931	NZ_JACEFV010000001	891802	892353	Escherichia coli	TssJ
T6CP016062	T6SS00931	NZ_JACEFV010000001	892361	893437	Escherichia coli	TssA
T6CP016063	T6SS00931	NZ_JACEFV010000001	894228	896210	Escherichia coli	TssI
T6CP016064	T6SS00931	NZ_JACEFV010000001	896223	897155	Escherichia coli	TssG
T6CP016065	T6SS00931	NZ_JACEFV010000001	897146	898948	Escherichia coli	TssF
T6CP016066	T6SS00931	NZ_JACEFV010000001	899373	899879	Escherichia coli	TssD
T6CP016067	T6SS00931	NZ_JACEFV010000001	899889	901367	Escherichia coli	TssC
T6CP016068	T6SS00931	NZ_JACEFV010000001	901370	901846	Escherichia coli	TssB
T6CP016069	T6SS00935	NZ_JACEFV010000001	909481	910848	Escherichia coli	TssA
T6CP016070	T6SS00935	NZ_JACEFV010000001	915218	915649	Escherichia coli	TssE
T6CP016071	T6SS00935	NZ_JACEFV010000001	915652	916188	Escherichia coli	TssJ
T6CP016072	T6SS00935	NZ_JACEFV010000001	916169	917269	Escherichia coli	TssG
T6CP016073	T6SS00935	NZ_JACEFV010000001	917224	918987	Escherichia coli	TssF
T6CP016074	T6SS00935	NZ_JACEFV010000001	919689	921287	Escherichia coli	TssA
T6CP016075	T6SS00935	NZ_JACEFV010000001	929314	931839	Escherichia coli	TssI
T6CP016076	T6SS00935	NZ_JACEFV010000001	932925	935582	Escherichia coli	TssH
T6CP016077	T6SS00935	NZ_JACEFV010000001	935751	936242	Escherichia coli	TssD
T6CP016078	T6SS00935	NZ_JACEFV010000001	937981	938634	Escherichia coli	TssL
T6CP016079	T6SS00935	NZ_JACEFV010000001	938631	939968	Escherichia coli	TssK
T6CP016080	T6SS00935	NZ_JACEFV010000001	939984	941528	Escherichia coli	TssC
T6CP016081	T6SS00935	NZ_JACEFV010000001	941550	942047	Escherichia coli	TssB
T6CP012925	T6SS00937	KM251715	501	980	Escherichia coli	TssD
T6CP012926	T6SS00937	KM251715	998	2356	Escherichia coli	TssA
T6CP012927	T6SS00937	KM251715	2367	5384	Escherichia coli	TssM
T6CP012928	T6SS00937	KM251715	5416	5895	Escherichia coli	TssM
T6CP012929	T6SS00937	KM251715	5915	7357	Escherichia coli	TssA
T6CP012930	T6SS00937	KM251715	5915	7357	Escherichia coli	TssA
T6CP012931	T6SS00937	KM251715	8102	9160	Escherichia coli	TssH
T6CP012932	T6SS00937	KM251715	9115	9744	Escherichia coli	TssH
T6CP012933	T6SS00937	KM251715	9716	10864	Escherichia coli	TssH
T6CP012934	T6SS00937	KM251715	10874	11638	Escherichia coli	TssL
T6CP012935	T6SS00937	KM251715	11643	12989	Escherichia coli	TssK
T6CP012936	T6SS00937	KM251715	12992	13516	Escherichia coli	TssJ
T6CP012937	T6SS00937	KM251715	14811	15860	Escherichia coli	TssG
T6CP012938	T6SS00937	KM251715	15824	17665	Escherichia coli	TssF
T6CP012939	T6SS00937	KM251715	17671	18096	Escherichia coli	TssE
T6CP012940	T6SS00937	KM251715	18101	19156	Escherichia coli	TssC
T6CP012941	T6SS00937	KM251715	19119	19586	Escherichia coli	TssC
T6CP012942	T6SS00937	KM251715	19609	20112	Escherichia coli	TssB
T6CP012943	T6SS00937	KM251715	20818	21336	Escherichia coli	TssD
T6CP012944	T6SS00937	KM251715	21557	23539	Escherichia coli	TssI
T6CP012945	T6SS00937	KM251715	13513	14121	Escherichia coli	FHA
T6CP012946	T6SS00937	KM251715	14021	14794	Escherichia coli	FHA
T6CP015465	T6SS00939	NZ_CH902589	1440993	1443143	Vibrio alginolyticus 12G01	TagE
T6CP015466	T6SS00939	NZ_CH902589	1443456	1444649	Vibrio alginolyticus 12G01	TagH
T6CP015467	T6SS00939	NZ_CH902589	1444661	1445116	Vibrio alginolyticus 12G01	TssJ
T6CP015468	T6SS00939	NZ_CH902589	1445138	1446463	Vibrio alginolyticus 12G01	TssK
T6CP015469	T6SS00939	NZ_CH902589	1446475	1447767	Vibrio alginolyticus 12G01	TssL
T6CP015470	T6SS00939	NZ_CH902589	1447784	1451302	Vibrio alginolyticus 12G01	TssM
T6CP015471	T6SS00939	NZ_CH902589	1451284	1451979	Vibrio alginolyticus 12G01	TagF
T6CP015472	T6SS00939	NZ_CH902589	1451989	1452783	Vibrio alginolyticus 12G01	TagG
T6CP015473	T6SS00939	NZ_CH902589	1452776	1453891	Vibrio alginolyticus 12G01	TssA
T6CP015474	T6SS00939	NZ_CH902589	1453907	1454437	Vibrio alginolyticus 12G01	TssB
T6CP015475	T6SS00939	NZ_CH902589	1454437	1455930	Vibrio alginolyticus 12G01	TssC
T6CP015476	T6SS00939	NZ_CH902589	1455983	1457494	Vibrio alginolyticus 12G01	TssC
T6CP015477	T6SS00939	NZ_CH902589	1457505	1458299	Vibrio alginolyticus 12G01	TagJ
T6CP015478	T6SS00939	NZ_CH902589	1458307	1458771	Vibrio alginolyticus 12G01	TssE
T6CP015479	T6SS00939	NZ_CH902589	1458768	1460591	Vibrio alginolyticus 12G01	TssF
T6CP015480	T6SS00939	NZ_CH902589	1460588	1461553	Vibrio alginolyticus 12G01	TssG
T6CP015481	T6SS00939	NZ_CH902589	1461564	1464131	Vibrio alginolyticus 12G01	TssH
T6CP015482	T6SS00939	NZ_CH902589	1464340	1464819	Vibrio alginolyticus 12G01	TssD
T6CP015483	T6SS00939	NZ_CH902589	1464869	1466704	Vibrio alginolyticus 12G01	TssI
T6CP015484	T6SS00939	NZ_CH902589	1466716	1467006	Vibrio alginolyticus 12G01	PAAR
T6CP016141	T6SS00941	KX118288	1	1902	Escherichia coli	Ct1A
T6CP016142	T6SS00941	KX118288	1930	2391	Escherichia coli	Ct1B
T6CP016143	T6SS00941	KX118288	2411	7273	Escherichia coli	Ct1C
T6CP016144	T6SS00941	KX118288	7270	7521	Escherichia coli	Ct1D
T6CP016145	T6SS00941	KX118288	7636	7947	Escherichia coli	Ct1E
T6CP016146	T6SS00942	KX118287	1	1902	Escherichia coli	Ct3A
T6CP016147	T6SS00942	KX118287	1930	2391	Escherichia coli	Ct3B
T6CP016148	T6SS00942	KX118287	2411	7210	Escherichia coli	Ct3C
T6CP016149	T6SS00942	KX118287	7212	7577	Escherichia coli	Ct3D
T6CP016150	T6SS00943	KX118290	81	2081	Escherichia coli	Het2A
T6CP016151	T6SS00943	KX118290	2071	2733	Escherichia coli	Het2B
T6CP016152	T6SS00944	KX118289	81	1430	Escherichia coli	Het1
T6CP016153	T6SS00944	KX118289	1508	1858	Escherichia coli	Het2
T6CP016154	T6SS00944	KX118289	1861	2145	Escherichia coli	Het3
T6CP016155	T6SS00944	KX118289	2331	2552	Escherichia coli	Het4
T6CP016156	T6SS00944	KX118289	2553	2843	Escherichia coli	Het5
T6CP016157	T6SS00944	KX118289	3252	3542	Escherichia coli	Het6
T6CP015946	T6SS00945	NZ_BATJ01000006	17401	20064	Vibrio proteolyticus NBRC 13287	TssH
T6CP015947	T6SS00945	NZ_BATJ01000006	20528	21046	Vibrio proteolyticus NBRC 13287	TssD
T6CP015948	T6SS00945	NZ_BATJ01000006	21119	23197	Vibrio proteolyticus NBRC 13287	TssI
T6CP015949	T6SS00945	NZ_BATJ01000006	29200	30753	Vibrio proteolyticus NBRC 13287	TssA
T6CP015950	T6SS00945	NZ_BATJ01000006	30780	31289	Vibrio proteolyticus NBRC 13287	TssB
T6CP015951	T6SS00945	NZ_BATJ01000006	31299	32777	Vibrio proteolyticus NBRC 13287	TssC
T6CP015952	T6SS00945	NZ_BATJ01000006	32841	33251	Vibrio proteolyticus NBRC 13287	TssE
T6CP015953	T6SS00945	NZ_BATJ01000006	33270	35018	Vibrio proteolyticus NBRC 13287	TssF
T6CP015954	T6SS00945	NZ_BATJ01000006	35015	36013	Vibrio proteolyticus NBRC 13287	TssG
T6CP015955	T6SS00945	NZ_BATJ01000006	36549	39941	Vibrio proteolyticus NBRC 13287	TssM
T6CP015956	T6SS00945	NZ_BATJ01000006	39976	41328	Vibrio proteolyticus NBRC 13287	TssA
T6CP015957	T6SS00945	NZ_BATJ01000006	44050	44550	Vibrio proteolyticus NBRC 13287	TssJ
T6CP015958	T6SS00945	NZ_BATJ01000006	44562	45887	Vibrio proteolyticus NBRC 13287	TssK
T6CP015959	T6SS00945	NZ_BATJ01000006	45884	46675	Vibrio proteolyticus NBRC 13287	TssL
T6CP016158	T6SS00946	KX118293	1	2514	Escherichia coli	Vt4A
T6CP016159	T6SS00946	KX118293	2536	3138	Escherichia coli	Vt4B
T6CP016160	T6SS00946	KX118293	3140	3691	Escherichia coli	Vt4C
T6CP016161	T6SS00946	KX118293	3769	4983	Escherichia coli	Vt4D
T6CP016162	T6SS00946	KX118293	5040	8366	Escherichia coli	Vt4E
T6CP016163	T6SS00947	KX118292	1	2481	Escherichia coli	Vt6A
T6CP016164	T6SS00947	KX118292	2514	3167	Escherichia coli	Vt6B
T6CP016165	T6SS00947	KX118292	3177	3626	Escherichia coli	Vt6C
T6CP016166	T6SS00947	KX118292	3732	4946	Escherichia coli	Vt6D
T6CP012961	T6SS00948	CP006870	2935924	2938176	Aeromonas hydrophila NJ-35	TssH
T6CP012962	T6SS00948	CP006870	2944800	2946848	Aeromonas hydrophila NJ-35	TssI
T6CP012963	T6SS00948	CP006870	2947404	2948834	Aeromonas hydrophila NJ-35	TssA
T6CP012964	T6SS00948	CP006870	2948881	2952366	Aeromonas hydrophila NJ-35	TssM
T6CP012965	T6SS00948	CP006870	2952408	2953853	Aeromonas hydrophila NJ-35	TssA
T6CP012966	T6SS00948	CP006870	2956008	2958650	Aeromonas hydrophila NJ-35	TssH
T6CP012967	T6SS00948	CP006870	2958671	2959450	Aeromonas hydrophila NJ-35	TssL
T6CP012968	T6SS00948	CP006870	2959473	2960807	Aeromonas hydrophila NJ-35	TssK
T6CP012969	T6SS00948	CP006870	2960810	2961325	Aeromonas hydrophila NJ-35	TssJ
T6CP012970	T6SS00948	CP006870	2962632	2963630	Aeromonas hydrophila NJ-35	TssG
T6CP012971	T6SS00948	CP006870	2963594	2965360	Aeromonas hydrophila NJ-35	TssF
T6CP012972	T6SS00948	CP006870	2965364	2965795	Aeromonas hydrophila NJ-35	TssE
T6CP012973	T6SS00948	CP006870	2965802	2967280	Aeromonas hydrophila NJ-35	TssC
T6CP012974	T6SS00948	CP006870	2967319	2967822	Aeromonas hydrophila NJ-35	TssB
T6CP012975	T6SS00948	CP006870	2972993	2975224	Aeromonas hydrophila NJ-35	TssI
T6CP012976	T6SS00948	CP006870	2975502	2976020	Aeromonas hydrophila NJ-35	TssD
T6CP259654	T6SS01006	CP009538	2078288	2082181	Burkholderia pseudomallei K96243	TssM
T6CP259655	T6SS01006	CP009538	2077302	2078291	Burkholderia pseudomallei K96243	TagF
T6CP259656	T6SS01006	CP009538	2075045	2076166	Burkholderia pseudomallei K96243	TssA
T6CP259657	T6SS01006	CP009538	2072286	2074955	Burkholderia pseudomallei K96243	TssH
T6CP259658	T6SS01006	CP009538	2071152	2072252	Burkholderia pseudomallei K96243	TssG
T6CP259659	T6SS01006	CP009538	2069350	2071188	Burkholderia pseudomallei K96243	TssF
T6CP259660	T6SS01006	CP009538	2068788	2069270	Burkholderia pseudomallei K96243	TssE
T6CP259661	T6SS01006	CP009538	2068227	2068730	Burkholderia pseudomallei K96243	TssD
T6CP259662	T6SS01006	CP009538	2066664	2068154	Burkholderia pseudomallei K96243	TssC
T6CP259663	T6SS01006	CP009538	2066129	2066647	Burkholderia pseudomallei K96243	TssB
T6CP259664	T6SS01006	CP009538	2064432	2065046	Burkholderia pseudomallei K96243	TssJ
T6CP259665	T6SS01006	CP009538	2062977	2064323	Burkholderia pseudomallei K96243	TssK
T6CP259666	T6SS01006	CP009538	2062195	2062980	Burkholderia pseudomallei K96243	TssL
T6CP013168	T6SS01013	CP038008	2124567	2125070	Citrobacter rodentium	TssE
T6CP013169	T6SS01013	CP038008	2127043	2129352	Citrobacter rodentium	TssI
T6CP013170	T6SS01013	CP038008	2133898	2135253	Citrobacter rodentium	TssL
T6CP013171	T6SS01013	CP038008	2135253	2136599	Citrobacter rodentium	TssK
T6CP013172	T6SS01013	CP038008	2136603	2137163	Citrobacter rodentium	TssJ
T6CP013173	T6SS01013	CP038008	2137221	2137706	Citrobacter rodentium	TssD
T6CP013174	T6SS01013	CP038008	2137866	2139365	Citrobacter rodentium	TssC
T6CP013175	T6SS01013	CP038008	2139387	2139905	Citrobacter rodentium	TssB
T6CP013176	T6SS01013	CP038008	2144634	2147324	Citrobacter rodentium	TssH
T6CP013177	T6SS01013	CP038008	2147627	2149507	Citrobacter rodentium	TssF
T6CP013178	T6SS01013	CP038008	2149504	2150535	Citrobacter rodentium	TssG
T6CP013179	T6SS01013	CP038008	2150532	2151602	Citrobacter rodentium	TssA
T6CP013332	T6SS01028	KY319183	2525	3034	Vibrio fluvialis	TssB
T6CP013333	T6SS01028	KY319183	3081	4556	Vibrio fluvialis	TssC
T6CP013334	T6SS01028	KY319183	4559	4996	Vibrio fluvialis	TssE
T6CP013335	T6SS01028	KY319183	5002	6771	Vibrio fluvialis	TssF
T6CP013336	T6SS01028	KY319183	6735	7751	Vibrio fluvialis	TssG
T6CP013337	T6SS01028	KY319183	9236	9712	Vibrio fluvialis	TssJ
T6CP013338	T6SS01028	KY319183	9719	11053	Vibrio fluvialis	TssK
T6CP013339	T6SS01028	KY319183	11056	11829	Vibrio fluvialis	TssL
T6CP013340	T6SS01028	KY319183	11856	14468	Vibrio fluvialis	TssH
T6CP013341	T6SS01028	KY319183	16732	18132	Vibrio fluvialis	TssA
T6CP013342	T6SS01028	KY319183	18151	21696	Vibrio fluvialis	TssM
T6CP013343	T6SS01029	KY319184	1341	4751	Vibrio fluvialis	TssM
T6CP013344	T6SS01029	KY319184	5989	7278	Vibrio fluvialis	TssK
T6CP013345	T6SS01029	KY319184	7325	7840	Vibrio fluvialis	TssJ
T6CP013346	T6SS01029	KY319184	9566	12184	Vibrio fluvialis	TssH
T6CP013347	T6SS01029	KY319184	12150	13175	Vibrio fluvialis	TssG
T6CP013348	T6SS01029	KY319184	13166	14941	Vibrio fluvialis	TssF
T6CP013349	T6SS01029	KY319184	15353	16777	Vibrio fluvialis	TssC
T6CP013350	T6SS01029	KY319184	16806	18284	Vibrio fluvialis	TssC
T6CP013351	T6SS01029	KY319184	18284	18787	Vibrio fluvialis	TssB
T6CP013352	T6SS01029	KY319184	18811	19335	Vibrio fluvialis	TssD
T6CP013353	T6SS01029	KY319184	19486	20811	Vibrio fluvialis	TssA
T6CP013354	T6SS01029	KY319184	22852	24915	Vibrio fluvialis	TssI
T6CP013388	T6SS01033	NZ_CP005927	2830818	2831783	Serratia sp. FS14	TssA
T6CP013389	T6SS01033	NZ_CP005927	2831808	2832365	Serratia sp. FS14	TssB
T6CP013390	T6SS01033	NZ_CP005927	2832362	2833888	Serratia sp. FS14	TssC
T6CP013391	T6SS01033	NZ_CP005927	2834120	2834644	Serratia sp. FS14	TssD
T6CP013392	T6SS01033	NZ_CP005927	2834726	2835172	Serratia sp. FS14	TssE
T6CP013393	T6SS01033	NZ_CP005927	2835184	2837025	Serratia sp. FS14	TssF
T6CP013394	T6SS01033	NZ_CP005927	2837018	2838046	Serratia sp. FS14	TssG
T6CP013395	T6SS01033	NZ_CP005927	2838063	2840648	Serratia sp. FS14	TssH
T6CP013396	T6SS01033	NZ_CP005927	2840713	2842974	Serratia sp. FS14	TssI
T6CP013397	T6SS01033	NZ_CP005927	2847345	2847851	Serratia sp. FS14	TssJ
T6CP013398	T6SS01033	NZ_CP005927	2847853	2849211	Serratia sp. FS14	TssK
T6CP013399	T6SS01033	NZ_CP005927	2849208	2850719	Serratia sp. FS14	TssL
T6CP013400	T6SS01033	NZ_CP005927	2850755	2854234	Serratia sp. FS14	TssM
T6CP013401	T6SS01034	NZ_CP006632	246100	246582	Escherichia coli PCN033	TssD
T6CP013402	T6SS01034	NZ_CP006632	246606	247958	Escherichia coli PCN033	TssA
T6CP013403	T6SS01034	NZ_CP006632	247969	251403	Escherichia coli PCN033	TssM
T6CP013404	T6SS01034	NZ_CP006632	251512	252927	Escherichia coli PCN033	TssA
T6CP013405	T6SS01034	NZ_CP006632	253672	256455	Escherichia coli PCN033	TssH
T6CP013406	T6SS01034	NZ_CP006632	256464	257225	Escherichia coli PCN033	TssL
T6CP013407	T6SS01034	NZ_CP006632	257230	258561	Escherichia coli PCN033	TssK
T6CP013408	T6SS01034	NZ_CP006632	258564	259088	Escherichia coli PCN033	TssJ
T6CP013409	T6SS01034	NZ_CP006632	260390	261145	Escherichia coli PCN033	TssG
T6CP013410	T6SS01034	NZ_CP006632	261815	262183	Escherichia coli PCN033	TssG
T6CP013411	T6SS01034	NZ_CP006632	262147	263997	Escherichia coli PCN033	TssF
T6CP013412	T6SS01034	NZ_CP006632	264001	264414	Escherichia coli PCN033	TssE
T6CP013413	T6SS01034	NZ_CP006632	264421	265896	Escherichia coli PCN033	TssC
T6CP013414	T6SS01034	NZ_CP006632	266206	266706	Escherichia coli PCN033	TssB
T6CP013415	T6SS01034	NZ_CP006632	267403	267921	Escherichia coli PCN033	TssD
T6CP013429	T6SS01036	NZ_CP006883	2866359	2868611	Aeromonas hydrophila J-1	TssH
T6CP013430	T6SS01036	NZ_CP006883	2877839	2879269	Aeromonas hydrophila J-1	TssA
T6CP013431	T6SS01036	NZ_CP006883	2879316	2882801	Aeromonas hydrophila J-1	TssM
T6CP013432	T6SS01036	NZ_CP006883	2882843	2884288	Aeromonas hydrophila J-1	TssA
T6CP013433	T6SS01036	NZ_CP006883	2886443	2889085	Aeromonas hydrophila J-1	TssH
T6CP013434	T6SS01036	NZ_CP006883	2889106	2889885	Aeromonas hydrophila J-1	TssL
T6CP013435	T6SS01036	NZ_CP006883	2889908	2891242	Aeromonas hydrophila J-1	TssK
T6CP013436	T6SS01036	NZ_CP006883	2891245	2891760	Aeromonas hydrophila J-1	TssJ
T6CP013437	T6SS01036	NZ_CP006883	2893067	2894065	Aeromonas hydrophila J-1	TssG
T6CP013438	T6SS01036	NZ_CP006883	2894029	2895795	Aeromonas hydrophila J-1	TssF
T6CP013439	T6SS01036	NZ_CP006883	2895799	2896230	Aeromonas hydrophila J-1	TssE
T6CP013440	T6SS01036	NZ_CP006883	2896237	2897715	Aeromonas hydrophila J-1	TssC
T6CP013441	T6SS01036	NZ_CP006883	2897754	2898257	Aeromonas hydrophila J-1	TssB
T6CP013542	T6SS01046	NZ_CP012004	2433628	2434434	Acinetobacter baumannii	TssL
T6CP013543	T6SS01046	NZ_CP012004	2434452	2435816	Acinetobacter baumannii	TssK
T6CP013544	T6SS01046	NZ_CP012004	2435833	2436930	Acinetobacter baumannii	TssA
T6CP013545	T6SS01046	NZ_CP012004	2436954	2439635	Acinetobacter baumannii	TssH
T6CP013546	T6SS01046	NZ_CP012004	2441902	2445726	Acinetobacter baumannii	TssM
T6CP013547	T6SS01046	NZ_CP012004	2447166	2448164	Acinetobacter baumannii	TssG
T6CP013548	T6SS01046	NZ_CP012004	2448128	2449939	Acinetobacter baumannii	TssF
T6CP013549	T6SS01046	NZ_CP012004	2449956	2450432	Acinetobacter baumannii	TssE
T6CP013550	T6SS01046	NZ_CP012004	2450512	2451015	Acinetobacter baumannii	TssD
T6CP013551	T6SS01046	NZ_CP012004	2451065	2452546	Acinetobacter baumannii	TssC
T6CP013552	T6SS01046	NZ_CP012004	2452539	2453042	Acinetobacter baumannii	TssB
T6CP013553	T6SS01046	NZ_CP012004	2458534	2461317	Acinetobacter baumannii	TssI
T6CP013707	T6SS01061	NZ_CP016325	116326	116832	Vibrio cholerae 2740-80	TssB
T6CP013708	T6SS01061	NZ_CP016325	116876	118351	Vibrio cholerae 2740-80	TssC
T6CP013709	T6SS01061	NZ_CP016325	118354	118791	Vibrio cholerae 2740-80	TssE
T6CP013710	T6SS01061	NZ_CP016325	118797	120566	Vibrio cholerae 2740-80	TssF
T6CP013711	T6SS01061	NZ_CP016325	120530	121546	Vibrio cholerae 2740-80	TssG
T6CP013712	T6SS01061	NZ_CP016325	123039	123515	Vibrio cholerae 2740-80	TssJ
T6CP013713	T6SS01061	NZ_CP016325	123522	124856	Vibrio cholerae 2740-80	TssK
T6CP013714	T6SS01061	NZ_CP016325	124859	125632	Vibrio cholerae 2740-80	TssL
T6CP013715	T6SS01061	NZ_CP016325	125658	128267	Vibrio cholerae 2740-80	TssH
T6CP013716	T6SS01061	NZ_CP016325	130525	131934	Vibrio cholerae 2740-80	TssA
T6CP013717	T6SS01061	NZ_CP016325	131995	135495	Vibrio cholerae 2740-80	TssM
T6CP013729	T6SS01063	NZ_CP017637	3553506	3556145	Bradyrhizobium japonicum	TssH
T6CP013730	T6SS01063	NZ_CP017637	3556243	3557307	Bradyrhizobium japonicum	TssG
T6CP013731	T6SS01063	NZ_CP017637	3557271	3559238	Bradyrhizobium japonicum	TssF
T6CP013732	T6SS01063	NZ_CP017637	3559240	3559788	Bradyrhizobium japonicum	TssE
T6CP013733	T6SS01063	NZ_CP017637	3559970	3560455	Bradyrhizobium japonicum	TssD
T6CP013734	T6SS01063	NZ_CP017637	3560504	3562006	Bradyrhizobium japonicum	TssC
T6CP013735	T6SS01063	NZ_CP017637	3562023	3562550	Bradyrhizobium japonicum	TssB
T6CP013736	T6SS01063	NZ_CP017637	3564344	3566212	Bradyrhizobium japonicum	TssI
T6CP013737	T6SS01063	NZ_CP017637	3568189	3569538	Bradyrhizobium japonicum	TssK
T6CP013738	T6SS01063	NZ_CP017637	3569535	3571061	Bradyrhizobium japonicum	TssL
T6CP013739	T6SS01063	NZ_CP017637	3571105	3574647	Bradyrhizobium japonicum	TssM
T6CP014001	T6SS01088	NZ_CP022469	244348	247848	Vibrio anguillarum	TssM
T6CP014002	T6SS01088	NZ_CP022469	247911	249308	Vibrio anguillarum	TssA
T6CP014003	T6SS01088	NZ_CP022469	251539	254157	Vibrio anguillarum	TssH
T6CP014004	T6SS01088	NZ_CP022469	254181	254954	Vibrio anguillarum	TssL
T6CP014005	T6SS01088	NZ_CP022469	254957	256291	Vibrio anguillarum	TssK
T6CP014006	T6SS01088	NZ_CP022469	256296	256775	Vibrio anguillarum	TssJ
T6CP014007	T6SS01088	NZ_CP022469	258255	259277	Vibrio anguillarum	TssG
T6CP014008	T6SS01088	NZ_CP022469	259241	261010	Vibrio anguillarum	TssF
T6CP014009	T6SS01088	NZ_CP022469	261457	262932	Vibrio anguillarum	TssC
T6CP014010	T6SS01088	NZ_CP022469	262982	263491	Vibrio anguillarum	TssB
T6CP014158	T6SS01103	NZ_CP026925	1612910	1616389	Agrobacterium tumefaciens	TssM
T6CP014159	T6SS01103	NZ_CP026925	1616386	1617888	Agrobacterium tumefaciens	TssL
T6CP014160	T6SS01103	NZ_CP026925	1617885	1619225	Agrobacterium tumefaciens	TssK
T6CP014161	T6SS01103	NZ_CP026925	1620425	1621429	Agrobacterium tumefaciens	TssG
T6CP014162	T6SS01103	NZ_CP026925	1621439	1623220	Agrobacterium tumefaciens	TssF
T6CP014163	T6SS01103	NZ_CP026925	1623213	1623722	Agrobacterium tumefaciens	TssE
T6CP014164	T6SS01103	NZ_CP026925	1624536	1625930	Agrobacterium tumefaciens	TssC
T6CP014165	T6SS01103	NZ_CP026925	1625986	1627467	Agrobacterium tumefaciens	TssC
T6CP014166	T6SS01103	NZ_CP026925	1627567	1628076	Agrobacterium tumefaciens	TssB
T6CP014167	T6SS01103	NZ_CP026925	1628144	1629199	Agrobacterium tumefaciens	TssA
T6CP014168	T6SS01103	NZ_CP026925	1629420	1632074	Agrobacterium tumefaciens	TssH
T6CP014169	T6SS01103	NZ_CP026925	1632132	1632608	Agrobacterium tumefaciens	TssD
T6CP014170	T6SS01103	NZ_CP026925	1633633	1635897	Agrobacterium tumefaciens	TssI
T6CP014257	T6SS01112	NZ_CP024868	116945	117451	Vibrio cholerae	TssB
T6CP014258	T6SS01112	NZ_CP024868	117495	118970	Vibrio cholerae	TssC
T6CP014259	T6SS01112	NZ_CP024868	118973	119410	Vibrio cholerae	TssE
T6CP014260	T6SS01112	NZ_CP024868	119416	121185	Vibrio cholerae	TssF
T6CP014261	T6SS01112	NZ_CP024868	121149	122165	Vibrio cholerae	TssG
T6CP014262	T6SS01112	NZ_CP024868	123658	124134	Vibrio cholerae	TssJ
T6CP014263	T6SS01112	NZ_CP024868	124141	125475	Vibrio cholerae	TssK
T6CP014264	T6SS01112	NZ_CP024868	125478	126251	Vibrio cholerae	TssL
T6CP014265	T6SS01112	NZ_CP024868	126277	128886	Vibrio cholerae	TssH
T6CP014266	T6SS01112	NZ_CP024868	131144	132553	Vibrio cholerae	TssA
T6CP014267	T6SS01112	NZ_CP024868	132614	136114	Vibrio cholerae	TssM
T6CP014268	T6SS01112	NZ_CP024868	136165	137427	Vibrio cholerae	TssA
T6CP014269	T6SS01112	NZ_CP024868	137680	140733	Vibrio cholerae	TssI
T6CP014329	T6SS01119	NZ_CP032215	2933094	2935724	Acinetobacter baumannii	TssI
T6CP014330	T6SS01119	NZ_CP032215	2945728	2946231	Acinetobacter baumannii	TssB
T6CP014331	T6SS01119	NZ_CP032215	2946224	2947705	Acinetobacter baumannii	TssC
T6CP014332	T6SS01119	NZ_CP032215	2947755	2948258	Acinetobacter baumannii	TssD
T6CP014333	T6SS01119	NZ_CP032215	2948338	2948814	Acinetobacter baumannii	TssE
T6CP014334	T6SS01119	NZ_CP032215	2948831	2950642	Acinetobacter baumannii	TssF
T6CP014335	T6SS01119	NZ_CP032215	2950606	2951604	Acinetobacter baumannii	TssG
T6CP014336	T6SS01119	NZ_CP032215	2953044	2956868	Acinetobacter baumannii	TssM
T6CP014337	T6SS01119	NZ_CP032215	2959134	2961815	Acinetobacter baumannii	TssH
T6CP014338	T6SS01119	NZ_CP032215	2961839	2962933	Acinetobacter baumannii	TssA
T6CP014339	T6SS01119	NZ_CP032215	2962950	2964314	Acinetobacter baumannii	TssK
T6CP014340	T6SS01119	NZ_CP032215	2964332	2965138	Acinetobacter baumannii	TssL
T6CP014819	T6SS01164	NZ_CP045428	1213019	1213522	Acinetobacter baumannii	TssB
T6CP014820	T6SS01164	NZ_CP045428	1213515	1214996	Acinetobacter baumannii	TssC
T6CP014821	T6SS01164	NZ_CP045428	1215046	1215549	Acinetobacter baumannii	TssD
T6CP014822	T6SS01164	NZ_CP045428	1215629	1216105	Acinetobacter baumannii	TssE
T6CP014823	T6SS01164	NZ_CP045428	1216122	1217933	Acinetobacter baumannii	TssF
T6CP014824	T6SS01164	NZ_CP045428	1217897	1218895	Acinetobacter baumannii	TssG
T6CP014825	T6SS01164	NZ_CP045428	1220335	1224159	Acinetobacter baumannii	TssM
T6CP014826	T6SS01164	NZ_CP045428	1226425	1229106	Acinetobacter baumannii	TssH
T6CP014827	T6SS01164	NZ_CP045428	1229130	1230224	Acinetobacter baumannii	TssA
T6CP014828	T6SS01164	NZ_CP045428	1230241	1231605	Acinetobacter baumannii	TssK
T6CP014829	T6SS01164	NZ_CP045428	1231623	1232429	Acinetobacter baumannii	TssL
T6CP014862	T6SS01168	NZ_CP046845	296505	300005	Vibrio cholerae C6706	TssM
T6CP014863	T6SS01168	NZ_CP046845	300066	301475	Vibrio cholerae C6706	TssA
T6CP014864	T6SS01168	NZ_CP046845	303733	306342	Vibrio cholerae C6706	TssH
T6CP014865	T6SS01168	NZ_CP046845	306368	307141	Vibrio cholerae C6706	TssL
T6CP014866	T6SS01168	NZ_CP046845	307144	308478	Vibrio cholerae C6706	TssK
T6CP014867	T6SS01168	NZ_CP046845	308485	308961	Vibrio cholerae C6706	TssJ
T6CP014868	T6SS01168	NZ_CP046845	310454	311470	Vibrio cholerae C6706	TssG
T6CP014869	T6SS01168	NZ_CP046845	311434	313203	Vibrio cholerae C6706	TssF
T6CP014870	T6SS01168	NZ_CP046845	313209	313646	Vibrio cholerae C6706	TssE
T6CP014871	T6SS01168	NZ_CP046845	313649	315124	Vibrio cholerae C6706	TssC
T6CP014872	T6SS01168	NZ_CP046845	315168	315674	Vibrio cholerae C6706	TssB
T6CP014884	T6SS01170	NZ_CP047495	2749401	2749904	Pectobacterium brasiliense	TssB
T6CP014885	T6SS01170	NZ_CP047495	2749937	2751415	Pectobacterium brasiliense	TssC
T6CP014886	T6SS01170	NZ_CP047495	2751421	2751852	Pectobacterium brasiliense	TssE
T6CP014887	T6SS01170	NZ_CP047495	2751855	2753621	Pectobacterium brasiliense	TssF
T6CP014888	T6SS01170	NZ_CP047495	2753585	2754583	Pectobacterium brasiliense	TssG
T6CP014889	T6SS01170	NZ_CP047495	2755806	2756327	Pectobacterium brasiliense	TssJ
T6CP014890	T6SS01170	NZ_CP047495	2756330	2757667	Pectobacterium brasiliense	TssK
T6CP014891	T6SS01170	NZ_CP047495	2757683	2758459	Pectobacterium brasiliense	TssL
T6CP014892	T6SS01170	NZ_CP047495	2758473	2761070	Pectobacterium brasiliense	TssH
T6CP014893	T6SS01170	NZ_CP047495	2763183	2764607	Pectobacterium brasiliense	TssA
T6CP014894	T6SS01170	NZ_CP047495	2764632	2768129	Pectobacterium brasiliense	TssM
T6CP014895	T6SS01170	NZ_CP047495	2768182	2769618	Pectobacterium brasiliense	TssA
T6CP014896	T6SS01170	NZ_CP047495	2771621	2772139	Pectobacterium brasiliense	TssD
T6CP014897	T6SS01170	NZ_CP047495	2772336	2774372	Pectobacterium brasiliense	TssI
T6CP014910	T6SS01172	NZ_CP049363	2307326	2308132	Acinetobacter baumannii	TssL
T6CP014911	T6SS01172	NZ_CP049363	2308150	2309514	Acinetobacter baumannii	TssK
T6CP014912	T6SS01172	NZ_CP049363	2309531	2310625	Acinetobacter baumannii	TssA
T6CP014913	T6SS01172	NZ_CP049363	2310649	2313330	Acinetobacter baumannii	TssH
T6CP014914	T6SS01172	NZ_CP049363	2315597	2319421	Acinetobacter baumannii	TssM
T6CP014915	T6SS01172	NZ_CP049363	2320861	2321859	Acinetobacter baumannii	TssG
T6CP014916	T6SS01172	NZ_CP049363	2323650	2324126	Acinetobacter baumannii	TssE
T6CP014917	T6SS01172	NZ_CP049363	2324206	2324709	Acinetobacter baumannii	TssD
T6CP014918	T6SS01172	NZ_CP049363	2324759	2326240	Acinetobacter baumannii	TssC
T6CP014919	T6SS01172	NZ_CP049363	2326233	2326736	Acinetobacter baumannii	TssB
T6CP015177	T6SS01196	NZ_HG938370	347990	348772	Burkholderia cenocepacia H111	TssL
T6CP015178	T6SS01196	NZ_HG938370	348769	350115	Burkholderia cenocepacia H111	TssK
T6CP015179	T6SS01196	NZ_HG938370	350221	350820	Burkholderia cenocepacia H111	TssJ
T6CP015180	T6SS01196	NZ_HG938370	351881	352396	Burkholderia cenocepacia H111	TssB
T6CP015181	T6SS01196	NZ_HG938370	352412	353902	Burkholderia cenocepacia H111	TssC
T6CP015182	T6SS01196	NZ_HG938370	353973	354476	Burkholderia cenocepacia H111	TssD
T6CP015183	T6SS01196	NZ_HG938370	354539	355024	Burkholderia cenocepacia H111	TssE
T6CP015184	T6SS01196	NZ_HG938370	355101	356936	Burkholderia cenocepacia H111	TssF
T6CP015185	T6SS01196	NZ_HG938370	356900	358000	Burkholderia cenocepacia H111	TssG
T6CP015186	T6SS01196	NZ_HG938370	358042	360711	Burkholderia cenocepacia H111	TssH
T6CP015187	T6SS01196	NZ_HG938370	360756	361877	Burkholderia cenocepacia H111	TssA
T6CP015188	T6SS01196	NZ_HG938370	363912	367838	Burkholderia cenocepacia H111	TssM
T6CP015189	T6SS01197	NZ_HG938371	172983	173408	Burkholderia cenocepacia H111	TssE
T6CP015190	T6SS01197	NZ_HG938371	173424	176147	Burkholderia cenocepacia H111	TssH
T6CP015191	T6SS01197	NZ_HG938371	176283	176768	Burkholderia cenocepacia H111	TssD
T6CP015192	T6SS01197	NZ_HG938371	178595	179326	Burkholderia cenocepacia H111	TssL
T6CP015193	T6SS01197	NZ_HG938371	179323	180675	Burkholderia cenocepacia H111	TssK
T6CP015194	T6SS01197	NZ_HG938371	181273	181785	Burkholderia cenocepacia H111	TssB
T6CP015195	T6SS01197	NZ_HG938371	181859	183391	Burkholderia cenocepacia H111	TssC
T6CP015196	T6SS01197	NZ_HG938371	183473	186142	Burkholderia cenocepacia H111	TssI
T6CP015197	T6SS01197	NZ_HG938371	192452	196264	Burkholderia cenocepacia H111	TssM
T6CP015198	T6SS01197	NZ_HG938371	196261	197841	Burkholderia cenocepacia H111	TssA
T6CP015199	T6SS01197	NZ_HG938371	197851	199665	Burkholderia cenocepacia H111	TssF
T6CP015200	T6SS01197	NZ_HG938371	199662	200771	Burkholderia cenocepacia H111	TssF
T6CP015201	T6SS01197	NZ_HG938371	200911	201438	Burkholderia cenocepacia H111	TssJ
T6CP015224	T6SS01200	NZ_KB733141	180921	181421	Escherichia coli KTE165	TssB
T6CP015225	T6SS01200	NZ_KB733141	181480	183018	Escherichia coli KTE165	TssC
T6CP015226	T6SS01200	NZ_KB733141	183038	184375	Escherichia coli KTE165	TssK
T6CP015227	T6SS01200	NZ_KB733141	184372	185037	Escherichia coli KTE165	TssL
T6CP015228	T6SS01200	NZ_KB733141	186760	187251	Escherichia coli KTE165	TssD
T6CP015229	T6SS01200	NZ_KB733141	187442	190078	Escherichia coli KTE165	TssH
T6CP015230	T6SS01200	NZ_KB733141	190090	192648	Escherichia coli KTE165	TssI
T6CP015231	T6SS01200	NZ_KB733141	200762	202372	Escherichia coli KTE165	TssA
T6CP015287	T6SS01206	NC_010830	713229	713972	Candidatus Amoebophilus asiaticus 5a2	T6SSiv-tube1
T6CP015288	T6SS01206	NC_010830	713977	717753	Candidatus Amoebophilus asiaticus 5a2	TssF
T6CP015289	T6SS01206	NC_010830	722849	726205	Candidatus Amoebophilus asiaticus 5a2	T6SSiv-spike
T6CP015290	T6SS01206	NC_010830	726478	727422	Candidatus Amoebophilus asiaticus 5a2	Unknown
T6CP015291	T6SS01206	NC_010830	727475	728788	Candidatus Amoebophilus asiaticus 5a2	T6SSiv-baseplate wedge
T6CP015292	T6SS01207	NC_010830	1380571	1381047	Candidatus Amoebophilus asiaticus 5a2	Unknown
T6CP015293	T6SS01207	NC_010830	1384998	1385579	Candidatus Amoebophilus asiaticus 5a2	T6SSiv-tail terminator
T6CP015294	T6SS01207	NC_010830	1385590	1386438	Candidatus Amoebophilus asiaticus 5a2	T6SSiv-Afp-like 
T6CP015295	T6SS01207	NC_010830	1386461	1387957	Candidatus Amoebophilus asiaticus 5a2	TssB/TssC
T6CP015296	T6SS01207	NC_010830	1388078	1388581	Candidatus Amoebophilus asiaticus 5a2	T6SSiv-Afp-like 
T6CP015297	T6SS01207	NC_010830	1388642	1389088	Candidatus Amoebophilus asiaticus 5a2	T6SSiv-Afp-like 
T6CP015298	T6SS01207	NC_010830	1389108	1389572	Candidatus Amoebophilus asiaticus 5a2	TssD
T6CP015299	T6SS01207	NC_010830	1389623	1389802	Candidatus Amoebophilus asiaticus 5a2	T6SSiv-Afp-like 
T6CP015300	T6SS01207	NC_010830	1389821	1390954	Candidatus Amoebophilus asiaticus 5a2	T6SSiv-tube2
T6CP015301	T6SS01207	NC_010830	1391821	1393620	Candidatus Amoebophilus asiaticus 5a2	TssI
T6CP015302	T6SS01207	NC_010830	1393671	1393979	Candidatus Amoebophilus asiaticus 5a2	PAAR
T6CP015303	T6SS01207	NC_010830	1394004	1394399	Candidatus Amoebophilus asiaticus 5a2	TssE
T6CP015304	T6SS01207	NC_010830	1394411	1396906	Candidatus Amoebophilus asiaticus 5a2	TssF/TssG
T6CP015305	T6SS01207	NC_010830	1396913	1401622	Candidatus Amoebophilus asiaticus 5a2	T6SSiv-tape measure
T6CP016030	T6SS01208	NZ_CP012504	2457910	2459337	Aeromonas veronii	TssA
T6CP016031	T6SS01208	NZ_CP012504	2459381	2462878	Aeromonas veronii	TssM
T6CP016032	T6SS01208	NZ_CP012504	2462920	2464347	Aeromonas veronii	TssA
T6CP016033	T6SS01208	NZ_CP012504	2466502	2469144	Aeromonas veronii	TssH
T6CP016034	T6SS01208	NZ_CP012504	2469165	2469944	Aeromonas veronii	TssL
T6CP016035	T6SS01208	NZ_CP012504	2469968	2471302	Aeromonas veronii	TssK
T6CP016036	T6SS01208	NZ_CP012504	2471305	2471820	Aeromonas veronii	TssJ
T6CP016037	T6SS01208	NZ_CP012504	2471820	2473055	Aeromonas veronii	TagH
T6CP016038	T6SS01208	NZ_CP012504	2474057	2475823	Aeromonas veronii	TssF
T6CP016039	T6SS01208	NZ_CP012504	2475827	2476258	Aeromonas veronii	TssE
T6CP016040	T6SS01208	NZ_CP012504	2476265	2477746	Aeromonas veronii	TssC
T6CP016041	T6SS01208	NZ_CP012504	2477784	2478287	Aeromonas veronii	TssB
T6CP015309	T6SS01209	KX941483	1	1008	Pseudomonas fluorescens	TssG
T6CP015310	T6SS01209	KX941484	1	2658	Pseudomonas fluorescens	TssH
T6CP015311	T6SS01209	KX941485	1	1521	Pseudomonas fluorescens	Sfa2
T6CP015312	T6SS01209	KX941486	1	165	Pseudomonas fluorescens	TagU
T6CP015313	T6SS01209	KX941487	1	1197	Pseudomonas fluorescens	FHA
T6CP015314	T6SS01209	KX941488	1	501	Pseudomonas fluorescens	TssJ
T6CP015315	T6SS01209	KX941489	1	1332	Pseudomonas fluorescens	TssK
T6CP015316	T6SS01209	KX941490	1	876	Pseudomonas fluorescens	TssL
T6CP015317	T6SS01209	KX941491	1	3540	Pseudomonas fluorescens	TssM
T6CP015318	T6SS01209	KX941492	1	729	Pseudomonas fluorescens	PppA
T6CP015319	T6SS01209	KX941493	1	1002	Pseudomonas fluorescens	PpkA
T6CP015320	T6SS01209	KX941494	1	2037	Pseudomonas fluorescens	TssI
T6CP015321	T6SS01209	KX941495	1	507	Pseudomonas fluorescens	TssD
T6CP015322	T6SS01209	KX941496	1	1347	Pseudomonas fluorescens	TssI
T6CP016167	T6SS01210	KX118286	1	609	Escherichia coli	Ct5A
T6CP016168	T6SS01210	KX118286	838	4971	Escherichia coli	Ct5B
T6CP016169	T6SS01210	KX118286	4992	5834	Escherichia coli	Ct5C
T6CP016170	T6SS01210	KX118286	5882	6820	Escherichia coli	Ct5D
T6CP015323	T6SS01211	NZ_CP020659	1118829	1120385	Pseudomonas aeruginosa PAK	TssA
T6CP015324	T6SS01211	NZ_CP020659	1120421	1120927	Pseudomonas aeruginosa PAK	TssB
T6CP015325	T6SS01211	NZ_CP020659	1120956	1122431	Pseudomonas aeruginosa PAK	TssC
T6CP015326	T6SS01211	NZ_CP020659	1122444	1122851	Pseudomonas aeruginosa PAK	TssE
T6CP015327	T6SS01211	NZ_CP020659	1123189	1124976	Pseudomonas aeruginosa PAK	TssF
T6CP015328	T6SS01211	NZ_CP020659	1124940	1125947	Pseudomonas aeruginosa PAK	TssG
T6CP015329	T6SS01211	NZ_CP020659	1125954	1128587	Pseudomonas aeruginosa PAK	TssH
T6CP015330	T6SS01211	NZ_CP020659	1131555	1132061	Pseudomonas aeruginosa PAK	TssJ
T6CP015331	T6SS01211	NZ_CP020659	1132058	1133389	Pseudomonas aeruginosa PAK	TssK
T6CP015332	T6SS01211	NZ_CP020659	1133392	1134261	Pseudomonas aeruginosa PAK	TssL
T6CP015333	T6SS01211	NZ_CP020659	1134277	1137804	Pseudomonas aeruginosa PAK	TssM
T6CP015334	T6SS01212	NZ_CP020659	1913764	1914864	Pseudomonas aeruginosa PAK	TssA
T6CP015335	T6SS01212	NZ_CP020659	1914861	1918676	Pseudomonas aeruginosa PAK	TssM
T6CP015336	T6SS01212	NZ_CP020659	1918673	1918825	Pseudomonas aeruginosa PAK	TssL
T6CP015338	T6SS01212	NZ_CP020659	1920724	1921269	Pseudomonas aeruginosa PAK	TssB
T6CP015339	T6SS01212	NZ_CP020659	1921292	1922776	Pseudomonas aeruginosa PAK	TssC
T6CP015340	T6SS01212	NZ_CP020659	1922850	1923347	Pseudomonas aeruginosa PAK	TssD
T6CP015341	T6SS01212	NZ_CP020659	1923360	1923785	Pseudomonas aeruginosa PAK	TssE
T6CP015342	T6SS01212	NZ_CP020659	1925395	1926411	Pseudomonas aeruginosa PAK	TssG
T6CP015343	T6SS01212	NZ_CP020659	1926413	1928962	Pseudomonas aeruginosa PAK	TssH
T6CP015344	T6SS01212	NZ_CP020659	1930790	1932793	Pseudomonas aeruginosa PAK	TssI
T6CP015345	T6SS01212	NZ_CP020659	1933363	1933758	Pseudomonas aeruginosa PAK	IglG
T6CP015346	T6SS01213	NZ_CP020659	5670794	5674327	Pseudomonas aeruginosa PAK	TssM
T6CP015347	T6SS01213	NZ_CP020659	5675642	5676976	Pseudomonas aeruginosa PAK	TssK
T6CP015348	T6SS01213	NZ_CP020659	5676992	5677456	Pseudomonas aeruginosa PAK	TssJ
T6CP015349	T6SS01213	NZ_CP020659	5680234	5680752	Pseudomonas aeruginosa PAK	TssB
T6CP015350	T6SS01213	NZ_CP020659	5680765	5682261	Pseudomonas aeruginosa PAK	TssC
T6CP015351	T6SS01213	NZ_CP020659	5682337	5682825	Pseudomonas aeruginosa PAK	TssD
T6CP015352	T6SS01213	NZ_CP020659	5683840	5684349	Pseudomonas aeruginosa PAK	TssE
T6CP015353	T6SS01213	NZ_CP020659	5684346	5686205	Pseudomonas aeruginosa PAK	TssF
T6CP015354	T6SS01213	NZ_CP020659	5686169	5687215	Pseudomonas aeruginosa PAK	TssG
T6CP015355	T6SS01213	NZ_CP020659	5687208	5689916	Pseudomonas aeruginosa PAK	TssH
T6CP015356	T6SS01213	NZ_CP020659	5689963	5691894	Pseudomonas aeruginosa PAK	TssI
T6CP015357	T6SS01213	NZ_CP020659	5694286	5696508	Pseudomonas aeruginosa PAK	TssI
T6CP015358	T6SS01214	NZ_FO834906	950009	950434	Klebsiella pneumoniae	TssE
T6CP015359	T6SS01214	NZ_FO834906	950438	950716	Klebsiella pneumoniae	TssJ
T6CP015360	T6SS01214	NZ_FO834906	952292	953374	Klebsiella pneumoniae	TssG
T6CP015361	T6SS01214	NZ_FO834906	953338	955098	Klebsiella pneumoniae	TssF
T6CP015362	T6SS01214	NZ_FO834906	957477	957896	Klebsiella pneumoniae	TssA
T6CP015363	T6SS01214	NZ_FO834906	957862	961227	Klebsiella pneumoniae	TssM
T6CP015364	T6SS01214	NZ_FO834906	965716	968271	Klebsiella pneumoniae	TssI
T6CP015365	T6SS01214	NZ_FO834906	970193	970858	Klebsiella pneumoniae	TssL
T6CP015366	T6SS01214	NZ_FO834906	970855	972195	Klebsiella pneumoniae	TssK
T6CP015367	T6SS01214	NZ_FO834906	972197	972445	Klebsiella pneumoniae	TssC
T6CP015368	T6SS01215	NZ_FO834906	2564540	2565031	Klebsiella pneumoniae	TssB
T6CP015369	T6SS01215	NZ_FO834906	2565074	2566612	Klebsiella pneumoniae	TssC
T6CP015370	T6SS01215	NZ_FO834906	2566622	2567965	Klebsiella pneumoniae	TssK
T6CP015371	T6SS01215	NZ_FO834906	2567962	2568651	Klebsiella pneumoniae	TssL
T6CP015372	T6SS01215	NZ_FO834906	2571115	2573769	Klebsiella pneumoniae	TssH
T6CP015373	T6SS01215	NZ_FO834906	2581020	2584415	Klebsiella pneumoniae	TssM
T6CP015374	T6SS01215	NZ_FO834906	2584412	2586004	Klebsiella pneumoniae	TssA
T6CP015375	T6SS01215	NZ_FO834906	2586083	2587837	Klebsiella pneumoniae	TssF
T6CP015376	T6SS01215	NZ_FO834906	2587801	2588886	Klebsiella pneumoniae	TssG
T6CP015377	T6SS01215	NZ_FO834906	2588864	2589406	Klebsiella pneumoniae	TssJ
T6CP015378	T6SS01216	NZ_FO834906	3477664	3479079	Klebsiella pneumoniae	TssA
T6CP015379	T6SS01216	NZ_FO834906	3479099	3479542	Klebsiella pneumoniae	TssE
T6CP015380	T6SS01216	NZ_FO834906	3479545	3480081	Klebsiella pneumoniae	TssJ
T6CP015381	T6SS01216	NZ_FO834906	3480062	3481078	Klebsiella pneumoniae	TssG
T6CP015382	T6SS01216	NZ_FO834906	3481108	3482871	Klebsiella pneumoniae	TssF
T6CP015383	T6SS01216	NZ_FO834906	3498991	3501690	Klebsiella pneumoniae	TssI
T6CP015384	T6SS01216	NZ_FO834906	3503850	3504503	Klebsiella pneumoniae	TssL
T6CP015385	T6SS01216	NZ_FO834906	3504500	3505840	Klebsiella pneumoniae	TssK
T6CP015399	T6SS01218	NZ_CP043403	3500494	3503253	Xanthomonas oryzae pv. oryzicola	TssI
T6CP015400	T6SS01218	NZ_CP043403	3503730	3506462	Xanthomonas oryzae pv. oryzicola	TssH
T6CP015401	T6SS01218	NZ_CP043403	3506548	3507639	Xanthomonas oryzae pv. oryzicola	TssG
T6CP015402	T6SS01218	NZ_CP043403	3507603	3509438	Xanthomonas oryzae pv. oryzicola	TssF
T6CP015403	T6SS01218	NZ_CP043403	3509441	3509929	Xanthomonas oryzae pv. oryzicola	TssE
T6CP015404	T6SS01218	NZ_CP043403	3510077	3510574	Xanthomonas oryzae pv. oryzicola	TssD
T6CP015405	T6SS01218	NZ_CP043403	3510716	3512212	Xanthomonas oryzae pv. oryzicola	TssC
T6CP015406	T6SS01218	NZ_CP043403	3512216	3512716	Xanthomonas oryzae pv. oryzicola	TssB
T6CP015407	T6SS01218	NZ_CP043403	3513638	3514246	Xanthomonas oryzae pv. oryzicola	TssJ
T6CP015408	T6SS01218	NZ_CP043403	3514398	3515732	Xanthomonas oryzae pv. oryzicola	TssK
T6CP015409	T6SS01218	NZ_CP043403	3515729	3516520	Xanthomonas oryzae pv. oryzicola	TssL
T6CP015411	T6SS01218	NZ_CP043403	3543948	3545021	Xanthomonas oryzae pv. oryzicola	TssA
T6CP015412	T6SS01218	NZ_CP043403	3546845	3550582	Xanthomonas oryzae pv. oryzicola	TssM
T6CP015413	T6SS01219	NZ_CP032631	3616254	3617354	Pseudomonas syringae pv. actinidiae str. Shaanxi_M228	TssA
T6CP015415	T6SS01219	NZ_CP032631	3621162	3621932	Pseudomonas syringae pv. actinidiae str. Shaanxi_M228	TssL
T6CP015416	T6SS01219	NZ_CP032631	3621950	3623281	Pseudomonas syringae pv. actinidiae str. Shaanxi_M228	TssK
T6CP015417	T6SS01219	NZ_CP032631	3623335	3623808	Pseudomonas syringae pv. actinidiae str. Shaanxi_M228	TssJ
T6CP015418	T6SS01219	NZ_CP032631	3624009	3624560	Pseudomonas syringae pv. actinidiae str. Shaanxi_M228	TssB
T6CP015419	T6SS01219	NZ_CP032631	3624595	3626082	Pseudomonas syringae pv. actinidiae str. Shaanxi_M228	TssC
T6CP015420	T6SS01219	NZ_CP032631	3626159	3626656	Pseudomonas syringae pv. actinidiae str. Shaanxi_M228	TssD
T6CP015421	T6SS01219	NZ_CP032631	3626672	3627121	Pseudomonas syringae pv. actinidiae str. Shaanxi_M228	TssE
T6CP015422	T6SS01219	NZ_CP032631	3627105	3628901	Pseudomonas syringae pv. actinidiae str. Shaanxi_M228	TssF
T6CP015423	T6SS01219	NZ_CP032631	3628865	3629884	Pseudomonas syringae pv. actinidiae str. Shaanxi_M228	TssG
T6CP015425	T6SS01219	NZ_CP032631	3636567	3638573	Pseudomonas syringae pv. actinidiae str. Shaanxi_M228	TssI
T6CP015426	T6SS01220	CP014743	13397	15898	Campylobacter jejuni	TssI
T6CP015427	T6SS01220	CP014743	16048	16956	Campylobacter jejuni	TssG
T6CP015428	T6SS01220	CP014743	16953	18674	Campylobacter jejuni	TssF
T6CP015429	T6SS01220	CP014743	18671	19063	Campylobacter jejuni	TssE
T6CP015430	T6SS01220	CP014743	19066	20520	Campylobacter jejuni	TssC
T6CP015431	T6SS01220	CP014743	20522	21007	Campylobacter jejuni	TssB
T6CP015432	T6SS01220	CP014743	21076	22311	Campylobacter jejuni	TssA
T6CP015433	T6SS01220	CP014743	22437	22883	Campylobacter jejuni	TssJ
T6CP015434	T6SS01220	CP014743	22893	24290	Campylobacter jejuni	TssK
T6CP015435	T6SS01220	CP014743	24287	25060	Campylobacter jejuni	TssL
T6CP015436	T6SS01220	CP014743	25315	25830	Campylobacter jejuni	TssD
T6CP015437	T6SS01220	CP014743	25948	29475	Campylobacter jejuni	TssM
T6CP015438	T6SS01220	CP014743	29472	30371	Campylobacter jejuni	TagH
T6CP015439	T6SS01222	KF590027	9267	10574	Pantoea ananatis LMG 2665	TssI
T6CP015440	T6SS01222	KF590027	10624	11001	Pantoea ananatis LMG 2665	TssI
T6CP015441	T6SS01222	KF590027	12050	12898	Pantoea ananatis LMG 2665	TssI
T6CP015442	T6SS01222	KF590027	14187	15650	Pantoea ananatis LMG 2665	TagE
T6CP015443	T6SS01222	KF590027	15680	18298	Pantoea ananatis LMG 2665	TssH
T6CP015444	T6SS01222	KF590027	18352	19401	Pantoea ananatis LMG 2665	TssG
T6CP015445	T6SS01222	KF590027	19398	21275	Pantoea ananatis LMG 2665	TssF
T6CP015446	T6SS01222	KF590027	21278	21853	Pantoea ananatis LMG 2665	TssE
T6CP015447	T6SS01222	KF590027	21843	22670	Pantoea ananatis LMG 2665	TagJ
T6CP015448	T6SS01222	KF590027	23732	24523	Pantoea ananatis LMG 2665	TagG
T6CP015449	T6SS01222	KF590027	24520	26415	Pantoea ananatis LMG 2665	TagH
T6CP015450	T6SS01222	KF590027	31609	32091	Pantoea ananatis LMG 2665	TssD
T6CP015451	T6SS01222	KF590027	32671	34170	Pantoea ananatis LMG 2665	TssC
T6CP015452	T6SS01222	KF590027	34170	34712	Pantoea ananatis LMG 2665	TssB
T6CP015453	T6SS01222	KF590027	34781	35803	Pantoea ananatis LMG 2665	TssA
T6CP015454	T6SS01222	KF590027	35814	36527	Pantoea ananatis LMG 2665	TagF
T6CP015455	T6SS01222	KF590027	36542	40168	Pantoea ananatis LMG 2665	TssM
T6CP015456	T6SS01222	KF590027	40172	41413	Pantoea ananatis LMG 2665	TssL
T6CP015457	T6SS01222	KF590027	41430	42776	Pantoea ananatis LMG 2665	TssK
T6CP015458	T6SS01222	KF590027	42792	43295	Pantoea ananatis LMG 2665	TssJ
T6CP015485	T6SS01224	NZ_CH902589	100481	101938	Vibrio alginolyticus 12G01	PAAR
T6CP015486	T6SS01224	NZ_CH902589	102086	102877	Vibrio alginolyticus 12G01	TssL
T6CP015487	T6SS01224	NZ_CH902589	102874	104199	Vibrio alginolyticus 12G01	TssK
T6CP015488	T6SS01224	NZ_CH902589	104211	104711	Vibrio alginolyticus 12G01	TssJ
T6CP015490	T6SS01224	NZ_CH902589	107309	108622	Vibrio alginolyticus 12G01	TssA
T6CP015491	T6SS01224	NZ_CH902589	108650	112039	Vibrio alginolyticus 12G01	TssM
T6CP015492	T6SS01224	NZ_CH902589	112578	113576	Vibrio alginolyticus 12G01	TssG
T6CP015493	T6SS01224	NZ_CH902589	113573	115321	Vibrio alginolyticus 12G01	TssF
T6CP015494	T6SS01224	NZ_CH902589	115332	115742	Vibrio alginolyticus 12G01	TssE
T6CP015495	T6SS01224	NZ_CH902589	115804	117279	Vibrio alginolyticus 12G01	TssC
T6CP015496	T6SS01224	NZ_CH902589	117288	117794	Vibrio alginolyticus 12G01	TssB
T6CP015497	T6SS01224	NZ_CH902589	117821	119395	Vibrio alginolyticus 12G01	TssA
T6CP015498	T6SS01224	NZ_CH902589	119382	121382	Vibrio alginolyticus 12G01	TagE
T6CP015499	T6SS01224	NZ_CH902589	125429	127507	Vibrio alginolyticus 12G01	TssI
T6CP015500	T6SS01224	NZ_CH902589	127580	128098	Vibrio alginolyticus 12G01	TssD
T6CP015501	T6SS01224	NZ_CH902589	128555	131233	Vibrio alginolyticus 12G01	TssH
T6CP015502	T6SS01235	NZ_LMTD01000002	158416	158922	Vibrio vulnificus	TssB
T6CP015503	T6SS01235	NZ_LMTD01000002	158959	160434	Vibrio vulnificus	TssC
T6CP015504	T6SS01235	NZ_LMTD01000002	160437	160874	Vibrio vulnificus	TssE
T6CP015505	T6SS01235	NZ_LMTD01000002	160880	162649	Vibrio vulnificus	TssF
T6CP015506	T6SS01235	NZ_LMTD01000002	162613	163629	Vibrio vulnificus	TssG
T6CP015507	T6SS01235	NZ_LMTD01000002	163632	165101	Vibrio vulnificus	TagH
T6CP015508	T6SS01235	NZ_LMTD01000002	165104	165580	Vibrio vulnificus	TssJ
T6CP015509	T6SS01235	NZ_LMTD01000002	165587	166921	Vibrio vulnificus	TssK
T6CP015510	T6SS01235	NZ_LMTD01000002	166924	167697	Vibrio vulnificus	TssL
T6CP015511	T6SS01235	NZ_LMTD01000002	167723	170332	Vibrio vulnificus	TssH
T6CP015512	T6SS01235	NZ_LMTD01000002	170335	171936	Vibrio vulnificus	VasH
T6CP015513	T6SS01235	NZ_LMTD01000002	171906	172586	Vibrio vulnificus	VasI
T6CP015514	T6SS01235	NZ_LMTD01000002	172596	173999	Vibrio vulnificus	TssA
T6CP015515	T6SS01235	NZ_LMTD01000002	174060	177560	Vibrio vulnificus	TssM
T6CP015516	T6SS01235	NZ_LMTD01000002	177610	178872	Vibrio vulnificus	TssA
T6CP015517	T6SS01235	NZ_LMTD01000002	179429	179947	Vibrio vulnificus	TssD
T6CP015518	T6SS01235	NZ_LMTD01000002	180053	182116	Vibrio vulnificus	TssI
T6CP015521	T6SS01236	NZ_LMTD01000002	434133	436697	Vibrio vulnificus	TssH
T6CP015522	T6SS01236	NZ_LMTD01000002	436710	437675	Vibrio vulnificus	TssG
T6CP015523	T6SS01236	NZ_LMTD01000002	437672	439498	Vibrio vulnificus	TssF
T6CP015524	T6SS01236	NZ_LMTD01000002	439495	439968	Vibrio vulnificus	TssE
T6CP015525	T6SS01236	NZ_LMTD01000002	439965	440768	Vibrio vulnificus	ImpE
T6CP015526	T6SS01236	NZ_LMTD01000002	440779	442272	Vibrio vulnificus	TssC
T6CP015527	T6SS01236	NZ_LMTD01000002	442317	443810	Vibrio vulnificus	TssC
T6CP015528	T6SS01236	NZ_LMTD01000002	443822	444334	Vibrio vulnificus	TssB
T6CP015529	T6SS01236	NZ_LMTD01000002	444351	445484	Vibrio vulnificus	TssA
T6CP015530	T6SS01236	NZ_LMTD01000002	445484	446278	Vibrio vulnificus	PppA
T6CP015531	T6SS01236	NZ_LMTD01000002	446289	446984	Vibrio vulnificus	TagF
T6CP015532	T6SS01236	NZ_LMTD01000002	446966	450490	Vibrio vulnificus	TssM
T6CP015533	T6SS01236	NZ_LMTD01000002	450468	451796	Vibrio vulnificus	TssL
T6CP015534	T6SS01236	NZ_LMTD01000002	451805	453127	Vibrio vulnificus	TssK
T6CP015535	T6SS01236	NZ_LMTD01000002	453151	453606	Vibrio vulnificus	TssJ
T6CP015536	T6SS01236	NZ_LMTD01000002	453607	454824	Vibrio vulnificus	TagH
T6CP015537	T6SS01236	NZ_LMTD01000002	455140	457308	Vibrio vulnificus	PpkA
T6CP015538	T6SS01240	NZ_CP033023	1429744	1431159	Agrobacterium fabrum	TagF
T6CP015539	T6SS01240	NZ_CP033023	1431242	1434721	Agrobacterium fabrum	TssM
T6CP015540	T6SS01240	NZ_CP033023	1434718	1436223	Agrobacterium fabrum	TssL
T6CP015541	T6SS01240	NZ_CP033023	1436220	1437560	Agrobacterium fabrum	TssK
T6CP015542	T6SS01240	NZ_CP033023	1438760	1439764	Agrobacterium fabrum	TssG
T6CP015543	T6SS01240	NZ_CP033023	1439774	1441555	Agrobacterium fabrum	TssF
T6CP015544	T6SS01240	NZ_CP033023	1441548	1442057	Agrobacterium fabrum	TssE
T6CP015545	T6SS01240	NZ_CP033023	1442871	1444265	Agrobacterium fabrum	TssC
T6CP015546	T6SS01240	NZ_CP033023	1444320	1445801	Agrobacterium fabrum	TssC
T6CP015547	T6SS01240	NZ_CP033023	1445895	1446404	Agrobacterium fabrum	TssB
T6CP015548	T6SS01240	NZ_CP033023	1446470	1447525	Agrobacterium fabrum	TssA
T6CP015549	T6SS01240	NZ_CP033023	1447746	1450424	Agrobacterium fabrum	TssH
T6CP015550	T6SS01240	NZ_CP033023	1450482	1450958	Agrobacterium fabrum	TssD
T6CP015551	T6SS01240	NZ_CP033023	1451466	1451966	Agrobacterium fabrum	Tae4
T6CP015552	T6SS01240	NZ_CP033023	1451981	1454431	Agrobacterium fabrum	TssI
T6CP015553	T6SS01241	NZ_CP033032	1717106	1718506	Agrobacterium tumefaciens	TagF
T6CP015554	T6SS01241	NZ_CP033032	1718590	1722069	Agrobacterium tumefaciens	TssM
T6CP015555	T6SS01241	NZ_CP033032	1722066	1723568	Agrobacterium tumefaciens	TssL
T6CP015556	T6SS01241	NZ_CP033032	1723565	1724905	Agrobacterium tumefaciens	TssK
T6CP015557	T6SS01241	NZ_CP033032	1726105	1727109	Agrobacterium tumefaciens	TssG
T6CP015558	T6SS01241	NZ_CP033032	1727119	1728900	Agrobacterium tumefaciens	TssF
T6CP015559	T6SS01241	NZ_CP033032	1728893	1729402	Agrobacterium tumefaciens	TssE
T6CP015560	T6SS01241	NZ_CP033032	1730216	1731610	Agrobacterium tumefaciens	TssC
T6CP015561	T6SS01241	NZ_CP033032	1731667	1733148	Agrobacterium tumefaciens	TssC
T6CP015562	T6SS01241	NZ_CP033032	1733247	1733756	Agrobacterium tumefaciens	TssB
T6CP015563	T6SS01241	NZ_CP033032	1733825	1734877	Agrobacterium tumefaciens	TssA
T6CP015564	T6SS01241	NZ_CP033032	1735098	1737752	Agrobacterium tumefaciens	TssH
T6CP015565	T6SS01241	NZ_CP033032	1737810	1738286	Agrobacterium tumefaciens	TssD
T6CP015566	T6SS01241	NZ_CP033032	1738797	1739297	Agrobacterium tumefaciens	Tae4
T6CP015567	T6SS01241	NZ_CP033032	1739311	1741674	Agrobacterium tumefaciens	TssI
T6CP015568	T6SS01242	NZ_CP032922	2042910	2044322	Agrobacterium tumefaciens	TagF
T6CP015569	T6SS01242	NZ_CP032922	2044399	2047878	Agrobacterium tumefaciens	TssM
T6CP015570	T6SS01242	NZ_CP032922	2047875	2049386	Agrobacterium tumefaciens	TssL
T6CP015571	T6SS01242	NZ_CP032922	2049383	2050723	Agrobacterium tumefaciens	TssK
T6CP015572	T6SS01242	NZ_CP032922	2051923	2052927	Agrobacterium tumefaciens	TssG
T6CP015573	T6SS01242	NZ_CP032922	2052937	2054718	Agrobacterium tumefaciens	TssF
T6CP015574	T6SS01242	NZ_CP032922	2054711	2055220	Agrobacterium tumefaciens	TssE
T6CP015575	T6SS01242	NZ_CP032922	2056031	2057425	Agrobacterium tumefaciens	TssC
T6CP015576	T6SS01242	NZ_CP032922	2057481	2058962	Agrobacterium tumefaciens	TssC
T6CP015577	T6SS01242	NZ_CP032922	2059059	2059568	Agrobacterium tumefaciens	TssB
T6CP015578	T6SS01242	NZ_CP032922	2059634	2060689	Agrobacterium tumefaciens	TssA
T6CP015579	T6SS01242	NZ_CP032922	2060910	2063579	Agrobacterium tumefaciens	TssH
T6CP015580	T6SS01242	NZ_CP032922	2063637	2064113	Agrobacterium tumefaciens	TssD
T6CP015581	T6SS01242	NZ_CP032922	2064623	2065123	Agrobacterium tumefaciens	Tae4
T6CP015582	T6SS01242	NZ_CP032922	2065137	2067248	Agrobacterium tumefaciens	TssI
T6CP015583	T6SS01243	NZ_CP033035	1420086	1421501	Agrobacterium fabrum	TagF
T6CP015584	T6SS01243	NZ_CP033035	1421584	1425063	Agrobacterium fabrum	TssM
T6CP015585	T6SS01243	NZ_CP033035	1425060	1426565	Agrobacterium fabrum	TssL
T6CP015586	T6SS01243	NZ_CP033035	1426562	1427902	Agrobacterium fabrum	TssK
T6CP015587	T6SS01243	NZ_CP033035	1429102	1430106	Agrobacterium fabrum	TssG
T6CP015588	T6SS01243	NZ_CP033035	1430116	1431897	Agrobacterium fabrum	TssF
T6CP015589	T6SS01243	NZ_CP033035	1431890	1432399	Agrobacterium fabrum	TssE
T6CP015590	T6SS01243	NZ_CP033035	1433213	1434607	Agrobacterium fabrum	TssC
T6CP015591	T6SS01243	NZ_CP033035	1434662	1436143	Agrobacterium fabrum	TssC
T6CP015592	T6SS01243	NZ_CP033035	1436237	1436746	Agrobacterium fabrum	TssB
T6CP015593	T6SS01243	NZ_CP033035	1436812	1437867	Agrobacterium fabrum	TssA
T6CP015594	T6SS01243	NZ_CP033035	1438088	1440766	Agrobacterium fabrum	TssH
T6CP015595	T6SS01243	NZ_CP033035	1440824	1441300	Agrobacterium fabrum	TssD
T6CP015596	T6SS01243	NZ_CP033035	1441808	1442308	Agrobacterium fabrum	Tae4
T6CP015597	T6SS01243	NZ_CP033035	1442323	1444587	Agrobacterium fabrum	TssI
T6CP015598	T6SS01244	NZ_CP032927	1440614	1442014	Agrobacterium tumefaciens	TagF
T6CP015599	T6SS01244	NZ_CP032927	1442099	1445575	Agrobacterium tumefaciens	TssM
T6CP015600	T6SS01244	NZ_CP032927	1445572	1447074	Agrobacterium tumefaciens	TssL
T6CP015601	T6SS01244	NZ_CP032927	1447071	1448411	Agrobacterium tumefaciens	TssK
T6CP015602	T6SS01244	NZ_CP032927	1449611	1450615	Agrobacterium tumefaciens	TssG
T6CP015603	T6SS01244	NZ_CP032927	1450625	1452406	Agrobacterium tumefaciens	TssF
T6CP015604	T6SS01244	NZ_CP032927	1452399	1452908	Agrobacterium tumefaciens	TssE
T6CP015605	T6SS01244	NZ_CP032927	1453722	1455116	Agrobacterium tumefaciens	TssC
T6CP015606	T6SS01244	NZ_CP032927	1455173	1456654	Agrobacterium tumefaciens	TssC
T6CP015607	T6SS01244	NZ_CP032927	1456753	1457262	Agrobacterium tumefaciens	TssB
T6CP015608	T6SS01244	NZ_CP032927	1457330	1458382	Agrobacterium tumefaciens	TssA
T6CP015609	T6SS01244	NZ_CP032927	1458603	1461257	Agrobacterium tumefaciens	TssH
T6CP015610	T6SS01244	NZ_CP032927	1461315	1461791	Agrobacterium tumefaciens	TssD
T6CP015611	T6SS01244	NZ_CP032927	1462302	1462802	Agrobacterium tumefaciens	Tae4
T6CP015612	T6SS01244	NZ_CP032927	1462816	1465080	Agrobacterium tumefaciens	TssI
T6CP015613	T6SS01245	NZ_CP032918	1999377	2000789	Agrobacterium tumefaciens	TagF
T6CP015614	T6SS01245	NZ_CP032918	2000872	2004351	Agrobacterium tumefaciens	TssM
T6CP015615	T6SS01245	NZ_CP032918	2004348	2005859	Agrobacterium tumefaciens	TssL
T6CP015616	T6SS01245	NZ_CP032918	2005856	2007196	Agrobacterium tumefaciens	TssK
T6CP015617	T6SS01245	NZ_CP032918	2008396	2009400	Agrobacterium tumefaciens	TssG
T6CP015618	T6SS01245	NZ_CP032918	2009410	2011191	Agrobacterium tumefaciens	TssF
T6CP015619	T6SS01245	NZ_CP032918	2011184	2011693	Agrobacterium tumefaciens	TssE
T6CP015620	T6SS01245	NZ_CP032918	2012507	2013901	Agrobacterium tumefaciens	TssC
T6CP015621	T6SS01245	NZ_CP032918	2013957	2015438	Agrobacterium tumefaciens	TssC
T6CP015622	T6SS01245	NZ_CP032918	2015532	2016041	Agrobacterium tumefaciens	TssB
T6CP015623	T6SS01245	NZ_CP032918	2016107	2017162	Agrobacterium tumefaciens	TssA
T6CP015624	T6SS01245	NZ_CP032918	2017383	2020052	Agrobacterium tumefaciens	TssH
T6CP015625	T6SS01245	NZ_CP032918	2020110	2020586	Agrobacterium tumefaciens	TssD
T6CP015626	T6SS01245	NZ_CP032918	2021095	2021595	Agrobacterium tumefaciens	Tae4
T6CP015627	T6SS01245	NZ_CP032918	2021609	2023762	Agrobacterium tumefaciens	TssI
T6CP015628	T6SS01246	NZ_CP033028	2000609	2002021	Agrobacterium tumefaciens	TagF
T6CP015629	T6SS01246	NZ_CP033028	2002104	2005583	Agrobacterium tumefaciens	TssM
T6CP015630	T6SS01246	NZ_CP033028	2005580	2007091	Agrobacterium tumefaciens	TssL
T6CP015631	T6SS01246	NZ_CP033028	2007088	2008428	Agrobacterium tumefaciens	TssK
T6CP015632	T6SS01246	NZ_CP033028	2009628	2010632	Agrobacterium tumefaciens	TssG
T6CP015633	T6SS01246	NZ_CP033028	2010642	2012423	Agrobacterium tumefaciens	TssF
T6CP015634	T6SS01246	NZ_CP033028	2012416	2012925	Agrobacterium tumefaciens	TssE
T6CP015635	T6SS01246	NZ_CP033028	2013739	2015133	Agrobacterium tumefaciens	TssC
T6CP015636	T6SS01246	NZ_CP033028	2015189	2016670	Agrobacterium tumefaciens	TssC
T6CP015637	T6SS01246	NZ_CP033028	2016764	2017273	Agrobacterium tumefaciens	TssB
T6CP015638	T6SS01246	NZ_CP033028	2017339	2018394	Agrobacterium tumefaciens	TssA
T6CP015639	T6SS01246	NZ_CP033028	2018615	2021284	Agrobacterium tumefaciens	TssH
T6CP015640	T6SS01246	NZ_CP033028	2021342	2021818	Agrobacterium tumefaciens	TssD
T6CP015641	T6SS01246	NZ_CP033028	2022327	2022827	Agrobacterium tumefaciens	Tae4
T6CP015642	T6SS01246	NZ_CP033028	2022841	2024994	Agrobacterium tumefaciens	TssI
T6CP015643	T6SS01247	NZ_JTGR01000038	206703	208226	Vibrio parahaemolyticus	PAAR
T6CP015644	T6SS01247	NZ_JTGR01000038	208376	209167	Vibrio parahaemolyticus	TssL
T6CP015645	T6SS01247	NZ_JTGR01000038	209164	210489	Vibrio parahaemolyticus	TssK
T6CP015646	T6SS01247	NZ_JTGR01000038	210501	211001	Vibrio parahaemolyticus	TssJ
T6CP015647	T6SS01247	NZ_JTGR01000038	210994	212508	Vibrio parahaemolyticus	TagH
T6CP015648	T6SS01247	NZ_JTGR01000038	213637	214932	Vibrio parahaemolyticus	TagA
T6CP015649	T6SS01247	NZ_JTGR01000038	214954	218343	Vibrio parahaemolyticus	TssM
T6CP015650	T6SS01247	NZ_JTGR01000038	218892	219890	Vibrio parahaemolyticus	TssG
T6CP015651	T6SS01247	NZ_JTGR01000038	219887	221635	Vibrio parahaemolyticus	TssF
T6CP015652	T6SS01247	NZ_JTGR01000038	221646	222056	Vibrio parahaemolyticus	TssE
T6CP015653	T6SS01247	NZ_JTGR01000038	222118	223593	Vibrio parahaemolyticus	TssC
T6CP015654	T6SS01247	NZ_JTGR01000038	223602	224108	Vibrio parahaemolyticus	TssB
T6CP015655	T6SS01247	NZ_JTGR01000038	224135	225709	Vibrio parahaemolyticus	TssA
T6CP015656	T6SS01247	NZ_JTGR01000038	225709	227712	Vibrio parahaemolyticus	TagE
T6CP015657	T6SS01247	NZ_JTGR01000038	231739	233817	Vibrio parahaemolyticus	TssI
T6CP015658	T6SS01247	NZ_JTGR01000038	233890	234408	Vibrio parahaemolyticus	TssD
T6CP015659	T6SS01247	NZ_JTGR01000038	234863	237535	Vibrio parahaemolyticus	TssH
T6CP015661	T6SS01250	NZ_NNJE01000049	2540	3505	Vibrio parahaemolyticus	TssG
T6CP015662	T6SS01250	NZ_NNJE01000049	3502	5325	Vibrio parahaemolyticus	TssF
T6CP015663	T6SS01250	NZ_NNJE01000049	5322	5786	Vibrio parahaemolyticus	TssE
T6CP015664	T6SS01250	NZ_NNJE01000049	6603	8114	Vibrio parahaemolyticus	TssC
T6CP015665	T6SS01250	NZ_NNJE01000049	8170	9663	Vibrio parahaemolyticus	TssC
T6CP015666	T6SS01250	NZ_NNJE01000049	9663	10193	Vibrio parahaemolyticus	TssB
T6CP015667	T6SS01250	NZ_NNJE01000049	10209	11330	Vibrio parahaemolyticus	TssA
T6CP015668	T6SS01250	NZ_NNJE01000049	12126	12821	Vibrio parahaemolyticus	TagF
T6CP015669	T6SS01250	NZ_NNJE01000049	12803	16321	Vibrio parahaemolyticus	TssM
T6CP015670	T6SS01250	NZ_NNJE01000049	16337	17629	Vibrio parahaemolyticus	TssL
T6CP015671	T6SS01250	NZ_NNJE01000049	17641	18966	Vibrio parahaemolyticus	TssK
T6CP015672	T6SS01250	NZ_NNJE01000049	18988	19443	Vibrio parahaemolyticus	TssJ
T6CP015673	T6SS01250	NZ_NNJE01000049	19453	20649	Vibrio parahaemolyticus	TagH
T6CP015674	T6SS01251	NZ_NNJE01000075	1500	4889	Vibrio parahaemolyticus	TssM
T6CP015675	T6SS01251	NZ_NNJE01000075	5438	6436	Vibrio parahaemolyticus	TssG
T6CP015676	T6SS01251	NZ_NNJE01000075	6433	8181	Vibrio parahaemolyticus	TssF
T6CP015677	T6SS01251	NZ_NNJE01000075	8192	8602	Vibrio parahaemolyticus	TssE
T6CP015678	T6SS01251	NZ_NNJE01000075	8664	10139	Vibrio parahaemolyticus	TssC
T6CP015679	T6SS01251	NZ_NNJE01000075	10148	10654	Vibrio parahaemolyticus	TssB
T6CP015680	T6SS01251	NZ_NNJE01000075	10681	12255	Vibrio parahaemolyticus	TssA
T6CP015681	T6SS01251	NZ_NNJE01000075	18285	20363	Vibrio parahaemolyticus	TssI
T6CP015682	T6SS01251	NZ_NNJE01000075	20436	20954	Vibrio parahaemolyticus	TssD
T6CP015683	T6SS01252	NZ_NNQJ01000119	69	524	Vibrio parahaemolyticus	TssJ
T6CP015684	T6SS01252	NZ_NNQJ01000119	546	1871	Vibrio parahaemolyticus	TssK
T6CP015685	T6SS01252	NZ_NNQJ01000119	1883	3175	Vibrio parahaemolyticus	TssL
T6CP015686	T6SS01252	NZ_NNQJ01000119	3191	6709	Vibrio parahaemolyticus	TssM
T6CP015687	T6SS01252	NZ_NNQJ01000119	6691	7386	Vibrio parahaemolyticus	TagF
T6CP015688	T6SS01252	NZ_NNQJ01000119	8182	9303	Vibrio parahaemolyticus	TssA
T6CP015689	T6SS01252	NZ_NNQJ01000119	9319	9849	Vibrio parahaemolyticus	TssB
T6CP015690	T6SS01252	NZ_NNQJ01000119	9849	11342	Vibrio parahaemolyticus	TssC
T6CP015691	T6SS01252	NZ_NNQJ01000119	11398	12909	Vibrio parahaemolyticus	TssC
T6CP015692	T6SS01252	NZ_NNQJ01000119	13726	14190	Vibrio parahaemolyticus	TssE
T6CP015693	T6SS01252	NZ_NNQJ01000119	14187	16010	Vibrio parahaemolyticus	TssF
T6CP015694	T6SS01252	NZ_NNQJ01000119	16007	16972	Vibrio parahaemolyticus	TssG
T6CP015696	T6SS01253	NZ_MYFF01000494	7384	9219	Vibrio parahaemolyticus	TssI
T6CP015697	T6SS01253	NZ_MYFF01000494	9277	9756	Vibrio parahaemolyticus	TssD
T6CP015698	T6SS01253	NZ_MYFF01000494	9962	12529	Vibrio parahaemolyticus	TssH
T6CP015699	T6SS01253	NZ_MYFF01000494	12540	13505	Vibrio parahaemolyticus	TssG
T6CP015700	T6SS01253	NZ_MYFF01000494	13502	15325	Vibrio parahaemolyticus	TssF
T6CP015701	T6SS01253	NZ_MYFF01000494	15322	15786	Vibrio parahaemolyticus	TssE
T6CP015702	T6SS01253	NZ_MYFF01000494	16603	18114	Vibrio parahaemolyticus	TssC
T6CP015703	T6SS01253	NZ_MYFF01000494	18170	19663	Vibrio parahaemolyticus	TssC
T6CP015704	T6SS01253	NZ_MYFF01000494	19663	20193	Vibrio parahaemolyticus	TssB
T6CP015705	T6SS01253	NZ_MYFF01000494	20209	21330	Vibrio parahaemolyticus	TssA
T6CP015706	T6SS01253	NZ_MYFF01000494	22126	22821	Vibrio parahaemolyticus	TagF
T6CP015707	T6SS01253	NZ_MYFF01000494	22803	26321	Vibrio parahaemolyticus	TssM
T6CP015708	T6SS01253	NZ_MYFF01000494	26337	27629	Vibrio parahaemolyticus	TssL
T6CP015709	T6SS01253	NZ_MYFF01000494	27641	28966	Vibrio parahaemolyticus	TssK
T6CP015710	T6SS01253	NZ_MYFF01000494	28988	29443	Vibrio parahaemolyticus	TssJ
T6CP015711	T6SS01253	NZ_MYFF01000494	29453	30649	Vibrio parahaemolyticus	TagH
T6CP015712	T6SS01254	NZ_MYFF01000478	10921	13599	Vibrio parahaemolyticus	TssH
T6CP015713	T6SS01254	NZ_MYFF01000478	14054	14572	Vibrio parahaemolyticus	TssD
T6CP015714	T6SS01254	NZ_MYFF01000478	14645	16723	Vibrio parahaemolyticus	TssI
T6CP015715	T6SS01254	NZ_MYFF01000478	22753	24327	Vibrio parahaemolyticus	TssA
T6CP015716	T6SS01254	NZ_MYFF01000478	24354	24860	Vibrio parahaemolyticus	TssB
T6CP015717	T6SS01254	NZ_MYFF01000478	24869	26344	Vibrio parahaemolyticus	TssC
T6CP015718	T6SS01254	NZ_MYFF01000478	26406	26816	Vibrio parahaemolyticus	TssE
T6CP015719	T6SS01254	NZ_MYFF01000478	26827	28575	Vibrio parahaemolyticus	TssF
T6CP015720	T6SS01254	NZ_MYFF01000478	28572	29570	Vibrio parahaemolyticus	TssG
T6CP015721	T6SS01254	NZ_MYFF01000478	30119	33508	Vibrio parahaemolyticus	TssM
T6CP015722	T6SS01258	NC_021290	1311382	1311900	Aeromonas hydrophila ML09-119	TssD
T6CP015723	T6SS01258	NC_021290	1312385	1315165	Aeromonas hydrophila ML09-119	TssI
T6CP015724	T6SS01259	NC_021290	2201982	2202500	Aeromonas hydrophila ML09-119	TssD
T6CP015725	T6SS01259	NC_021290	2202778	2204826	Aeromonas hydrophila ML09-119	TssI
T6CP015726	T6SS01261	NC_021911	489772	491139	Rhizobium etli bv. mimosae str. Mim1	TagF
T6CP015727	T6SS01261	NC_021911	491148	494624	Rhizobium etli bv. mimosae str. Mim1	TssM
T6CP015728	T6SS01261	NC_021911	494624	496162	Rhizobium etli bv. mimosae str. Mim1	TssL
T6CP015729	T6SS01261	NC_021911	496159	497499	Rhizobium etli bv. mimosae str. Mim1	TssK
T6CP015730	T6SS01261	NC_021911	498684	499685	Rhizobium etli bv. mimosae str. Mim1	TssG
T6CP015731	T6SS01261	NC_021911	499706	501487	Rhizobium etli bv. mimosae str. Mim1	TssF
T6CP015732	T6SS01261	NC_021911	501480	501989	Rhizobium etli bv. mimosae str. Mim1	TssE
T6CP015733	T6SS01261	NC_021911	502809	504197	Rhizobium etli bv. mimosae str. Mim1	TssC
T6CP015734	T6SS01261	NC_021911	504268	505749	Rhizobium etli bv. mimosae str. Mim1	TssC
T6CP015735	T6SS01261	NC_021911	505879	506403	Rhizobium etli bv. mimosae str. Mim1	TssB
T6CP015736	T6SS01261	NC_021911	506486	507628	Rhizobium etli bv. mimosae str. Mim1	TssA
T6CP015737	T6SS01261	NC_021911	507781	510540	Rhizobium etli bv. mimosae str. Mim1	TssH
T6CP015738	T6SS01261	NC_021911	510582	511058	Rhizobium etli bv. mimosae str. Mim1	TssD
T6CP015739	T6SS01261	NC_021911	513253	515517	Rhizobium etli bv. mimosae str. Mim1	TssI
T6CP259643	T6SS01262	NZ_MYFG01000475	22753	24327	Vibrio parahaemolyticus	TssA
T6CP259644	T6SS01262	NZ_MYFG01000475	24354	24860	Vibrio parahaemolyticus	TssB
T6CP259645	T6SS01262	NZ_MYFG01000475	24869	26344	Vibrio parahaemolyticus	TssC
T6CP259646	T6SS01262	NZ_MYFG01000475	26406	26816	Vibrio parahaemolyticus	TssE
T6CP259647	T6SS01262	NZ_MYFG01000475	26827	28575	Vibrio parahaemolyticus	TssF
T6CP259648	T6SS01262	NZ_MYFG01000475	28572	29570	Vibrio parahaemolyticus	TssG
T6CP259649	T6SS01262	NZ_MYFG01000475	30119	33508	Vibrio parahaemolyticus	TssM
T6CP259650	T6SS01262	NZ_MYFG01000475	33530	34825	Vibrio parahaemolyticus	TssA
T6CP259651	T6SS01262	NZ_MYFG01000475	37461	37961	Vibrio parahaemolyticus	TssJ
T6CP259652	T6SS01262	NZ_MYFG01000475	37973	39298	Vibrio parahaemolyticus	TssK
T6CP259653	T6SS01262	NZ_MYFG01000475	39295	40086	Vibrio parahaemolyticus	TssL
T6CP015741	T6SS01264	NZ_JWLO01000001	563798	565726	Serratia marcescens	TssI
T6CP015742	T6SS01264	NZ_JWLO01000001	567351	570005	Serratia marcescens	TssH
T6CP015743	T6SS01264	NZ_JWLO01000001	570062	571132	Serratia marcescens	TssG
T6CP015744	T6SS01264	NZ_JWLO01000001	571129	573015	Serratia marcescens	TssF
T6CP015745	T6SS01264	NZ_JWLO01000001	573020	573595	Serratia marcescens	TssE
T6CP015746	T6SS01264	NZ_JWLO01000001	573598	574401	Serratia marcescens	TagJ
T6CP015747	T6SS01264	NZ_JWLO01000001	576223	577953	Serratia marcescens	TagH
T6CP015748	T6SS01264	NZ_JWLO01000001	579969	580451	Serratia marcescens	TssD
T6CP015749	T6SS01264	NZ_JWLO01000001	581689	583194	Serratia marcescens	TssC
T6CP015750	T6SS01264	NZ_JWLO01000001	583198	583734	Serratia marcescens	TssB
T6CP015751	T6SS01264	NZ_JWLO01000001	583856	584887	Serratia marcescens	TssA
T6CP015752	T6SS01264	NZ_JWLO01000001	584911	585630	Serratia marcescens	TagF
T6CP015753	T6SS01264	NZ_JWLO01000001	585649	589284	Serratia marcescens	TssM
T6CP015754	T6SS01264	NZ_JWLO01000001	589284	590486	Serratia marcescens	TssL
T6CP015755	T6SS01264	NZ_JWLO01000001	590508	591854	Serratia marcescens	TssK
T6CP015756	T6SS01264	NZ_JWLO01000001	591895	592425	Serratia marcescens	TssJ
T6CP015757	T6SS01264	NZ_JWLO01000001	598864	601203	Serratia marcescens	TssI
T6CP015758	T6SS01265	AYPW01000191	2	343	Burkholderia glumae 336gr-1	TssB
T6CP015759	T6SS01265	AYPW01000191	358	1848	Burkholderia glumae 336gr-1	TssC
T6CP015760	T6SS01265	AYPW01000191	1926	2429	Burkholderia glumae 336gr-1	TssD
T6CP015761	T6SS01265	AYPW01000191	2507	2989	Burkholderia glumae 336gr-1	TssE
T6CP015762	T6SS01265	AYPW01000191	3082	4920	Burkholderia glumae 336gr-1	TssF
T6CP015763	T6SS01265	AYPW01000191	4884	5981	Burkholderia glumae 336gr-1	TssG
T6CP015764	T6SS01265	AYPW01000191	6047	8161	Burkholderia glumae 336gr-1	TssH
T6CP015825	T6SS01273	NZ_CP064352	850912	852252	Klebsiella pneumoniae subsp. pneumoniae ATCC 43816	TssK
T6CP015826	T6SS01273	NZ_CP064352	852249	852902	Klebsiella pneumoniae subsp. pneumoniae ATCC 43816	TssL
T6CP015827	T6SS01273	NZ_CP064352	855062	857761	Klebsiella pneumoniae subsp. pneumoniae ATCC 43816	TssI
T6CP015828	T6SS01273	NZ_CP064352	870661	874056	Klebsiella pneumoniae subsp. pneumoniae ATCC 43816	VasK
T6CP015829	T6SS01273	NZ_CP064352	874190	875953	Klebsiella pneumoniae subsp. pneumoniae ATCC 43816	TssF
T6CP015830	T6SS01273	NZ_CP064352	875983	876999	Klebsiella pneumoniae subsp. pneumoniae ATCC 43816	TssG
T6CP015831	T6SS01273	NZ_CP064352	876980	877516	Klebsiella pneumoniae subsp. pneumoniae ATCC 43816	TssJ
T6CP015832	T6SS01273	NZ_CP064352	877519	877962	Klebsiella pneumoniae subsp. pneumoniae ATCC 43816	TssE
T6CP015833	T6SS01273	NZ_CP064352	877982	879397	Klebsiella pneumoniae subsp. pneumoniae ATCC 43816	TssA
T6CP015834	T6SS01274	NZ_CP064352	1759057	1759599	Klebsiella pneumoniae subsp. pneumoniae ATCC 43816	TssJ
T6CP015835	T6SS01274	NZ_CP064352	1759577	1760662	Klebsiella pneumoniae subsp. pneumoniae ATCC 43816	TssG
T6CP015836	T6SS01274	NZ_CP064352	1760626	1762380	Klebsiella pneumoniae subsp. pneumoniae ATCC 43816	TssF
T6CP015837	T6SS01274	NZ_CP064352	1762460	1764052	Klebsiella pneumoniae subsp. pneumoniae ATCC 43816	TssA
T6CP015838	T6SS01274	NZ_CP064352	1764049	1767498	Klebsiella pneumoniae subsp. pneumoniae ATCC 43816	VasK
T6CP015839	T6SS01274	NZ_CP064352	1767488	1768669	Klebsiella pneumoniae subsp. pneumoniae ATCC 43816	TssI
T6CP015840	T6SS01274	NZ_CP064352	1775010	1777664	Klebsiella pneumoniae subsp. pneumoniae ATCC 43816	TssH
T6CP015841	T6SS01274	NZ_CP064352	1777929	1778420	Klebsiella pneumoniae subsp. pneumoniae ATCC 43816	TssD
T6CP015842	T6SS01274	NZ_CP064352	1780128	1780817	Klebsiella pneumoniae subsp. pneumoniae ATCC 43816	TssL
T6CP015843	T6SS01274	NZ_CP064352	1780814	1782157	Klebsiella pneumoniae subsp. pneumoniae ATCC 43816	TssK
T6CP015845	T6SS01274	NZ_CP064352	1783754	1784245	Klebsiella pneumoniae subsp. pneumoniae ATCC 43816	TssB
T6CP015846	T6SS01275	NZ_JJOC02000004	536657	537463	Acinetobacter baumannii	TssL
T6CP015847	T6SS01275	NZ_JJOC02000004	537481	538845	Acinetobacter baumannii	TssK
T6CP015848	T6SS01275	NZ_JJOC02000004	538862	539956	Acinetobacter baumannii	TssA
T6CP015849	T6SS01275	NZ_JJOC02000004	539980	542661	Acinetobacter baumannii	TssH
T6CP015850	T6SS01275	NZ_JJOC02000004	543931	544890	Acinetobacter baumannii	TagF
T6CP015851	T6SS01275	NZ_JJOC02000004	544928	548752	Acinetobacter baumannii	TssM
T6CP015852	T6SS01275	NZ_JJOC02000004	550192	551190	Acinetobacter baumannii	TssK
T6CP015853	T6SS01275	NZ_JJOC02000004	551154	552965	Acinetobacter baumannii	TssF
T6CP015854	T6SS01275	NZ_JJOC02000004	552982	553458	Acinetobacter baumannii	TssE
T6CP015855	T6SS01275	NZ_JJOC02000004	553538	554041	Acinetobacter baumannii	TssD
T6CP015856	T6SS01275	NZ_JJOC02000004	554091	555572	Acinetobacter baumannii	TssC
T6CP015857	T6SS01275	NZ_JJOC02000004	555565	556068	Acinetobacter baumannii	TssB
T6CP015858	T6SS01276	NZ_LAUA01000004	63074	67018	Burkholderia cenocepacia	TssM
T6CP015859	T6SS01276	NZ_LAUA01000004	67015	68004	Burkholderia cenocepacia	TagF
T6CP015860	T6SS01276	NZ_LAUA01000004	69053	70174	Burkholderia cenocepacia	TssA
T6CP015861	T6SS01276	NZ_LAUA01000004	70219	72888	Burkholderia cenocepacia	TssH
T6CP015862	T6SS01276	NZ_LAUA01000004	72930	74030	Burkholderia cenocepacia	TssG
T6CP015863	T6SS01276	NZ_LAUA01000004	73994	75829	Burkholderia cenocepacia	TssF
T6CP015864	T6SS01276	NZ_LAUA01000004	75906	76391	Burkholderia cenocepacia	TssE
T6CP015865	T6SS01276	NZ_LAUA01000004	76454	76957	Burkholderia cenocepacia	TssD
T6CP015866	T6SS01276	NZ_LAUA01000004	77028	78518	Burkholderia cenocepacia	TssC
T6CP015867	T6SS01276	NZ_LAUA01000004	78534	79049	Burkholderia cenocepacia	TssB
T6CP015868	T6SS01276	NZ_LAUA01000004	80109	80708	Burkholderia cenocepacia	TssJ
T6CP015869	T6SS01276	NZ_LAUA01000004	80814	82160	Burkholderia cenocepacia	TssK
T6CP015870	T6SS01276	NZ_LAUA01000004	82157	82939	Burkholderia cenocepacia	TssL
T6CP015871	T6SS01277	NZ_SJSX01000002	747470	750991	Aliivibrio fischeri	TssM
T6CP015872	T6SS01277	NZ_SJSX01000002	751002	751835	Aliivibrio fischeri	TssL
T6CP015873	T6SS01277	NZ_SJSX01000002	751837	753159	Aliivibrio fischeri	TssK
T6CP015874	T6SS01277	NZ_SJSX01000002	753171	753662	Aliivibrio fischeri	TssJ
T6CP015875	T6SS01277	NZ_SJSX01000002	753699	755009	Aliivibrio fischeri	TagH
T6CP015876	T6SS01277	NZ_SJSX01000002	756718	759300	Aliivibrio fischeri	TssH
T6CP015877	T6SS01277	NZ_SJSX01000002	759297	760337	Aliivibrio fischeri	TssG
T6CP015878	T6SS01277	NZ_SJSX01000002	760301	762052	Aliivibrio fischeri	TssF
T6CP015879	T6SS01277	NZ_SJSX01000002	762049	762474	Aliivibrio fischeri	TssE
T6CP015880	T6SS01277	NZ_SJSX01000002	762564	764039	Aliivibrio fischeri	TssC
T6CP015881	T6SS01277	NZ_SJSX01000002	764043	764543	Aliivibrio fischeri	TssB
T6CP015882	T6SS01277	NZ_SJSX01000002	764559	766109	Aliivibrio fischeri	TssA
T6CP015883	T6SS01278	NZ_SJSX01000004	316834	317334	Aliivibrio fischeri	TssJ
T6CP015884	T6SS01278	NZ_SJSX01000004	317346	318671	Aliivibrio fischeri	TssK
T6CP015885	T6SS01278	NZ_SJSX01000004	318668	319459	Aliivibrio fischeri	TssL
T6CP015886	T6SS01278	NZ_SJSX01000004	335568	338966	Aliivibrio fischeri	TssM
T6CP015887	T6SS01278	NZ_SJSX01000004	339523	340521	Aliivibrio fischeri	TssG
T6CP015888	T6SS01278	NZ_SJSX01000004	340518	342266	Aliivibrio fischeri	TssF
T6CP015889	T6SS01278	NZ_SJSX01000004	342279	342689	Aliivibrio fischeri	TssE
T6CP015890	T6SS01278	NZ_SJSX01000004	342749	344227	Aliivibrio fischeri	TssC
T6CP015891	T6SS01278	NZ_SJSX01000004	344236	344745	Aliivibrio fischeri	TssB
T6CP015892	T6SS01278	NZ_SJSX01000004	344804	346363	Aliivibrio fischeri	TssA
T6CP015893	T6SS01278	NZ_SJSX01000004	352218	354296	Aliivibrio fischeri	TssI
T6CP015894	T6SS01278	NZ_SJSX01000004	354366	354884	Aliivibrio fischeri	TssD
T6CP015895	T6SS01278	NZ_SJSX01000004	355350	358016	Aliivibrio fischeri	TssH
T6CP015896	T6SS01280	NZ_CP048693	2761384	2763366	Vibrio coralliilyticus OCN008	TssI
T6CP015897	T6SS01280	NZ_CP048693	2764636	2766039	Vibrio coralliilyticus OCN008	TssA
T6CP015898	T6SS01280	NZ_CP048693	2766074	2766595	Vibrio coralliilyticus OCN008	TssD
T6CP015899	T6SS01280	NZ_CP048693	2766615	2767121	Vibrio coralliilyticus OCN008	TssB
T6CP015900	T6SS01280	NZ_CP048693	2767118	2768596	Vibrio coralliilyticus OCN008	TssC
T6CP015901	T6SS01280	NZ_CP048693	2770052	2770474	Vibrio coralliilyticus OCN008	TssE
T6CP015902	T6SS01280	NZ_CP048693	2770467	2772218	Vibrio coralliilyticus OCN008	TssF
T6CP015903	T6SS01280	NZ_CP048693	2772239	2773168	Vibrio coralliilyticus OCN008	TssG
T6CP015904	T6SS01280	NZ_CP048693	2773243	2775855	Vibrio coralliilyticus OCN008	TssH
T6CP015905	T6SS01280	NZ_CP048693	2781080	2781562	Vibrio coralliilyticus OCN008	TssJ
T6CP015906	T6SS01280	NZ_CP048693	2781583	2782914	Vibrio coralliilyticus OCN008	TssK
T6CP015907	T6SS01280	NZ_CP048693	2782920	2784125	Vibrio coralliilyticus OCN008	TssL
T6CP015908	T6SS01280	NZ_CP048693	2784128	2787511	Vibrio coralliilyticus OCN008	TssM
T6CP015909	T6SS01281	NZ_CP048694	1627613	1630285	Vibrio coralliilyticus OCN008	TssH
T6CP015910	T6SS01281	NZ_CP048694	1630748	1631266	Vibrio coralliilyticus OCN008	TssD
T6CP015911	T6SS01281	NZ_CP048694	1631338	1633416	Vibrio coralliilyticus OCN008	TssI
T6CP015912	T6SS01281	NZ_CP048694	1639364	1640929	Vibrio coralliilyticus OCN008	TssA
T6CP015913	T6SS01281	NZ_CP048694	1640957	1641466	Vibrio coralliilyticus OCN008	TssB
T6CP015914	T6SS01281	NZ_CP048694	1641476	1642951	Vibrio coralliilyticus OCN008	TssC
T6CP015915	T6SS01281	NZ_CP048694	1643015	1643425	Vibrio coralliilyticus OCN008	TssE
T6CP015916	T6SS01281	NZ_CP048694	1643444	1645192	Vibrio coralliilyticus OCN008	TssF
T6CP015917	T6SS01281	NZ_CP048694	1645189	1646187	Vibrio coralliilyticus OCN008	TssG
T6CP015918	T6SS01281	NZ_CP048694	1646746	1650141	Vibrio coralliilyticus OCN008	TssM
T6CP015919	T6SS01281	NZ_CP048694	1650144	1651451	Vibrio coralliilyticus OCN008	TssA
T6CP015920	T6SS01281	NZ_CP048694	1652595	1653980	Vibrio coralliilyticus OCN008	TagH
T6CP015921	T6SS01281	NZ_CP048694	1653973	1654473	Vibrio coralliilyticus OCN008	TssJ
T6CP015922	T6SS01281	NZ_CP048694	1654485	1655810	Vibrio coralliilyticus OCN008	TssK
T6CP015923	T6SS01281	NZ_CP048694	1655807	1656598	Vibrio coralliilyticus OCN008	TssL
T6CP015924	T6SS01282	NZ_JZLI01000006	149587	152196	Kosakonia oryzae	TssI
T6CP015925	T6SS01282	NZ_JZLI01000006	162910	165141	Kosakonia oryzae	TssI
T6CP015926	T6SS01282	NZ_JZLI01000006	167221	169839	Kosakonia oryzae	TssH
T6CP015927	T6SS01282	NZ_JZLI01000006	169953	170996	Kosakonia oryzae	TssG
T6CP015928	T6SS01282	NZ_JZLI01000006	170993	172864	Kosakonia oryzae	TssF
T6CP015929	T6SS01282	NZ_JZLI01000006	172867	173436	Kosakonia oryzae	TssE
T6CP015930	T6SS01282	NZ_JZLI01000006	176052	177857	Kosakonia oryzae	TagH
T6CP015931	T6SS01282	NZ_JZLI01000006	180757	181239	Kosakonia oryzae	TssD
T6CP015932	T6SS01282	NZ_JZLI01000006	182428	183930	Kosakonia oryzae	TssC
T6CP015933	T6SS01282	NZ_JZLI01000006	183934	184458	Kosakonia oryzae	TssB
T6CP015934	T6SS01282	NZ_JZLI01000006	184533	185546	Kosakonia oryzae	TssA
T6CP015935	T6SS01282	NZ_JZLI01000006	185558	186268	Kosakonia oryzae	TagF
T6CP015936	T6SS01282	NZ_JZLI01000006	186287	189898	Kosakonia oryzae	TssM
T6CP015937	T6SS01282	NZ_JZLI01000006	189902	191140	Kosakonia oryzae	TssL
T6CP015938	T6SS01282	NZ_JZLI01000006	191158	192501	Kosakonia oryzae	TssK
T6CP015939	T6SS01282	NZ_JZLI01000006	192526	193032	Kosakonia oryzae	TssJ
T6CP015940	T6SS01283	NZ_JZLI01000015	107454	107951	Kosakonia oryzae	TssB
T6CP015941	T6SS01283	NZ_JZLI01000015	107984	109531	Kosakonia oryzae	TssC
T6CP015943	T6SS01283	NZ_JZLI01000015	112462	113949	Kosakonia oryzae	TssI
T6CP015944	T6SS01283	NZ_JZLI01000015	118544	118993	Kosakonia oryzae	TssE
T6CP015945	T6SS01283	NZ_JZLI01000015	119369	120808	Kosakonia oryzae	TssA
T6CP015988	T6SS01289	NZ_MOLL01000005	54064	56994	Vibrio cholerae	TssI
T6CP015989	T6SS01289	NZ_MOLL01000005	57247	58509	Vibrio cholerae	TssA
T6CP015990	T6SS01289	NZ_MOLL01000005	58560	62060	Vibrio cholerae	TssM
T6CP015991	T6SS01289	NZ_MOLL01000005	62121	63530	Vibrio cholerae	TssA
T6CP015992	T6SS01289	NZ_MOLL01000005	65788	68403	Vibrio cholerae	TssH
T6CP015993	T6SS01289	NZ_MOLL01000005	68429	69202	Vibrio cholerae	TssL
T6CP015994	T6SS01289	NZ_MOLL01000005	69205	70539	Vibrio cholerae	TssK
T6CP015995	T6SS01289	NZ_MOLL01000005	70546	71022	Vibrio cholerae	TssJ
T6CP015996	T6SS01289	NZ_MOLL01000005	71025	72509	Vibrio cholerae	TagH
T6CP015997	T6SS01289	NZ_MOLL01000005	72512	73528	Vibrio cholerae	TssG
T6CP015998	T6SS01289	NZ_MOLL01000005	73492	75261	Vibrio cholerae	TssF
T6CP015999	T6SS01289	NZ_MOLL01000005	75267	75704	Vibrio cholerae	TssE
T6CP016000	T6SS01289	NZ_MOLL01000005	75707	77182	Vibrio cholerae	TssC
T6CP016001	T6SS01289	NZ_MOLL01000005	77226	77732	Vibrio cholerae	TssB
T6CP016002	T6SS01290	NZ_MOLM01000011	74535	75041	Vibrio cholerae	TssB
T6CP016003	T6SS01290	NZ_MOLM01000011	75085	76560	Vibrio cholerae	TssC
T6CP016004	T6SS01290	NZ_MOLM01000011	76563	77000	Vibrio cholerae	TssE
T6CP016005	T6SS01290	NZ_MOLM01000011	77006	78775	Vibrio cholerae	TssF
T6CP016006	T6SS01290	NZ_MOLM01000011	78739	79755	Vibrio cholerae	TssG
T6CP016007	T6SS01290	NZ_MOLM01000011	79758	81242	Vibrio cholerae	TagH
T6CP016008	T6SS01290	NZ_MOLM01000011	81245	81721	Vibrio cholerae	TssJ
T6CP016009	T6SS01290	NZ_MOLM01000011	81728	83062	Vibrio cholerae	TssK
T6CP016010	T6SS01290	NZ_MOLM01000011	83065	83838	Vibrio cholerae	TssL
T6CP016011	T6SS01290	NZ_MOLM01000011	83864	86473	Vibrio cholerae	TssH
T6CP016012	T6SS01290	NZ_MOLM01000011	88731	90137	Vibrio cholerae	TssA
T6CP016013	T6SS01290	NZ_MOLM01000011	90198	93698	Vibrio cholerae	TssM
T6CP016014	T6SS01290	NZ_MOLM01000011	93749	95011	Vibrio cholerae	TssA
T6CP016015	T6SS01290	NZ_MOLM01000011	95264	98377	Vibrio cholerae	TssI
T6CP016016	T6SS01291	NZ_MTFW01000011	10531	11586	Salmonella enterica subsp. enterica serovar Typhimurium	TssA
T6CP016017	T6SS01291	NZ_MTFW01000011	11597	12592	Salmonella enterica subsp. enterica serovar Typhimurium	TssG
T6CP016018	T6SS01291	NZ_MTFW01000011	12589	14472	Salmonella enterica subsp. enterica serovar Typhimurium	TssF
T6CP016019	T6SS01291	NZ_MTFW01000011	14488	14982	Salmonella enterica subsp. enterica serovar Typhimurium	TssE
T6CP016020	T6SS01291	NZ_MTFW01000011	17060	19699	Salmonella enterica subsp. enterica serovar Typhimurium	TssH
T6CP016021	T6SS01291	NZ_MTFW01000011	19799	20341	Salmonella enterica subsp. enterica serovar Typhimurium	TssB
T6CP016022	T6SS01291	NZ_MTFW01000011	20365	21858	Salmonella enterica subsp. enterica serovar Typhimurium	TssC
T6CP016023	T6SS01291	NZ_MTFW01000011	22744	23229	Salmonella enterica subsp. enterica serovar Typhimurium	TssD
T6CP016024	T6SS01291	NZ_MTFW01000011	24530	25015	Salmonella enterica subsp. enterica serovar Typhimurium	TssD
T6CP016025	T6SS01291	NZ_MTFW01000011	25082	25618	Salmonella enterica subsp. enterica serovar Typhimurium	TssJ
T6CP016026	T6SS01291	NZ_MTFW01000011	25622	26965	Salmonella enterica subsp. enterica serovar Typhimurium	TssK
T6CP016027	T6SS01291	NZ_MTFW01000011	26962	28266	Salmonella enterica subsp. enterica serovar Typhimurium	TssL
T6CP016028	T6SS01291	NZ_MTFW01000011	29712	33581	Salmonella enterica subsp. enterica serovar Typhimurium	TssM
T6CP016029	T6SS01291	NZ_MTFW01000011	35724	37913	Salmonella enterica subsp. enterica serovar Typhimurium	TssI
T6CP013053	T6SS01292	CP009537	1455143	1457347	Burkholderia pseudomallei K96243	TssI
T6CP013054	T6SS01292	CP009537	1457344	1460010	Burkholderia pseudomallei K96243	TssH
T6CP013055	T6SS01292	CP009537	1459989	1461467	Burkholderia pseudomallei K96243	TssG
T6CP013056	T6SS01292	CP009537	1461464	1463335	Burkholderia pseudomallei K96243	TssF
T6CP013057	T6SS01292	CP009537	1463340	1463888	Burkholderia pseudomallei K96243	TssE
T6CP013058	T6SS01292	CP009537	1463907	1464398	Burkholderia pseudomallei K96243	TssD
T6CP013059	T6SS01292	CP009537	1464458	1465966	Burkholderia pseudomallei K96243	TssC
T6CP013060	T6SS01292	CP009537	1465959	1466537	Burkholderia pseudomallei K96243	TssB
T6CP013061	T6SS01292	CP009537	1466600	1467679	Burkholderia pseudomallei K96243	TssA
T6CP013062	T6SS01292	CP009537	1471496	1475125	Burkholderia pseudomallei K96243	TssM
T6CP013063	T6SS01292	CP009537	1475128	1476444	Burkholderia pseudomallei K96243	TssL
T6CP013064	T6SS01292	CP009537	1476460	1477863	Burkholderia pseudomallei K96243	TssK
T6CP013065	T6SS01292	CP009537	1477860	1478378	Burkholderia pseudomallei K96243	TssJ
T6CP013066	T6SS01293	CP009537	1914678	1915217	Burkholderia pseudomallei K96243	TssB
T6CP013067	T6SS01293	CP009537	1915251	1916750	Burkholderia pseudomallei K96243	TssC
T6CP013068	T6SS01293	CP009537	1916950	1917432	Burkholderia pseudomallei K96243	TssD
T6CP013069	T6SS01293	CP009537	1917560	1918102	Burkholderia pseudomallei K96243	TssJ
T6CP013070	T6SS01293	CP009537	1918108	1919457	Burkholderia pseudomallei K96243	TssK
T6CP013071	T6SS01293	CP009537	1919454	1920755	Burkholderia pseudomallei K96243	TssL
T6CP013072	T6SS01293	CP009537	1920770	1924678	Burkholderia pseudomallei K96243	TssM
T6CP013073	T6SS01293	CP009537	1925535	1928201	Burkholderia pseudomallei K96243	TssI
T6CP013074	T6SS01293	CP009537	1934377	1935447	Burkholderia pseudomallei K96243	TssA
T6CP013075	T6SS01293	CP009537	1935466	1936515	Burkholderia pseudomallei K96243	TssG
T6CP013076	T6SS01293	CP009537	1936512	1938392	Burkholderia pseudomallei K96243	TssF
T6CP013077	T6SS01293	CP009537	1938394	1938912	Burkholderia pseudomallei K96243	TssE
T6CP013078	T6SS01293	CP009537	1941222	1943867	Burkholderia pseudomallei K96243	TssH
T6CP013079	T6SS01294	CP009537	2018346	2022422	Burkholderia pseudomallei K96243	TssM
T6CP013080	T6SS01294	CP009537	2022451	2023716	Burkholderia pseudomallei K96243	TssL
T6CP013081	T6SS01294	CP009537	2023805	2025151	Burkholderia pseudomallei K96243	TssK
T6CP013082	T6SS01294	CP009537	2025173	2025676	Burkholderia pseudomallei K96243	TssJ
T6CP013083	T6SS01294	CP009537	2025783	2026268	Burkholderia pseudomallei K96243	TssD
T6CP013084	T6SS01294	CP009537	2026385	2027884	Burkholderia pseudomallei K96243	TssC
T6CP013085	T6SS01294	CP009537	2027919	2028500	Burkholderia pseudomallei K96243	TssB
T6CP013086	T6SS01294	CP009537	2028536	2031475	Burkholderia pseudomallei K96243	TssH
T6CP013087	T6SS01294	CP009537	2033676	2034257	Burkholderia pseudomallei K96243	TssE
T6CP013088	T6SS01294	CP009537	2034300	2036177	Burkholderia pseudomallei K96243	TssF
T6CP013089	T6SS01294	CP009537	2036177	2037262	Burkholderia pseudomallei K96243	TssG
T6CP013090	T6SS01294	CP009537	2037259	2038404	Burkholderia pseudomallei K96243	TssA
T6CP013091	T6SS01294	CP009537	2038476	2040803	Burkholderia pseudomallei K96243	TssI
T6CP013092	T6SS01295	CP009537	2499073	2500011	Burkholderia pseudomallei K96243	TssA
T6CP013093	T6SS01295	CP009537	2500045	2500593	Burkholderia pseudomallei K96243	TssB
T6CP013094	T6SS01295	CP009537	2500596	2502101	Burkholderia pseudomallei K96243	TssC
T6CP013095	T6SS01295	CP009537	2502245	2502772	Burkholderia pseudomallei K96243	TssD
T6CP013096	T6SS01295	CP009537	2502852	2503283	Burkholderia pseudomallei K96243	TssE
T6CP013097	T6SS01295	CP009537	2503297	2505159	Burkholderia pseudomallei K96243	TssF
T6CP013098	T6SS01295	CP009537	2505156	2506145	Burkholderia pseudomallei K96243	TssG
T6CP013099	T6SS01295	CP009537	2506148	2509018	Burkholderia pseudomallei K96243	TssH
T6CP013100	T6SS01295	CP009537	2509009	2511300	Burkholderia pseudomallei K96243	TssI
T6CP013101	T6SS01295	CP009537	2511466	2513754	Burkholderia pseudomallei K96243	TssI
T6CP013102	T6SS01295	CP009537	2518791	2520152	Burkholderia pseudomallei K96243	TssK
T6CP013103	T6SS01295	CP009537	2520235	2521893	Burkholderia pseudomallei K96243	TssL
T6CP013104	T6SS01295	CP009537	2521890	2525393	Burkholderia pseudomallei K96243	TssM
T6CP016171	T6SS01296	NZ_DS995532	7229	9721	Bacteroides dorei DSM 17855	TssR
T6CP016172	T6SS01296	NZ_DS995532	10635	11147	Bacteroides dorei DSM 17855	TssO
T6CP016173	T6SS01296	NZ_DS995532	11682	12644	Bacteroides dorei DSM 17855	TssG
T6CP016174	T6SS01296	NZ_DS995532	13837	14715	Bacteroides dorei DSM 17855	TssN
T6CP016175	T6SS01296	NZ_DS995532	14727	16571	Bacteroides dorei DSM 17855	TssF
T6CP016176	T6SS01296	NZ_DS995532	20550	23027	Bacteroides dorei DSM 17855	TssH
T6CP016177	T6SS01296	NZ_DS995532	23293	23691	Bacteroides dorei DSM 17855	TssD
T6CP016178	T6SS01296	NZ_DS995532	27033	27506	Bacteroides dorei DSM 17855	TssB
T6CP016179	T6SS01296	NZ_DS995532	27503	28879	Bacteroides dorei DSM 17855	TssC
T6CP016180	T6SS01297	NZ_CP011525	2910641	2911726	Pseudomonas sp. JY-Q	TssI
T6CP016181	T6SS01297	NZ_CP011525	2911822	2912340	Pseudomonas sp. JY-Q	TssD
T6CP016182	T6SS01297	NZ_CP011525	2912484	2914979	Pseudomonas sp. JY-Q	TssM
T6CP016183	T6SS01297	NZ_CP011525	2914976	2915884	Pseudomonas sp. JY-Q	TagF
T6CP016184	T6SS01297	NZ_CP011525	2915881	2919684	Pseudomonas sp. JY-Q	TssM
T6CP016185	T6SS01297	NZ_CP011525	2919715	2920431	Pseudomonas sp. JY-Q	TssL
T6CP016186	T6SS01297	NZ_CP011525	2920428	2921771	Pseudomonas sp. JY-Q	TssK
T6CP016187	T6SS01297	NZ_CP011525	2921768	2922490	Pseudomonas sp. JY-Q	TssJ
T6CP016188	T6SS01297	NZ_CP011525	2922515	2925112	Pseudomonas sp. JY-Q	TssH
T6CP016189	T6SS01297	NZ_CP011525	2925109	2926179	Pseudomonas sp. JY-Q	TssG
T6CP016190	T6SS01297	NZ_CP011525	2926143	2927963	Pseudomonas sp. JY-Q	TssF
T6CP016191	T6SS01297	NZ_CP011525	2927963	2928445	Pseudomonas sp. JY-Q	TssE
T6CP016192	T6SS01297	NZ_CP011525	2928472	2929974	Pseudomonas sp. JY-Q	TssC
T6CP016193	T6SS01297	NZ_CP011525	2929989	2930528	Pseudomonas sp. JY-Q	TssB
T6CP016222	T6SS01300	LEKY01000012	91265	92050	Burkholderia gladioli	TssL
T6CP016223	T6SS01300	LEKY01000012	92047	93393	Burkholderia gladioli	TssK
T6CP016224	T6SS01300	LEKY01000012	93494	94111	Burkholderia gladioli	TssJ
T6CP016225	T6SS01300	LEKY01000012	95172	95690	Burkholderia gladioli	TssB
T6CP016226	T6SS01300	LEKY01000012	95706	97196	Burkholderia gladioli	TssC
T6CP016227	T6SS01300	LEKY01000012	97273	97776	Burkholderia gladioli	TssD
T6CP016228	T6SS01300	LEKY01000012	97865	98347	Burkholderia gladioli	TssE
T6CP016229	T6SS01300	LEKY01000012	98425	100263	Burkholderia gladioli	TssF
T6CP016230	T6SS01300	LEKY01000012	100227	101324	Burkholderia gladioli	TssG
T6CP016231	T6SS01300	LEKY01000012	101401	104076	Burkholderia gladioli	TssH
T6CP016232	T6SS01300	LEKY01000012	104214	105368	Burkholderia gladioli	TssA
T6CP016233	T6SS01300	LEKY01000012	105462	106499	Burkholderia gladioli	TagL
T6CP016234	T6SS01300	LEKY01000012	106504	107490	Burkholderia gladioli	TagF
T6CP016235	T6SS01300	LEKY01000012	107487	111362	Burkholderia gladioli	TssM
T6CP016236	T6SS01301	LEKY01000074	55199	55720	Burkholderia gladioli	TssB
T6CP016237	T6SS01301	LEKY01000074	55729	57222	Burkholderia gladioli	TssC
T6CP016238	T6SS01301	LEKY01000074	57344	57847	Burkholderia gladioli	TssD
T6CP016239	T6SS01301	LEKY01000074	57922	58743	Burkholderia gladioli	TagJ
T6CP016240	T6SS01301	LEKY01000074	58757	59260	Burkholderia gladioli	TssE
T6CP016242	T6SS01301	LEKY01000074	61120	62136	Burkholderia gladioli	TssG
T6CP016243	T6SS01301	LEKY01000074	62231	65089	Burkholderia gladioli	TssH
T6CP016244	T6SS01301	LEKY01000074	68117	70003	Burkholderia gladioli	TssI
T6CP016245	T6SS01301	LEKY01000074	70545	72629	Burkholderia gladioli	TagH
T6CP016246	T6SS01301	LEKY01000074	72698	74035	Burkholderia gladioli	TssK
T6CP016247	T6SS01301	LEKY01000074	74032	75438	Burkholderia gladioli	TssL
T6CP016248	T6SS01301	LEKY01000074	75443	79048	Burkholderia gladioli	TssM
T6CP016249	T6SS01301	LEKY01000074	79045	80688	Burkholderia gladioli	TagF
T6CP016250	T6SS01301	LEKY01000074	84909	85982	Burkholderia gladioli	TssA
T6CP207877	T6SS13923	NZ_CP056118	4465150	4467732	Enterobacter sp. DSM 30060	TssI
T6CP207878	T6SS13923	NZ_CP056118	4469044	4470510	Enterobacter sp. DSM 30060	TssI
T6CP207880	T6SS13923	NZ_CP056118	4471994	4474609	Enterobacter sp. DSM 30060	TssH
T6CP207881	T6SS13923	NZ_CP056118	4474648	4475691	Enterobacter sp. DSM 30060	TssG
T6CP207882	T6SS13923	NZ_CP056118	4475688	4477559	Enterobacter sp. DSM 30060	TssF
T6CP207883	T6SS13923	NZ_CP056118	4477562	4478125	Enterobacter sp. DSM 30060	TssE
T6CP207887	T6SS13923	NZ_CP056118	4484078	4484560	Enterobacter sp. DSM 30060	TssD
T6CP207888	T6SS13923	NZ_CP056118	4485175	4485669	Enterobacter sp. DSM 30060	Tae4
T6CP207889	T6SS13923	NZ_CP056118	4486178	4487677	Enterobacter sp. DSM 30060	TssC
T6CP207890	T6SS13923	NZ_CP056118	4487681	4488205	Enterobacter sp. DSM 30060	TssB
T6CP207891	T6SS13923	NZ_CP056118	4488281	4489297	Enterobacter sp. DSM 30060	TssA
T6CP207893	T6SS13923	NZ_CP056118	4490042	4493662	Enterobacter sp. DSM 30060	TssM
T6CP207894	T6SS13923	NZ_CP056118	4493665	4494903	Enterobacter sp. DSM 30060	TssL
T6CP207895	T6SS13923	NZ_CP056118	4494921	4496264	Enterobacter sp. DSM 30060	TssK
T6CP207896	T6SS13923	NZ_CP056118	4496293	4496796	Enterobacter sp. DSM 30060	TssJ
T6CP210266	T6SS14097	NZ_CP056776	4037435	4037938	Enterobacter cloacae	TssJ
T6CP210267	T6SS14097	NZ_CP056776	4037964	4039307	Enterobacter cloacae	TssK
T6CP210268	T6SS14097	NZ_CP056776	4039325	4040563	Enterobacter cloacae	TssL
T6CP210269	T6SS14097	NZ_CP056776	4040566	4044186	Enterobacter cloacae	TssM
T6CP210271	T6SS14097	NZ_CP056776	4044931	4045947	Enterobacter cloacae	TssA
T6CP210272	T6SS14097	NZ_CP056776	4046023	4046547	Enterobacter cloacae	TssB
T6CP210273	T6SS14097	NZ_CP056776	4046551	4048050	Enterobacter cloacae	TssC
T6CP210274	T6SS14097	NZ_CP056776	4048386	4048868	Enterobacter cloacae	TssD
T6CP210278	T6SS14097	NZ_CP056776	4054237	4054800	Enterobacter cloacae	TssE
T6CP210279	T6SS14097	NZ_CP056776	4054803	4056674	Enterobacter cloacae	TssF
T6CP210280	T6SS14097	NZ_CP056776	4056671	4057714	Enterobacter cloacae	TssG
T6CP210281	T6SS14097	NZ_CP056776	4057753	4060368	Enterobacter cloacae	TssH
T6CP210284	T6SS14097	NZ_CP056776	4067462	4069390	Enterobacter cloacae	TssI
T6CP210285	T6SS14097	NZ_CP056776	4072428	4074350	Enterobacter cloacae	TssI
T6CP210289	T6SS14098	NZ_CP056776	4305040	4305531	Enterobacter cloacae	TssB
T6CP210290	T6SS14098	NZ_CP056776	4305573	4307114	Enterobacter cloacae	TssC
T6CP210291	T6SS14098	NZ_CP056776	4307132	4308472	Enterobacter cloacae	TssK
T6CP210292	T6SS14098	NZ_CP056776	4308469	4309161	Enterobacter cloacae	TssL
T6CP210294	T6SS14098	NZ_CP056776	4320443	4323916	Enterobacter cloacae	TssM
T6CP210295	T6SS14098	NZ_CP056776	4323916	4325514	Enterobacter cloacae	TssA
T6CP210296	T6SS14098	NZ_CP056776	4328197	4329282	Enterobacter cloacae	TssG
T6CP210297	T6SS14098	NZ_CP056776	4329260	4329805	Enterobacter cloacae	TssJ
T6CP210298	T6SS14098	NZ_CP056776	4329805	4330260	Enterobacter cloacae	TssE
T6CP210299	T6SS14098	NZ_CP056776	4330284	4331600	Enterobacter cloacae	TssA
T6CP259504	T6SS17501	346T_plasmid	26951	28018	synthetic DNA construct	TssA
T6CP259505	T6SS17501	346T_plasmid	28086	28604	synthetic DNA construct	TssB
T6CP259506	T6SS17501	346T_plasmid	28638	30137	synthetic DNA construct	TssC
T6CP259507	T6SS17501	346T_plasmid	30225	30707	synthetic DNA construct	TssD
T6CP259508	T6SS17501	346T_plasmid	31717	32229	synthetic DNA construct	TssE
T6CP259509	T6SS17501	346T_plasmid	32226	34202	synthetic DNA construct	TssF
T6CP259510	T6SS17501	346T_plasmid	34199	35239	synthetic DNA construct	TssG
T6CP259511	T6SS17501	346T_plasmid	35330	37981	synthetic DNA construct	TssH
T6CP259512	T6SS17501	346T_plasmid	38125	38751	synthetic DNA construct	TssJ
T6CP259513	T6SS17501	346T_plasmid	38777	40120	synthetic DNA construct	TssK
T6CP259514	T6SS17501	346T_plasmid	40145	41410	synthetic DNA construct	TssL
T6CP259515	T6SS17501	346T_plasmid	41442	44999	synthetic DNA construct	TssM
T6CP259516	T6SS17501	346T_plasmid	45142	47415	synthetic DNA construct	TssI
T6CP259519	T6SS17503	NZ_JDWB01000021	42575	44827	Aeromonas hydrophila	TssH
T6CP259520	T6SS17503	NZ_JDWB01000021	51381	53432	Aeromonas hydrophila	TssI
T6CP259521	T6SS17503	NZ_JDWB01000021	53988	55418	Aeromonas hydrophila	TssA
T6CP259522	T6SS17503	NZ_JDWB01000021	55465	58950	Aeromonas hydrophila	TssM
T6CP259523	T6SS17503	NZ_JDWB01000021	58992	60437	Aeromonas hydrophila	TssA
T6CP259525	T6SS17503	NZ_JDWB01000021	61051	62589	Aeromonas hydrophila	VasH
T6CP259526	T6SS17503	NZ_JDWB01000021	62592	65234	Aeromonas hydrophila	TssH
T6CP259527	T6SS17503	NZ_JDWB01000021	65255	66034	Aeromonas hydrophila	TssL
T6CP259528	T6SS17503	NZ_JDWB01000021	66057	67391	Aeromonas hydrophila	TssK
T6CP259529	T6SS17503	NZ_JDWB01000021	67394	67909	Aeromonas hydrophila	TssJ
T6CP259530	T6SS17503	NZ_JDWB01000021	67909	69159	Aeromonas hydrophila	TagH
T6CP259531	T6SS17503	NZ_JDWB01000021	69216	70214	Aeromonas hydrophila	TssG
T6CP259532	T6SS17503	NZ_JDWB01000021	70178	71944	Aeromonas hydrophila	TssF
T6CP259533	T6SS17503	NZ_JDWB01000021	71948	72379	Aeromonas hydrophila	TssE
T6CP259534	T6SS17503	NZ_JDWB01000021	72386	73864	Aeromonas hydrophila	TssC
T6CP259535	T6SS17503	NZ_JDWB01000021	73903	74406	Aeromonas hydrophila	TssB
T6CP259536	T6SS17503	NZ_JDWB01000021	79971	80489	Aeromonas hydrophila	TssD
T6CP259537	T6SS17504	NZ_PQGJ01000003	455631	456596	Serratia marcescens	TssA
T6CP259538	T6SS17504	NZ_PQGJ01000003	456621	457178	Serratia marcescens	TssB
T6CP259539	T6SS17504	NZ_PQGJ01000003	457175	458701	Serratia marcescens	TssC
T6CP259540	T6SS17504	NZ_PQGJ01000003	458933	459457	Serratia marcescens	TssD
T6CP259541	T6SS17504	NZ_PQGJ01000003	459539	459985	Serratia marcescens	TssE
T6CP259542	T6SS17504	NZ_PQGJ01000003	459997	461838	Serratia marcescens	TssF
T6CP259543	T6SS17504	NZ_PQGJ01000003	461831	462859	Serratia marcescens	TssG
T6CP259544	T6SS17504	NZ_PQGJ01000003	462876	465461	Serratia marcescens	TssH
T6CP259545	T6SS17504	NZ_PQGJ01000003	465526	467787	Serratia marcescens	TssI
T6CP259546	T6SS17504	NZ_PQGJ01000003	470009	471169	Serratia marcescens	TagB
T6CP259547	T6SS17504	NZ_PQGJ01000003	471162	471776	Serratia marcescens	TagC
T6CP259548	T6SS17504	NZ_PQGJ01000003	471783	472148	Serratia marcescens	PAAR
T6CP259549	T6SS17504	NZ_PQGJ01000003	472158	472664	Serratia marcescens	TssJ
T6CP259550	T6SS17504	NZ_PQGJ01000003	472666	474024	Serratia marcescens	TssK
T6CP259551	T6SS17504	NZ_PQGJ01000003	474021	475532	Serratia marcescens	TssL
T6CP259552	T6SS17504	NZ_PQGJ01000003	475568	479047	Serratia marcescens	TssM
T6CP259553	T6SS17505	NZ_PQGJ01000003	580953	582881	Serratia marcescens	TssI
T6CP259554	T6SS17505	NZ_PQGJ01000003	583024	584469	Serratia marcescens	PpkA
T6CP259555	T6SS17505	NZ_PQGJ01000003	584519	587173	Serratia marcescens	TssH
T6CP259556	T6SS17505	NZ_PQGJ01000003	587230	588300	Serratia marcescens	TssG
T6CP259557	T6SS17505	NZ_PQGJ01000003	588297	590183	Serratia marcescens	TssF
T6CP259558	T6SS17505	NZ_PQGJ01000003	590188	590763	Serratia marcescens	TssE
T6CP259559	T6SS17505	NZ_PQGJ01000003	590766	591569	Serratia marcescens	TagJ
T6CP259560	T6SS17505	NZ_PQGJ01000003	592618	593391	Serratia marcescens	PppA
T6CP259561	T6SS17505	NZ_PQGJ01000003	593391	595118	Serratia marcescens	TagH
T6CP259562	T6SS17505	NZ_PQGJ01000003	597624	598106	Serratia marcescens	TssD
T6CP259563	T6SS17505	NZ_PQGJ01000003	598411	599916	Serratia marcescens	TssC
T6CP259564	T6SS17505	NZ_PQGJ01000003	599920	600456	Serratia marcescens	TssB
T6CP259565	T6SS17505	NZ_PQGJ01000003	600579	601610	Serratia marcescens	TssA
T6CP259566	T6SS17505	NZ_PQGJ01000003	601634	602353	Serratia marcescens	TagF
T6CP259567	T6SS17505	NZ_PQGJ01000003	602372	606007	Serratia marcescens	TssM
T6CP259568	T6SS17505	NZ_PQGJ01000003	606007	607209	Serratia marcescens	TssL
T6CP259569	T6SS17505	NZ_PQGJ01000003	607231	608577	Serratia marcescens	TssK
T6CP259570	T6SS17505	NZ_PQGJ01000003	608618	609148	Serratia marcescens	TssJ
T6CP259571	T6SS17505	NZ_PQGJ01000003	609727	610119	Serratia marcescens	PAAR
T6CP259572	T6SS17505	NZ_PQGJ01000003	615577	617916	Serratia marcescens	TssI
T6CP259573	T6SS17506	NZ_SRJG01000005	345059	345559	Aliivibrio fischeri	TssJ
T6CP259574	T6SS17506	NZ_SRJG01000005	345571	346896	Aliivibrio fischeri	TssK
T6CP259575	T6SS17506	NZ_SRJG01000005	346893	347684	Aliivibrio fischeri	TssL
T6CP259576	T6SS17506	NZ_SRJG01000005	352287	352976	Aliivibrio fischeri	TssL
T6CP259577	T6SS17506	NZ_SRJG01000005	369086	370393	Aliivibrio fischeri	TssA
T6CP259578	T6SS17506	NZ_SRJG01000005	370428	373826	Aliivibrio fischeri	TssM
T6CP259579	T6SS17506	NZ_SRJG01000005	374383	375381	Aliivibrio fischeri	TssG
T6CP259580	T6SS17506	NZ_SRJG01000005	375378	377126	Aliivibrio fischeri	TssF
T6CP259581	T6SS17506	NZ_SRJG01000005	377139	377549	Aliivibrio fischeri	TssE
T6CP259582	T6SS17506	NZ_SRJG01000005	377609	379087	Aliivibrio fischeri	TssC
T6CP259583	T6SS17506	NZ_SRJG01000005	379096	379605	Aliivibrio fischeri	TssB
T6CP259584	T6SS17506	NZ_SRJG01000005	379664	381223	Aliivibrio fischeri	TssA
T6CP259585	T6SS17506	NZ_SRJG01000005	387078	389156	Aliivibrio fischeri	TssI
T6CP259586	T6SS17506	NZ_SRJG01000005	389226	389744	Aliivibrio fischeri	TssD
T6CP259587	T6SS17506	NZ_SRJG01000005	390210	392876	Aliivibrio fischeri	TssH
T6CP259588	T6SS17507	NC_007347	1848935	1850080	Cupriavidus pinatubonensis JMP134	TssA
T6CP259589	T6SS17507	NC_007347	1850094	1854242	Cupriavidus pinatubonensis JMP134	TssM
T6CP259590	T6SS17507	NC_007347	1854280	1855032	Cupriavidus pinatubonensis JMP134	TssL
T6CP259591	T6SS17507	NC_007347	1855058	1856386	Cupriavidus pinatubonensis JMP134	TssK
T6CP259592	T6SS17507	NC_007347	1856453	1856965	Cupriavidus pinatubonensis JMP134	TssJ
T6CP259594	T6SS17507	NC_007347	1862870	1864798	Cupriavidus pinatubonensis JMP134	TssI
T6CP259595	T6SS17507	NC_007347	1864803	1867499	Cupriavidus pinatubonensis JMP134	TssH
T6CP259596	T6SS17507	NC_007347	1867512	1868585	Cupriavidus pinatubonensis JMP134	TssG
T6CP259597	T6SS17507	NC_007347	1868540	1870291	Cupriavidus pinatubonensis JMP134	TssF
T6CP259598	T6SS17507	NC_007347	1870293	1870757	Cupriavidus pinatubonensis JMP134	TssE
T6CP259599	T6SS17507	NC_007347	1870799	1871281	Cupriavidus pinatubonensis JMP134	TssD
T6CP259600	T6SS17507	NC_007347	1871383	1872885	Cupriavidus pinatubonensis JMP134	TssC
T6CP259601	T6SS17507	NC_007347	1872929	1873477	Cupriavidus pinatubonensis JMP134	TssB
T6CP259617	T6SS17509	NC_012721	1382281	1385334	Burkholderia glumae BGR1	TssI
T6CP259618	T6SS17509	NC_012721	1393584	1394141	Burkholderia glumae BGR1	TssJ
T6CP259619	T6SS17509	NC_012721	1394290	1395411	Burkholderia glumae BGR1	TssG
T6CP259620	T6SS17509	NC_012721	1395408	1397222	Burkholderia glumae BGR1	TssF
T6CP259621	T6SS17509	NC_012721	1397235	1398821	Burkholderia glumae BGR1	TssA
T6CP259622	T6SS17509	NC_012721	1398818	1402342	Burkholderia glumae BGR1	TssM
T6CP259623	T6SS17509	NC_012721	1404933	1405184	Burkholderia glumae BGR1	PAAR
T6CP259624	T6SS17509	NC_012721	1409841	1412201	Burkholderia glumae BGR1	TssI
T6CP259625	T6SS17509	NC_012721	1412299	1413831	Burkholderia glumae BGR1	TssC
T6CP259626	T6SS17509	NC_012721	1413874	1414386	Burkholderia glumae BGR1	TssB
T6CP259627	T6SS17509	NC_012721	1414882	1416234	Burkholderia glumae BGR1	TssK
T6CP259628	T6SS17509	NC_012721	1416231	1416962	Burkholderia glumae BGR1	TssL
T6CP259629	T6SS17509	NC_012721	1416959	1418767	Burkholderia glumae BGR1	TssL
T6CP259630	T6SS17509	NC_012721	1418865	1419350	Burkholderia glumae BGR1	TssD
T6CP259631	T6SS17509	NC_012721	1419488	1422196	Burkholderia glumae BGR1	TssH
T6CP259632	T6SS17509	NC_012721	1422210	1422638	Burkholderia glumae BGR1	TssE
T6CP259633	T6SS17510	NC_012721	878998	880143	Burkholderia glumae BGR1	TssA
T6CP259634	T6SS17510	NC_012721	880140	884159	Burkholderia glumae BGR1	TssM
T6CP259635	T6SS17510	NC_012721	884185	884964	Burkholderia glumae BGR1	TssL
T6CP259636	T6SS17510	NC_012721	884957	886405	Burkholderia glumae BGR1	TssK
T6CP259637	T6SS17510	NC_012721	891621	894263	Burkholderia glumae BGR1	TssI
T6CP259638	T6SS17510	NC_012721	894260	895399	Burkholderia glumae BGR1	TssG
T6CP259639	T6SS17510	NC_012721	895419	897269	Burkholderia glumae BGR1	TssF
T6CP259640	T6SS17510	NC_012721	897277	897654	Burkholderia glumae BGR1	TssE
T6CP259641	T6SS17510	NC_012721	897718	898275	Burkholderia glumae BGR1	TssD
T6CP259642	T6SS17510	NC_012721	898308	900488	Burkholderia glumae BGR1	TssC
